order_item_id,order_id,r_id,f_id,price,quantity,line_amount
1,1,366828,fd538029,223,1,223
2,2,100236,fd1042651,87,1,87
3,2,100236,fd499871,197,1,197
4,2,100236,fd52023,241,1,241
5,2,100236,fd939967,123,1,123
6,3,224710,fd1274,120,1,120
7,3,224710,fd47270,70,1,70
8,3,224710,fd5404,90,1,90
9,3,224710,fd47161,60,1,60
10,4,379140,fd50804,77,1,77
11,5,508894,fd298756,62,1,62
12,5,508894,fd17774,60,1,60
13,6,511965,fd348357,152,1,152
14,6,511965,fd310458,311,1,311
15,7,509065,fd377459,219,2,438
16,8,50671,fd317920,100,1,100
17,9,477473,fd419560,125,1,125
18,9,477473,fd958479,76,1,76
19,9,477473,fd419560,125,1,125
20,10,393834,fd760332,88,1,88
21,11,332045,fd19851,140,1,140
22,11,332045,fd136921,163,1,163
23,12,46712,fd834159,65,1,65
24,12,46712,fd120202,53,1,53
25,12,46712,fd261496,131,1,131
26,12,46712,fd18407,113,2,226
27,12,46712,fd228307,54,2,108
28,13,421074,fd800383,119,1,119
29,13,421074,fd92401,58,1,58
30,13,421074,fd381931,50,1,50
31,13,421074,fd800383,119,1,119
32,14,434374,fd992310,176,1,176
33,15,374222,fd106767,93,1,93
34,15,374222,fd106767,93,1,93
35,15,374222,fd265795,74,1,74
36,16,442546,fd539214,90,1,90
37,16,442546,fd539214,90,1,90
38,17,359468,fd266269,109,1,109
39,18,22404,fd725876,257,1,257
40,18,22404,fd911399,234,1,234
41,18,22404,fd911399,234,1,234
42,19,525799,fd857108,245,2,490
43,20,76397,fd5792,275,1,275
44,20,76397,fd5835,149,1,149
45,20,76397,fd5760,129,1,129
46,20,76397,fd112893,255,1,255
47,21,210509,fd1048185,85,1,85
48,22,548301,fd145212,120,1,120
49,22,548301,fd810228,79,2,158
50,23,453436,fd922869,214,1,214
51,24,61983,fd958565,88,1,88
52,24,61983,fd341437,227,3,681
53,25,106261,fd90579,53,1,53
54,25,106261,fd357914,51,1,51
55,25,106261,fd357214,132,1,132
56,26,281229,fd240055,190,2,380
57,27,14439,fd618288,150,1,150
58,27,14439,fd159736,222,2,444
59,27,14439,fd99113,338,1,338
60,28,452254,fd508409,210,1,210
61,28,452254,fd131918,323,1,323
62,28,452254,fd508409,210,2,420
63,29,9830,fd923860,307,1,307
64,30,438671,fd30700,128,1,128
65,30,438671,fd769367,108,1,108
66,31,223395,fd174289,104,1,104
67,32,484596,fd422027,348,1,348
68,32,484596,fd715747,235,1,235
69,33,352313,fd835754,120,1,120
70,33,352313,fd777627,144,1,144
71,34,258392,fd59082,100,1,100
72,34,258392,fd650679,100,1,100
73,34,258392,fd646889,105,1,105
74,34,258392,fd650830,150,1,150
75,34,258392,fd650690,290,1,290
76,35,477530,fd485834,32,1,32
77,35,477530,fd615808,81,1,81
78,36,254364,fd2694,139,2,278
79,36,254364,fd926808,151,1,151
80,37,433669,fd97307,68,1,68
81,37,433669,fd6453,99,1,99
82,38,483755,fd20237,94,1,94
83,38,483755,fd657529,208,1,208
84,39,55633,fd750595,189,1,189
85,39,55633,fd365965,104,1,104
86,39,55633,fd54020,67,1,67
87,40,572677,fd300976,156,1,156
88,40,572677,fd232995,112,1,112
89,41,261729,fd505038,76,1,76
90,41,261729,fd840756,85,1,85
91,42,238769,fd548242,320,1,320
92,42,238769,fd548250,200,3,600
93,43,404680,fd523826,202,1,202
94,43,404680,fd315252,112,1,112
95,44,94193,fd215676,81,1,81
96,44,94193,fd917781,114,2,228
97,44,94193,fd357295,196,1,196
98,45,43727,fd140333,132,1,132
99,45,43727,fd664282,156,1,156
100,46,204348,fd794575,329,1,329
101,46,204348,fd666741,245,2,490
102,47,146481,fd880766,79,1,79
103,47,146481,fd15135,168,3,504
104,47,146481,fd15135,168,3,504
105,47,146481,fd880766,79,1,79
106,48,487445,fd3848,120,2,240
107,49,244228,fd1010573,50,1,50
108,50,395577,fd478786,40,2,80
109,50,395577,fd74059,46,1,46
110,51,243736,fd734855,164,1,164
111,51,243736,fd895094,214,1,214
112,51,243736,fd636055,129,1,129
113,51,243736,fd14026,210,1,210
114,51,243736,fd925025,155,1,155
115,52,381270,fd589084,113,1,113
116,52,381270,fd510807,128,1,128
117,52,381270,fd114256,175,2,350
118,53,370341,fd1002446,86,1,86
119,53,370341,fd1002446,86,2,172
120,54,468270,fd379972,105,1,105
121,54,468270,fd247952,167,2,334
122,54,468270,fd55538,129,2,258
123,55,495655,fd83471,73,1,73
124,56,466318,fd542409,144,1,144
125,57,288399,fd650032,311,1,311
126,57,288399,fd450400,302,1,302
127,58,259205,fd364676,195,2,390
128,58,259205,fd270507,123,2,246
129,58,259205,fd51179,223,2,446
130,58,259205,fd604485,265,1,265
131,58,259205,fd787144,161,1,161
132,59,54977,fd755844,200,1,200
133,59,54977,fd755844,200,1,200
134,60,446568,fd803446,25,1,25
135,60,446568,fd803451,381,2,763
136,61,382780,fd91228,209,1,209
137,61,382780,fd288805,110,1,110
138,62,441738,fd1026588,295,2,590
139,62,441738,fd435233,326,1,326
140,63,15713,fd90025,171,1,171
141,64,124209,fd647484,114,1,114
142,65,58022,fd611932,244,2,488
143,66,576899,fd202551,85,2,170
144,66,576899,fd202551,85,2,170
145,67,111411,fd942950,77,1,77
146,67,111411,fd489018,61,1,61
147,67,111411,fd264182,76,1,76
148,68,333843,fd43665,120,2,240
149,68,333843,fd43665,120,3,360
150,69,484971,fd518209,116,1,116
151,69,484971,fd312866,153,1,153
152,70,377523,fd1229,25,1,26
153,70,377523,fd748277,42,1,43
154,71,243441,fd15241,450,1,450
155,71,243441,fd36213,210,1,210
156,72,548823,fd348396,119,1,119
157,73,16374,fd37379,133,1,133
158,73,16374,fd886952,135,1,135
159,73,16374,fd487391,67,1,67
160,74,429425,fd328982,162,1,162
161,74,429425,fd354258,57,1,57
162,75,352907,fd58851,217,2,434
163,76,72165,fd419075,157,2,314
164,77,465861,fd950310,69,1,69
165,78,148216,fd222665,165,1,165
166,79,182734,fd464103,72,1,72
167,80,566203,fd868106,97,1,97
168,80,566203,fd276896,100,1,100
169,81,335177,fd122397,50,1,50
170,82,513194,fd415359,147,1,147
171,83,379393,fd439428,233,1,233
172,83,379393,fd264080,240,1,240
173,83,379393,fd629511,213,1,213
174,84,461882,fd1012018,169,2,338
175,84,461882,fd846198,227,1,227
176,84,461882,fd112358,146,1,146
177,84,461882,fd842026,188,1,188
178,85,208628,fd15899,75,1,75
179,86,452971,fd192961,69,1,69
180,87,142005,fd710216,168,1,168
181,88,156122,fd153814,285,2,570
182,89,65168,fd513827,216,1,216
183,89,65168,fd199595,244,1,244
184,89,65168,fd341292,221,1,221
185,89,65168,fd765135,181,2,362
186,90,376052,fd13632,71,2,142
187,91,143980,fd791470,165,2,330
188,91,143980,fd1023311,138,1,138
189,91,143980,fd78025,173,1,173
190,92,548453,fd277093,106,1,106
191,92,548453,fd223678,65,1,65
192,93,173117,fd72377,155,1,155
193,93,173117,fd886585,53,1,53
194,93,173117,fd7258,136,1,136
195,94,35053,fd514226,77,1,77
196,94,35053,fd8138,28,1,28
197,94,35053,fd568191,51,2,102
198,95,96043,fd497781,313,1,313
199,96,442035,fd905591,86,2,172
200,96,442035,fd905591,86,2,172
201,96,442035,fd103166,75,1,75
202,97,245136,fd181996,74,1,74
203,98,451455,fd17885,166,2,332
204,98,451455,fd214059,89,2,178
205,98,451455,fd71913,162,2,324
206,98,451455,fd680091,221,2,442
207,99,383712,fd636913,95,1,95
208,99,383712,fd636913,95,1,95
209,100,473204,fd169422,25,2,50
210,101,24417,fd221934,267,1,267
211,102,28981,fd326672,95,1,95
212,102,28981,fd326623,330,1,330
213,103,567953,fd902149,239,1,239
214,103,567953,fd153209,237,1,237
215,104,16511,fd343390,54,1,54
216,104,16511,fd562473,96,1,96
217,104,16511,fd1042948,79,1,79
218,105,436125,fd874391,145,1,145
219,106,1125,fd935498,295,1,295
220,106,1125,fd234236,164,1,164
221,107,40359,fd145727,151,2,302
222,107,40359,fd145727,151,1,151
223,107,40359,fd431781,100,1,100
224,108,128810,fd900376,146,1,146
225,108,128810,fd877609,145,1,145
226,108,128810,fd103344,137,2,274
227,109,145671,fd17729,76,2,152
228,109,145671,fd991424,54,2,108
229,110,529310,fd153403,233,1,233
230,111,509897,fd1032720,74,2,148
231,112,27481,fd770528,134,3,402
232,112,27481,fd422707,160,2,320
233,112,27481,fd560250,109,2,218
234,112,27481,fd320597,135,1,135
235,113,24670,fd166053,293,1,293
236,114,346200,fd862726,279,1,279
237,114,346200,fd961265,251,1,251
238,114,346200,fd862726,279,2,558
239,115,262078,fd1005421,78,3,234
240,116,470595,fd514953,160,1,160
241,116,470595,fd514944,260,1,260
242,116,470595,fd514953,160,1,160
243,117,337775,fd249302,56,1,56
244,117,337775,fd2020,144,1,144
245,117,337775,fd602043,91,1,91
246,118,345639,fd657302,63,1,63
247,119,523084,fd774337,115,1,115
248,120,552002,fd755644,92,1,92
249,120,552002,fd62942,127,3,381
250,121,442044,fd774115,175,1,175
251,121,442044,fd653034,127,1,127
252,121,442044,fd653034,127,1,127
253,121,442044,fd858212,127,1,127
254,121,442044,fd1046421,177,1,177
255,122,509008,fd854735,253,2,506
256,122,509008,fd676293,270,1,270
257,122,509008,fd968195,293,2,586
258,123,327755,fd524929,158,2,316
259,124,39368,fd4227,255,3,765
260,125,118043,fd7327,140,1,140
261,125,118043,fd500176,57,1,57
262,125,118043,fd7327,140,2,280
263,126,384967,fd25000,99,1,99
264,127,65736,fd407077,178,1,178
265,128,232600,fd447518,168,1,168
266,128,232600,fd936202,121,1,121
267,128,232600,fd828392,70,1,70
268,128,232600,fd447518,168,1,168
269,129,32559,fd8498,75,1,75
270,129,32559,fd351827,115,1,115
271,129,32559,fd847745,95,1,95
272,129,32559,fd134128,125,2,250
273,130,313218,fd234736,387,1,387
274,130,313218,fd709301,388,1,388
275,130,313218,fd200113,341,1,341
276,131,80697,fd509962,100,1,100
277,131,80697,fd463577,76,1,76
278,131,80697,fd14470,66,2,132
279,132,41270,fd321654,185,1,185
280,132,41270,fd321654,185,1,185
281,132,41270,fd457097,137,1,137
282,132,41270,fd200763,108,1,108
283,133,337861,fd114533,641,3,1923
284,133,337861,fd155456,496,1,496
285,133,337861,fd667847,373,2,746
286,134,118644,fd827996,166,1,166
287,135,468991,fd115716,53,1,53
288,135,468991,fd683695,34,1,34
289,136,442281,fd922956,103,1,103
290,137,73807,fd705176,291,1,291
291,138,244287,fd615949,315,2,630
292,138,244287,fd615949,315,1,315
293,138,244287,fd73019,120,1,120
294,138,244287,fd451922,336,1,336
295,139,474162,fd149827,140,1,140
296,140,186452,fd19230,114,1,114
297,141,546299,fd791055,209,1,209
298,141,546299,fd791055,209,1,209
299,141,546299,fd548405,181,2,362
300,142,434794,fd860168,177,1,177
301,142,434794,fd881832,93,1,93
302,143,451978,fd21664,304,1,304
303,143,451978,fd989159,133,1,133
304,144,130357,fd222712,136,1,136
305,144,130357,fd516722,199,1,199
306,145,525182,fd816,50,1,50
307,146,89473,fd997519,130,2,260
308,147,479182,fd668707,97,1,97
309,147,479182,fd108621,171,3,513
310,147,479182,fd290918,175,2,350
311,148,493258,fd815973,25,1,25
312,148,493258,fd20929,230,1,230
313,149,336920,fd40063,159,1,159
314,150,337196,fd132102,173,1,173
315,150,337196,fd1038959,54,1,54
316,151,211873,fd578270,114,3,342
317,152,562948,fd685389,77,1,77
318,153,484793,fd441510,221,1,221
319,153,484793,fd441510,221,1,221
320,153,484793,fd701149,173,1,173
321,154,460783,fd419200,53,1,53
322,154,460783,fd872386,159,1,159
323,154,460783,fd872386,159,1,159
324,155,66473,fd963854,284,2,568
325,156,77093,fd908732,384,1,384
326,156,77093,fd168912,349,2,698
327,157,58637,fd34131,380,1,380
328,157,58637,fd225408,480,1,480
329,157,58637,fd47226,360,1,360
330,157,58637,fd38000,280,1,280
331,158,251656,fd653318,170,1,170
332,158,251656,fd728784,444,2,888
333,159,95922,fd501606,202,1,202
334,160,349811,fd421534,128,2,256
335,161,268871,fd987644,58,2,116
336,161,268871,fd165179,97,1,97
337,161,268871,fd597129,110,1,110
338,161,268871,fd104915,108,1,108
339,162,413481,fd294251,65,1,65
340,162,413481,fd695553,129,1,129
341,163,364940,fd719412,331,2,662
342,164,488201,fd421606,172,1,172
343,165,319462,fd5191,90,2,180
344,166,360391,fd40049,103,1,103
345,167,111879,fd1011216,66,1,66
346,167,111879,fd925951,111,1,111
347,168,547802,fd149521,164,1,164
348,168,547802,fd145726,79,1,79
349,168,547802,fd502691,152,1,152
350,169,380812,fd297183,201,2,402
351,170,510823,fd555848,336,1,336
352,170,510823,fd192307,175,1,175
353,170,510823,fd149668,181,3,543
354,170,510823,fd712936,396,1,396
355,171,14670,fd816687,163,1,163
356,172,150823,fd850539,99,1,99
357,172,150823,fd594387,111,1,111
358,172,150823,fd850539,99,3,297
359,172,150823,fd197797,106,3,318
360,173,518304,fd359011,112,2,224
361,174,415123,fd763447,58,1,58
362,175,486588,fd162162,257,1,257
363,175,486588,fd876685,118,2,236
364,176,305451,fd633111,129,1,129
365,176,305451,fd339861,57,1,57
366,176,305451,fd668781,54,1,54
367,176,305451,fd339861,57,1,57
368,177,329229,fd98454,40,2,80
369,177,329229,fd6763,160,1,160
370,177,329229,fd3986,160,1,160
371,178,123411,fd857352,102,1,102
372,178,123411,fd815628,188,1,188
373,179,317680,fd134960,219,1,219
374,179,317680,fd134960,219,1,219
375,180,253701,fd829968,176,1,176
376,180,253701,fd829968,176,2,352
377,181,357912,fd915641,163,1,163
378,181,357912,fd157798,181,1,181
379,182,193476,fd23127,230,1,230
380,182,193476,fd1047324,227,1,227
381,182,193476,fd706311,93,1,93
382,183,559370,fd533808,56,1,56
383,183,559370,fd763392,100,1,100
384,183,559370,fd533808,56,1,56
385,183,559370,fd522321,111,1,111
386,184,302079,fd84116,60,2,120
387,184,302079,fd5715,180,1,180
388,185,432505,fd799613,163,1,163
389,185,432505,fd126872,96,1,96
390,186,409321,fd118851,89,1,89
391,186,409321,fd118851,89,1,89
392,187,16655,fd844175,367,1,367
393,188,364881,fd745377,69,1,69
394,188,364881,fd217185,50,1,50
395,188,364881,fd701076,34,1,34
396,188,364881,fd93418,71,1,71
397,189,231990,fd259127,147,1,147
398,190,23081,fd602697,910,1,910
399,190,23081,fd293775,947,3,2841
400,190,23081,fd720934,470,1,470
401,190,23081,fd958321,470,1,470
402,191,34714,fd193396,253,1,253
403,192,414550,fd31024,250,1,250
404,193,371601,fd155202,276,3,828
405,193,371601,fd299865,339,1,339
406,193,371601,fd806353,197,1,197
407,194,196725,fd885325,444,2,888
408,195,387015,fd516432,267,1,267
409,195,387015,fd608783,136,1,136
410,195,387015,fd886405,222,1,222
411,195,387015,fd31487,129,1,129
412,195,387015,fd270601,159,3,477
413,195,387015,fd516432,267,2,534
414,196,62320,fd661975,254,1,254
415,196,62320,fd153544,214,1,214
416,197,60585,fd97743,61,2,122
417,197,60585,fd814919,129,1,129
418,198,375775,fd611984,257,1,257
419,198,375775,fd547344,163,1,163
420,199,442642,fd98743,147,1,147
421,200,435962,fd240364,428,1,428
422,201,323659,fd707434,108,1,108
423,201,323659,fd480659,227,1,227
424,201,323659,fd750962,161,3,483
425,202,244113,fd1447,45,3,135
426,202,244113,fd471466,135,2,270
427,202,244113,fd471457,195,1,195
428,202,244113,fd471447,215,1,215
429,203,573203,fd57000,168,1,168
430,203,573203,fd911623,134,2,268
431,203,573203,fd714834,117,2,234
432,204,291861,fd127981,156,1,156
433,205,206764,fd222364,224,1,224
434,205,206764,fd394534,158,1,158
435,205,206764,fd456268,87,1,87
436,205,206764,fd222364,224,1,224
437,205,206764,fd394534,158,1,158
438,206,503759,fd490537,278,1,278
439,206,503759,fd158643,91,1,91
440,207,423685,fd46137,52,1,52
441,207,423685,fd826018,168,1,168
442,208,21130,fd12029,53,2,106
443,208,21130,fd268109,27,2,54
444,209,371935,fd410911,116,1,116
445,209,371935,fd316538,245,1,245
446,210,521740,fd355088,158,1,158
447,210,521740,fd372007,290,2,580
448,210,521740,fd372007,290,1,290
449,211,220196,fd268736,63,1,63
450,212,336063,fd78713,158,1,158
451,213,48663,fd1018619,261,1,261
452,214,256254,fd332862,310,1,310
453,214,256254,fd783771,235,1,235
454,215,119758,fd162451,167,1,167
455,215,119758,fd162451,167,1,167
456,215,119758,fd442326,193,1,193
457,215,119758,fd218943,121,2,242
458,215,119758,fd63285,173,1,173
459,216,351480,fd897206,78,1,78
460,217,349011,fd384552,230,1,230
461,218,369448,fd548085,105,3,315
462,218,369448,fd314,201,1,201
463,219,119517,fd344605,196,1,196
464,220,22839,fd746908,135,1,135
465,220,22839,fd840221,356,1,356
466,221,136621,fd17639,75,1,75
467,221,136621,fd20764,36,1,36
468,222,490158,fd264596,101,1,101
469,222,490158,fd752389,162,1,162
470,222,490158,fd752389,162,1,162
471,222,490158,fd583617,79,1,79
472,223,67796,fd177100,541,1,541
473,224,106200,fd47583,127,1,127
474,224,106200,fd425199,251,1,251
475,225,525401,fd455368,190,1,190
476,225,525401,fd264219,118,1,118
477,225,525401,fd28765,244,1,244
478,225,525401,fd893791,148,1,148
479,226,477526,fd255978,20,1,20
480,226,477526,fd735609,20,1,20
481,226,477526,fd255978,20,1,20
482,227,56349,fd79161,40,2,80
483,227,56349,fd658746,31,1,31
484,228,568190,fd166065,79,1,79
485,228,568190,fd82219,100,3,300
486,229,227561,fd138451,207,1,207
487,229,227561,fd176080,136,1,136
488,230,540887,fd331761,110,1,110
489,230,540887,fd211836,110,1,110
490,230,540887,fd163011,100,1,100
491,231,361091,fd79140,1219,3,3657
492,231,361091,fd79173,989,1,989
493,232,572810,fd974849,102,1,102
494,232,572810,fd906074,97,1,97
495,232,572810,fd180279,209,1,209
496,233,202654,fd555267,110,1,110
497,233,202654,fd644309,139,1,139
498,234,559786,fd68474,50,1,50
499,234,559786,fd68476,60,1,60
500,234,559786,fd91528,60,1,60
501,235,141984,fd469009,204,1,204
502,235,141984,fd587307,143,2,286
503,236,515774,fd958315,41,2,82
504,236,515774,fd318685,55,1,55
505,237,373352,fd138937,189,1,189
506,237,373352,fd182364,168,1,168
507,238,502122,fd171313,71,1,71
508,238,502122,fd408896,162,1,162
509,238,502122,fd408896,162,1,162
510,238,502122,fd747232,144,1,144
511,239,162587,fd288124,215,1,215
512,239,162587,fd1041491,126,1,126
513,239,162587,fd324093,83,1,83
514,240,68851,fd840738,144,1,144
515,241,251644,fd531907,69,2,138
516,241,251644,fd254136,67,1,67
517,241,251644,fd70142,85,1,85
518,242,522552,fd669588,504,1,504
519,242,522552,fd1379,200,1,200
520,243,23890,fd917536,218,1,218
521,243,23890,fd357264,190,1,190
522,244,425659,fd20690,208,1,208
523,245,217040,fd545348,109,3,327
524,245,217040,fd201850,258,1,258
525,245,217040,fd108630,150,1,150
526,245,217040,fd545348,109,1,109
527,245,217040,fd287567,202,1,202
528,246,562278,fd480701,136,1,136
529,247,51753,fd481147,358,1,358
530,247,51753,fd236214,438,1,438
531,248,51525,fd654864,156,1,156
532,248,51525,fd776627,115,3,345
533,248,51525,fd851974,167,1,167
534,249,376549,fd226615,177,1,177
535,249,376549,fd226615,177,1,177
536,249,376549,fd663598,71,1,71
537,250,114019,fd2731,110,1,110
538,250,114019,fd513495,125,1,125
539,251,168630,fd863022,175,1,175
540,251,168630,fd94397,161,1,161
541,252,375081,fd807485,246,2,492
542,252,375081,fd924582,268,2,536
543,253,293166,fd793348,149,1,149
544,253,293166,fd805792,144,1,144
545,253,293166,fd793348,149,1,149
546,254,519204,fd74073,650,1,650
547,255,399601,fd77790,81,1,81
548,255,399601,fd250040,192,1,192
549,256,498292,fd880523,209,1,209
550,256,498292,fd880569,343,2,686
551,256,498292,fd880515,183,1,183
552,256,498292,fd880520,193,1,193
553,257,425775,fd144001,144,1,144
554,258,359829,fd461381,106,3,318
555,258,359829,fd810162,183,1,183
556,258,359829,fd391993,347,1,347
557,259,370018,fd619319,92,1,92
558,259,370018,fd525910,144,2,288
559,260,375782,fd561242,98,2,196
560,261,219918,fd466521,115,1,115
561,261,219918,fd1017215,82,2,164
562,261,219918,fd974162,67,1,67
563,262,561485,fd461802,123,1,123
564,262,561485,fd955436,109,1,109
565,263,523802,fd300819,70,1,70
566,263,523802,fd300819,70,1,70
567,264,389305,fd146921,211,3,633
568,264,389305,fd116657,279,1,279
569,264,389305,fd533921,272,1,272
570,265,105037,fd73945,149,1,149
571,265,105037,fd955419,111,2,222
572,266,571280,fd346537,250,1,250
573,266,571280,fd898348,131,1,131
574,266,571280,fd381549,99,1,99
575,267,278909,fd1423,219,1,219
576,267,278909,fd19460,239,1,239
577,268,361625,fd416950,194,1,194
578,269,461687,fd654820,94,1,94
579,269,461687,fd675415,122,1,122
580,270,30577,fd962147,76,1,76
581,271,448056,fd718912,132,2,264
582,272,300202,fd177509,248,1,248
583,272,300202,fd95667,282,2,564
584,273,400758,fd97332,101,1,101
585,273,400758,fd156823,64,1,64
586,273,400758,fd245962,105,1,105
587,273,400758,fd245962,105,1,105
588,274,193441,fd7257,150,1,150
589,275,413939,fd958430,85,1,85
590,275,413939,fd570613,170,1,170
591,275,413939,fd51277,94,1,94
592,276,458995,fd172607,230,1,230
593,276,458995,fd240064,92,1,92
594,276,458995,fd101550,169,1,169
595,277,132105,fd783283,55,1,55
596,277,132105,fd32806,95,1,95
597,277,132105,fd384602,93,1,93
598,278,35897,fd411391,303,1,303
599,278,35897,fd845216,171,1,171
600,278,35897,fd787124,404,3,1212
601,278,35897,fd411391,303,2,606
602,278,35897,fd852878,393,1,393
603,279,328038,fd499251,194,1,194
604,279,328038,fd928396,308,1,308
605,280,548180,fd410159,219,1,219
606,280,548180,fd830302,100,1,100
607,280,548180,fd583928,152,1,152
608,280,548180,fd297003,82,1,82
609,280,548180,fd410159,219,1,219
610,281,551155,fd67181,54,1,54
611,281,551155,fd721040,47,1,47
612,282,480820,fd855432,119,1,119
613,282,480820,fd855432,119,1,119
614,282,480820,fd15161,197,1,197
615,282,480820,fd15161,197,1,197
616,283,126281,fd792154,193,3,579
617,283,126281,fd697048,218,2,436
618,283,126281,fd796792,239,1,239
619,284,516218,fd606694,88,2,176
620,285,558056,fd73601,126,1,126
621,285,558056,fd856276,119,1,119
622,285,558056,fd191284,164,1,164
623,286,134529,fd168,280,1,280
624,287,504354,fd1641,102,3,306
625,288,147963,fd497825,165,3,495
626,289,450740,fd647714,194,1,194
627,290,555732,fd175776,124,2,248
628,290,555732,fd158610,150,1,150
629,290,555732,fd158610,150,1,150
630,291,395841,fd1013129,218,1,218
631,291,395841,fd538888,161,1,161
632,291,395841,fd925517,165,1,165
633,292,397911,fd312873,209,1,209
634,292,397911,fd55007,174,2,348
635,293,539722,fd273753,90,2,180
636,294,249204,fd750557,134,1,134
637,295,510464,fd661090,156,1,156
638,295,510464,fd661090,156,1,156
639,296,386603,fd754802,190,1,190
640,296,386603,fd359514,136,1,136
641,297,62462,fd142282,107,1,107
642,298,452597,fd403369,148,2,296
643,299,416408,fd330877,384,1,384
644,299,416408,fd677101,314,1,314
645,299,416408,fd624963,252,1,252
646,300,505979,fd155895,147,1,147
647,301,577359,fd465026,253,1,253
648,302,573927,fd203573,225,1,225
649,302,573927,fd203573,225,2,450
650,303,73349,fd190456,220,1,220
651,303,73349,fd496300,158,1,158
652,303,73349,fd521357,211,1,211
653,303,73349,fd74460,154,1,154
654,304,454048,fd334409,109,1,109
655,304,454048,fd134811,97,1,97
656,305,108484,fd867245,116,1,116
657,306,458693,fd669507,297,1,297
658,306,458693,fd16980,188,2,376
659,307,17173,fd383774,70,1,70
660,307,17173,fd245550,106,2,212
661,308,442294,fd207017,113,1,113
662,308,442294,fd640850,165,1,165
663,308,442294,fd512644,260,1,260
664,309,475317,fd1023956,236,3,708
665,309,475317,fd358971,238,1,238
666,310,208618,fd887074,66,2,132
667,310,208618,fd196066,186,1,186
668,311,276843,fd48527,77,1,77
669,311,276843,fd996654,80,1,80
670,311,276843,fd996654,80,1,80
671,311,276843,fd33324,118,1,118
672,311,276843,fd749283,81,1,81
673,311,276843,fd7995,117,1,117
674,312,528416,fd207873,60,1,60
675,313,558280,fd153280,121,1,121
676,313,558280,fd93434,108,1,108
677,313,558280,fd264944,157,2,314
678,314,456639,fd455296,105,1,105
679,314,456639,fd455307,468,2,936
680,315,84456,fd273019,201,1,201
681,315,84456,fd333930,133,2,266
682,315,84456,fd928635,120,1,120
683,316,407292,fd907785,218,1,218
684,317,102492,fd874288,131,1,131
685,317,102492,fd874288,131,1,131
686,317,102492,fd979498,84,1,84
687,318,18455,fd341338,255,1,255
688,318,18455,fd679536,149,2,298
689,319,76050,fd118515,52,1,52
690,320,335059,fd997241,48,2,96
691,321,418529,fd129601,260,1,260
692,321,418529,fd129595,230,1,230
693,322,546460,fd768347,51,1,51
694,322,546460,fd116550,166,3,498
695,323,11395,fd192883,378,1,378
696,324,486672,fd278093,191,1,191
697,324,486672,fd278093,191,2,382
698,325,477901,fd65917,221,1,221
699,325,477901,fd670141,112,1,112
700,325,477901,fd915009,145,1,145
701,325,477901,fd47225,171,1,171
702,325,477901,fd65917,221,3,663
703,325,477901,fd515408,263,1,263
704,326,220972,fd92019,135,3,405
705,326,220972,fd704166,93,2,186
706,327,5882,fd756262,639,1,639
707,328,558598,fd661797,97,1,97
708,328,558598,fd639670,56,3,168
709,328,558598,fd639670,56,1,56
710,328,558598,fd920341,80,1,80
711,329,484179,fd38739,310,1,310
712,329,484179,fd2460,270,1,270
713,329,484179,fd16500,240,1,240
714,330,102166,fd928362,164,1,164
715,330,102166,fd928362,164,1,164
716,330,102166,fd928362,164,1,164
717,331,109451,fd105580,191,1,191
718,331,109451,fd498192,197,1,197
719,331,109451,fd16162,76,1,76
720,331,109451,fd104387,83,1,83
721,332,136594,fd726162,69,1,69
722,332,136594,fd177221,102,1,102
723,333,455954,fd795,250,1,250
724,334,272267,fd307980,153,1,153
725,334,272267,fd307980,153,1,153
726,335,42565,fd743747,55,2,110
727,335,42565,fd30543,65,1,65
728,336,71403,fd54124,118,1,118
729,336,71403,fd112170,219,1,219
730,336,71403,fd1043763,212,1,212
731,337,357851,fd2086,180,1,180
732,337,357851,fd4365,65,1,65
733,338,375233,fd126686,139,1,139
734,338,375233,fd801847,244,1,244
735,339,538395,fd712924,108,1,108
736,339,538395,fd1045476,82,1,82
737,339,538395,fd366678,50,1,50
738,340,49041,fd597943,187,1,187
739,341,217806,fd947024,130,1,130
740,341,217806,fd284464,75,1,75
741,341,217806,fd947028,105,1,105
742,341,217806,fd947051,60,1,60
743,341,217806,fd2619,60,1,60
744,342,261581,fd1022249,114,1,114
745,342,261581,fd243092,160,1,160
746,343,305316,fd766373,165,1,165
747,343,305316,fd313527,86,1,86
748,344,59708,fd648517,329,1,329
749,345,226432,fd755234,245,1,245
750,346,428281,fd995390,218,1,218
751,346,428281,fd207446,106,1,106
752,347,226592,fd476410,92,1,92
753,347,226592,fd160138,90,1,90
754,347,226592,fd106371,131,1,131
755,347,226592,fd476410,92,1,92
756,348,4775,fd958183,132,1,132
757,348,4775,fd552874,257,1,257
758,349,279584,fd532901,51,1,51
759,349,279584,fd532901,51,2,102
760,349,279584,fd85709,83,1,83
761,349,279584,fd532901,51,1,51
762,350,40466,fd1038708,165,1,165
763,351,519196,fd920831,168,1,168
764,351,519196,fd361611,106,1,106
765,352,445791,fd654155,147,2,294
766,353,445158,fd726240,223,2,446
767,353,445158,fd677673,134,1,134
768,354,503183,fd558895,159,1,159
769,354,503183,fd870922,234,1,234
770,354,503183,fd260454,249,1,249
771,354,503183,fd485802,139,1,139
772,355,562198,fd76493,172,1,172
773,355,562198,fd508959,163,1,163
774,356,126700,fd547123,163,1,163
775,357,558086,fd150735,150,1,150
776,357,558086,fd1005049,77,1,77
777,357,558086,fd63564,209,1,209
778,358,127364,fd56159,164,2,328
779,358,127364,fd881773,325,1,325
780,358,127364,fd519911,301,1,301
781,359,420837,fd556723,215,1,215
782,359,420837,fd199044,249,1,249
783,360,449704,fd54558,61,3,183
784,360,449704,fd840415,65,1,65
785,360,449704,fd54558,61,2,122
786,360,449704,fd294709,112,1,112
787,361,333677,fd888876,132,1,132
788,362,246165,fd102155,130,1,130
789,362,246165,fd949184,310,1,310
790,363,137655,fd133280,226,2,452
791,363,137655,fd98931,203,1,203
792,363,137655,fd607148,133,1,133
793,364,262680,fd217941,346,1,346
794,364,262680,fd130227,319,1,319
795,364,262680,fd217941,346,1,346
796,365,414258,fd1008440,263,1,263
797,366,263409,fd135333,69,1,69
798,366,263409,fd131295,112,1,112
799,367,424729,fd776997,180,1,180
800,368,391128,fd611916,56,1,56
801,368,391128,fd464623,125,1,125
802,368,391128,fd164011,174,1,174
803,368,391128,fd308564,61,1,61
804,368,391128,fd730700,147,1,147
805,369,382375,fd285809,100,1,100
806,369,382375,fd285809,100,1,100
807,369,382375,fd939102,91,1,91
808,370,357428,fd500752,209,1,209
809,370,357428,fd781272,78,1,78
810,370,357428,fd436291,92,1,92
811,370,357428,fd133617,112,1,112
812,370,357428,fd456901,93,3,279
813,371,54623,fd417419,315,1,315
814,371,54623,fd306763,101,1,101
815,372,306332,fd818252,46,1,46
816,372,306332,fd612577,48,1,48
817,373,58732,fd691610,98,1,98
818,373,58732,fd380277,100,1,100
819,374,402127,fd108815,112,2,224
820,375,453877,fd653171,254,1,254
821,375,453877,fd952509,334,1,334
822,375,453877,fd422674,149,1,149
823,375,453877,fd538390,189,1,189
824,375,453877,fd422674,149,1,149
825,375,453877,fd952509,334,1,334
826,376,542364,fd391282,120,1,120
827,377,537745,fd477048,53,1,53
828,378,110303,fd143649,259,1,259
829,378,110303,fd621012,334,2,668
830,379,65851,fd455294,299,1,299
831,380,316580,fd801736,40,1,40
832,380,316580,fd563577,87,1,87
833,380,316580,fd1031483,56,3,168
834,381,563232,fd1721,110,1,110
835,382,10817,fd1016390,141,2,282
836,382,10817,fd764740,202,1,202
837,382,10817,fd1016390,141,1,141
838,383,98352,fd863333,76,1,76
839,383,98352,fd250437,163,1,163
840,383,98352,fd863333,76,1,76
841,384,170555,fd720690,55,2,110
842,384,170555,fd896022,93,1,93
843,385,385076,fd387761,51,1,51
844,386,119363,fd692702,63,2,126
845,386,119363,fd372735,105,1,105
846,387,238203,fd128221,123,1,123
847,388,342663,fd865542,219,1,219
848,389,373846,fd871651,100,1,100
849,390,42153,fd827943,100,1,100
850,391,340129,fd780561,80,1,80
851,391,340129,fd143255,121,1,121
852,392,511255,fd910335,280,2,560
853,392,511255,fd251234,305,1,305
854,392,511255,fd153442,278,1,278
855,393,510961,fd886716,196,1,196
856,393,510961,fd958452,163,1,163
857,393,510961,fd141275,138,3,414
858,393,510961,fd492851,208,1,208
859,394,274261,fd131978,70,1,70
860,394,274261,fd437887,61,1,61
861,395,69138,fd9219,296,1,297
862,396,392591,fd177141,642,1,642
863,396,392591,fd575129,656,1,656
864,397,426931,fd411707,78,2,156
865,397,426931,fd662041,96,1,96
866,397,426931,fd659707,126,1,126
867,398,127195,fd901,275,1,275
868,398,127195,fd88600,210,1,210
869,399,69860,fd683448,177,1,177
870,400,339945,fd245952,151,1,151
871,400,339945,fd910823,294,1,294
872,401,525042,fd422826,149,1,149
873,401,525042,fd23516,109,1,109
874,401,525042,fd320384,210,1,210
875,401,525042,fd422813,140,1,140
876,401,525042,fd422812,149,1,149
877,402,124198,fd329347,394,2,788
878,402,124198,fd989433,300,1,300
879,402,124198,fd665403,355,1,355
880,403,466798,fd406520,143,1,143
881,403,466798,fd464978,170,1,170
882,404,67633,fd76098,98,1,98
883,405,481506,fd508503,109,1,109
884,406,111006,fd490803,177,1,177
885,407,355888,fd292621,109,1,109
886,408,447124,fd1020710,309,1,309
887,409,69061,fd1007571,202,1,202
888,409,69061,fd1011626,214,1,214
889,410,130193,fd48468,195,1,195
890,410,130193,fd103796,315,1,315
891,410,130193,fd101858,155,1,155
892,411,68521,fd126708,135,2,270
893,411,68521,fd921484,112,1,112
894,411,68521,fd890043,53,1,53
895,412,82818,fd874759,78,1,78
896,413,573915,fd409839,160,1,160
897,413,573915,fd860797,88,1,88
898,413,573915,fd370884,255,1,255
899,413,573915,fd409839,160,1,160
900,414,237562,fd222713,74,1,74
901,414,237562,fd897027,104,1,104
902,414,237562,fd494747,38,2,76
903,415,106660,fd128137,179,1,179
904,416,47488,fd70274,306,1,306
905,416,47488,fd70274,306,1,306
906,417,250072,fd680523,139,1,139
907,418,364054,fd67044,99,2,198
908,418,364054,fd212637,230,2,460
909,419,41035,fd634869,253,1,253
910,420,128464,fd8402,68,2,136
911,420,128464,fd8402,68,2,136
912,420,128464,fd8402,68,1,68
913,421,394934,fd260683,80,1,80
914,421,394934,fd817500,58,1,58
915,421,394934,fd352403,114,2,228
916,422,308616,fd240170,64,1,64
917,422,308616,fd9307,146,1,146
918,423,472828,fd402099,112,1,112
919,424,114210,fd459309,109,1,109
920,424,114210,fd77437,104,2,208
921,424,114210,fd674650,64,3,192
922,425,473261,fd483320,126,1,126
923,425,473261,fd863457,84,1,84
924,425,473261,fd836635,99,1,99
925,426,507787,fd351549,64,3,192
926,426,507787,fd85952,72,1,72
927,427,235282,fd947878,159,1,159
928,428,185063,fd396637,157,1,157
929,428,185063,fd174331,197,1,197
930,428,185063,fd514146,206,3,618
931,429,324604,fd57810,63,2,126
932,429,324604,fd614379,126,1,126
933,429,324604,fd732120,117,1,117
934,430,91834,fd706761,43,1,43
935,430,91834,fd419918,46,1,46
936,430,91834,fd386764,65,3,195
937,430,91834,fd386764,65,1,65
938,430,91834,fd706761,43,1,43
939,431,454561,fd230693,48,1,48
940,432,389457,fd1218,112,1,112
941,432,389457,fd386382,246,1,246
942,432,389457,fd386372,189,1,189
943,433,123546,fd570450,184,1,184
944,433,123546,fd920937,154,1,154
945,433,123546,fd274369,249,1,249
946,433,123546,fd574167,226,1,226
947,434,389835,fd121933,100,1,100
948,434,389835,fd332713,156,1,156
949,435,293513,fd3998,145,1,145
950,435,293513,fd3963,320,1,320
951,435,293513,fd2624,350,1,350
952,436,551719,fd828396,70,1,70
953,436,551719,fd165789,101,1,101
954,437,292262,fd98682,358,3,1074
955,438,266275,fd922992,118,1,118
956,438,266275,fd437985,75,1,75
957,438,266275,fd606197,74,1,74
958,439,226190,fd703296,100,1,100
959,439,226190,fd703286,130,1,130
960,439,226190,fd13492,140,1,140
961,439,226190,fd4974,100,1,100
962,440,562020,fd37868,130,1,130
963,441,387356,fd36494,202,2,404
964,442,543171,fd669668,84,1,84
965,442,543171,fd903400,101,1,101
966,442,543171,fd669668,84,1,84
967,442,543171,fd797921,134,1,134
968,443,31195,fd957418,849,1,849
969,444,42397,fd520109,176,1,176
970,444,42397,fd158589,70,1,70
971,444,42397,fd1038444,147,1,147
972,444,42397,fd158589,70,1,70
973,445,552462,fd966807,163,1,163
974,446,150298,fd208668,231,1,231
975,446,150298,fd208668,231,2,462
976,447,38127,fd236531,338,1,338
977,447,38127,fd888824,445,1,445
978,448,361382,fd734545,155,1,155
979,449,566538,fd20220,164,1,164
980,449,566538,fd339304,169,1,169
981,449,566538,fd922792,310,1,310
982,450,42037,fd722870,272,1,272
983,451,528997,fd918416,180,1,180
984,451,528997,fd918414,180,1,180
985,452,64776,fd370484,165,1,165
986,453,51283,fd209180,100,1,100
987,453,51283,fd605306,247,3,741
988,454,442044,fd1046421,177,1,177
989,454,442044,fd858212,127,1,127
990,455,548651,fd214837,117,1,117
991,456,385130,fd640705,133,1,133
992,457,46024,fd54285,144,1,144
993,457,46024,fd603163,80,1,80
994,458,375292,fd178833,170,1,170
995,458,375292,fd692529,138,1,138
996,459,478410,fd644200,287,1,287
997,459,478410,fd373120,300,1,300
998,460,90079,fd668602,131,1,131
999,460,90079,fd931079,114,1,114
1000,460,90079,fd771756,148,1,148
1001,461,521007,fd88936,240,1,240
1002,461,521007,fd380458,334,1,334
1003,462,4064,fd274012,187,1,187
1004,463,420026,fd950482,101,1,101
1005,464,381380,fd624255,114,1,114
1006,464,381380,fd983823,170,2,340
1007,464,381380,fd498744,62,1,62
1008,465,401500,fd389536,183,1,183
1009,466,442061,fd541588,164,1,164
1010,466,442061,fd103516,118,1,118
1011,467,508177,fd801323,82,1,82
1012,467,508177,fd798628,81,1,81
1013,468,334321,fd742307,152,2,304
1014,468,334321,fd853850,247,1,247
1015,469,484363,fd98071,153,1,153
1016,470,423959,fd240113,311,2,622
1017,471,140285,fd56277,230,1,230
1018,471,140285,fd56255,70,1,70
1019,471,140285,fd56260,80,1,80
1020,471,140285,fd10260,40,1,40
1021,471,140285,fd56253,65,3,195
1022,472,513129,fd115858,62,2,124
1023,472,513129,fd903805,64,1,64
1024,472,513129,fd738324,38,1,38
1025,473,336041,fd49012,65,1,65
1026,473,336041,fd194678,87,1,87
1027,473,336041,fd140523,54,1,54
1028,473,336041,fd49012,65,1,65
1029,474,265487,fd877686,72,1,72
1030,474,265487,fd814970,66,1,66
1031,475,95762,fd400308,73,1,73
1032,475,95762,fd400308,73,1,73
1033,475,95762,fd43009,119,1,119
1034,476,410295,fd288742,42,1,42
1035,476,410295,fd515424,20,2,40
1036,476,410295,fd168884,24,1,24
1037,477,395801,fd12526,69,1,69
1038,477,395801,fd157815,69,2,138
1039,478,132105,fd783283,55,1,55
1040,478,132105,fd384602,93,2,186
1041,478,132105,fd32806,95,1,95
1042,479,47099,fd320595,88,3,264
1043,480,229738,fd449797,236,1,236
1044,480,229738,fd140942,287,1,287
1045,480,229738,fd449797,236,1,236
1046,480,229738,fd567664,363,1,363
1047,481,90035,fd63554,178,1,178
1048,481,90035,fd494094,477,1,477
1049,482,418196,fd912449,110,1,110
1050,483,17874,fd559471,197,1,197
1051,484,147244,fd10282,400,1,400
1052,484,147244,fd216006,50,1,50
1053,484,147244,fd329,65,1,65
1054,485,209601,fd236160,274,1,274
1055,486,314705,fd760,70,1,70
1056,486,314705,fd831061,162,2,324
1057,487,336094,fd656175,68,1,68
1058,487,336094,fd656175,68,1,68
1059,488,486426,fd955816,133,2,266
1060,488,486426,fd524086,65,1,65
1061,488,486426,fd629500,113,1,113
1062,489,453744,fd450450,114,1,114
1063,489,453744,fd52536,126,1,126
1064,489,453744,fd241675,75,2,150
1065,489,453744,fd930657,146,1,146
1066,489,453744,fd612735,159,1,159
1067,490,146705,fd707659,78,1,78
1068,491,92998,fd5970,150,1,150
1069,491,92998,fd3958,270,1,270
1070,491,92998,fd18634,125,1,125
1071,491,92998,fd818,150,1,150
1072,491,92998,fd592707,50,1,50
1073,492,498071,fd377219,161,2,322
1074,493,439875,fd897857,93,2,186
1075,494,481050,fd260813,104,1,104
1076,494,481050,fd630143,173,1,173
1077,495,328017,fd739833,109,1,109
1078,495,328017,fd993257,199,1,199
1079,495,328017,fd112907,196,1,196
1080,496,157939,fd834777,210,1,210
1081,496,157939,fd739540,109,3,327
1082,496,157939,fd178464,229,1,229
1083,497,439202,fd274426,101,1,101
1084,498,470212,fd701852,137,1,137
1085,499,543377,fd435525,163,1,163
1086,499,543377,fd828592,179,1,179
1087,500,328828,fd353339,179,1,179
1088,500,328828,fd368545,104,1,104
1089,500,328828,fd153132,103,1,103
1090,501,115678,fd581262,111,1,111
1091,501,115678,fd735409,133,2,266
1092,502,503136,fd1669,209,3,627
1093,502,503136,fd831544,139,2,278
1094,502,503136,fd402972,65,1,65
1095,503,411024,fd810558,79,1,79
1096,503,411024,fd874044,42,1,42
1097,503,411024,fd245947,131,1,131
1098,503,411024,fd352539,77,1,77
1099,503,411024,fd884081,106,1,106
1100,504,573527,fd83656,222,3,666
1101,504,573527,fd165239,163,1,163
1102,504,573527,fd782300,169,1,169
1103,504,573527,fd193505,254,1,254
1104,505,316929,fd57547,86,2,172
1105,505,316929,fd427161,185,1,185
1106,505,316929,fd427824,207,1,207
1107,506,20941,fd3185,259,1,259
1108,506,20941,fd3185,259,1,259
1109,507,48275,fd823408,108,1,108
1110,507,48275,fd751568,53,2,106
1111,508,421739,fd540819,192,2,384
1112,508,421739,fd448713,134,1,134
1113,509,219069,fd922548,119,1,119
1114,509,219069,fd87341,94,1,94
1115,510,194005,fd818472,55,1,55
1116,510,194005,fd195003,10,3,30
1117,510,194005,fd818464,45,1,45
1118,510,194005,fd993655,25,2,50
1119,511,476547,fd1018090,196,1,196
1120,511,476547,fd758602,170,1,170
1121,512,290553,fd429099,122,1,122
1122,512,290553,fd429099,122,1,122
1123,512,290553,fd565475,161,1,161
1124,513,159052,fd837325,334,1,334
1125,513,159052,fd691549,216,1,216
1126,513,159052,fd551964,334,1,334
1127,514,35278,fd769237,348,1,348
1128,514,35278,fd455518,540,1,540
1129,515,181447,fd320672,112,1,112
1130,515,181447,fd320672,112,1,112
1131,515,181447,fd860788,51,1,51
1132,515,181447,fd236054,76,1,76
1133,515,181447,fd401156,94,2,188
1134,516,363664,fd853993,119,1,119
1135,517,475734,fd19629,106,1,106
1136,517,475734,fd464132,176,1,176
1137,517,475734,fd712819,142,1,142
1138,518,549452,fd126521,95,2,190
1139,518,549452,fd106995,139,1,139
1140,518,549452,fd69340,64,3,192
1141,518,549452,fd435908,137,1,137
1142,519,245456,fd5699,165,1,165
1143,520,52911,fd257360,120,1,120
1144,521,308352,fd921772,212,1,212
1145,521,308352,fd617287,167,1,167
1146,522,59002,fd146797,235,2,470
1147,522,59002,fd456766,355,1,355
1148,522,59002,fd103519,257,1,257
1149,522,59002,fd1026855,183,1,183
1150,522,59002,fd103519,257,1,257
1151,522,59002,fd146797,235,2,470
1152,523,515420,fd516595,205,2,410
1153,523,515420,fd783612,86,1,86
1154,524,214083,fd142499,88,1,88
1155,525,239124,fd440482,130,1,130
1156,525,239124,fd828321,132,1,132
1157,526,551034,fd468714,235,1,235
1158,527,549347,fd373763,131,1,131
1159,527,549347,fd132428,100,1,100
1160,528,175026,fd122639,79,1,79
1161,529,404078,fd779299,105,1,105
1162,529,404078,fd469567,222,1,222
1163,529,404078,fd6447,135,1,135
1164,529,404078,fd6447,135,2,270
1165,530,522135,fd1013312,172,1,172
1166,531,361094,fd81699,649,1,649
1167,531,361094,fd77805,48,1,48
1168,532,565558,fd541598,73,1,73
1169,532,565558,fd541598,73,1,73
1170,533,544376,fd1004879,197,1,197
1171,533,544376,fd39357,191,1,191
1172,534,44119,fd307728,238,1,238
1173,534,44119,fd200784,165,1,165
1174,535,565443,fd819363,44,1,44
1175,536,252391,fd373489,52,1,52
1176,536,252391,fd801664,34,1,34
1177,537,43190,fd535497,109,1,109
1178,538,421289,fd334984,58,1,58
1179,538,421289,fd341770,94,1,94
1180,539,83682,fd134692,264,3,792
1181,539,83682,fd543807,204,2,408
1182,539,83682,fd543807,204,1,204
1183,539,83682,fd185396,273,2,546
1184,540,35715,fd319958,401,2,802
1185,540,35715,fd811289,139,1,139
1186,541,456157,fd305252,209,1,209
1187,541,456157,fd171072,176,1,176
1188,541,456157,fd886106,245,1,245
1189,541,456157,fd778875,179,3,537
1190,542,198441,fd53821,55,1,55
1191,543,181157,fd221019,308,1,308
1192,543,181157,fd833044,289,1,289
1193,543,181157,fd859489,168,1,168
1194,544,203605,fd7468,72,2,144
1195,544,203605,fd800155,53,2,106
1196,545,398284,fd846418,74,1,74
1197,545,398284,fd967438,47,1,47
1198,545,398284,fd115007,54,1,54
1199,545,398284,fd967438,47,1,47
1200,545,398284,fd912208,88,1,88
1201,545,398284,fd115007,54,1,54
1202,546,499734,fd663748,192,3,576
1203,546,499734,fd716658,199,2,398
1204,547,523645,fd476970,196,1,196
1205,547,523645,fd342321,145,1,145
1206,548,284683,fd896607,506,1,506
1207,548,284683,fd567822,904,2,1808
1208,549,100714,fd104256,78,1,78
1209,549,100714,fd104256,78,1,78
1210,550,323605,fd71,70,1,70
1211,550,323605,fd794958,196,1,196
1212,550,323605,fd141900,125,1,125
1213,550,323605,fd71,70,1,70
1214,551,320822,fd44212,236,1,236
1215,551,320822,fd176018,105,2,210
1216,551,320822,fd884686,209,1,209
1217,551,320822,fd299620,78,1,78
1218,552,466733,fd5231,75,1,75
1219,552,466733,fd927718,65,1,65
1220,553,479193,fd655249,100,1,100
1221,554,147460,fd1794,285,1,285
1222,554,147460,fd41124,183,1,183
1223,555,559813,fd10542,89,3,267
1224,556,62074,fd1034857,139,1,139
1225,556,62074,fd374078,159,1,159
1226,556,62074,fd956975,78,1,78
1227,557,58751,fd502493,192,1,192
1228,558,402957,fd601739,207,1,207
1229,559,503373,fd183394,202,1,202
1230,560,454182,fd216108,116,1,116
1231,560,454182,fd320128,94,1,94
1232,561,493044,fd575896,87,1,87
1233,561,493044,fd497066,78,1,78
1234,562,97135,fd1017236,359,1,359
1235,562,97135,fd613213,183,1,183
1236,563,547683,fd573149,196,1,196
1237,563,547683,fd572230,201,1,201
1238,564,256018,fd87650,75,1,75
1239,564,256018,fd340080,113,1,113
1240,564,256018,fd636248,74,1,74
1241,564,256018,fd972832,122,1,122
1242,564,256018,fd895096,64,1,64
1243,564,256018,fd879057,116,1,116
1244,565,344761,fd675070,187,3,561
1245,565,344761,fd675070,187,1,187
1246,565,344761,fd760857,218,3,654
1247,566,86787,fd471906,53,3,159
1248,566,86787,fd426225,54,1,54
1249,566,86787,fd275246,78,1,78
1250,567,223409,fd1047570,308,1,308
1251,567,223409,fd1047570,308,1,308
1252,568,109746,fd683204,56,2,112
1253,568,109746,fd683204,56,1,56
1254,569,341572,fd135545,159,1,159
1255,570,543765,fd597596,231,1,231
1256,570,543765,fd824021,264,1,264
1257,571,267174,fd491479,569,1,569
1258,571,267174,fd49817,455,3,1365
1259,571,267174,fd845379,546,1,546
1260,571,267174,fd454440,239,1,239
1261,572,414150,fd204520,91,1,91
1262,572,414150,fd303,128,2,256
1263,573,447144,fd1038453,199,1,199
1264,573,447144,fd1040462,209,1,209
1265,573,447144,fd681,209,1,209
1266,574,365575,fd278898,118,1,118
1267,575,37825,fd948100,190,2,380
1268,575,37825,fd948100,190,1,190
1269,576,443866,fd808257,146,1,146
1270,576,443866,fd632773,84,1,84
1271,577,136902,fd1040502,64,1,64
1272,577,136902,fd466897,129,2,258
1273,577,136902,fd466897,129,1,129
1274,578,124208,fd696487,104,1,104
1275,579,88755,fd852066,392,2,784
1276,580,556668,fd254513,78,2,156
1277,581,94422,fd911793,162,2,324
1278,581,94422,fd893521,81,1,81
1279,581,94422,fd354492,148,1,148
1280,581,94422,fd893521,81,1,81
1281,582,55748,fd138033,152,1,152
1282,582,55748,fd531027,214,3,642
1283,583,543066,fd418452,151,2,302
1284,584,336164,fd90622,141,1,141
1285,585,138012,fd363355,267,1,267
1286,585,138012,fd264201,110,1,110
1287,585,138012,fd809242,232,1,232
1288,586,42244,fd798645,260,1,260
1289,586,42244,fd798645,260,1,260
1290,587,430901,fd220483,82,2,164
1291,588,208175,fd247649,177,1,177
1292,588,208175,fd247649,177,2,354
1293,589,154852,fd596218,180,1,180
1294,589,154852,fd122965,88,1,88
1295,590,63381,fd196585,189,1,189
1296,591,574811,fd826665,318,1,318
1297,591,574811,fd1004666,130,1,130
1298,592,481730,fd508811,234,1,234
1299,592,481730,fd508811,234,1,234
1300,593,5290,fd266325,74,1,74
1301,594,206851,fd127249,130,1,130
1302,594,206851,fd8062,164,1,164
1303,594,206851,fd127249,130,2,260
1304,595,41128,fd727036,64,1,64
1305,595,41128,fd36471,131,1,131
1306,595,41128,fd664670,70,1,70
1307,596,326390,fd567657,192,1,192
1308,597,147455,fd47222,235,1,235
1309,597,147455,fd916474,189,1,189
1310,597,147455,fd10469,50,1,50
1311,598,524742,fd44130,215,1,215
1312,598,524742,fd44147,110,1,110
1313,598,524742,fd44139,40,1,40
1314,598,524742,fd669328,195,1,195
1315,599,541792,fd62129,247,1,247
1316,599,541792,fd630711,214,1,214
1317,599,541792,fd111138,221,1,221
1318,599,541792,fd123988,336,1,336
1319,600,344203,fd1044378,161,1,161
1320,601,261243,fd4787,221,1,221
1321,602,422469,fd225049,235,1,235
1322,602,422469,fd102802,87,1,87
1323,602,422469,fd155125,200,1,200
1324,602,422469,fd854446,105,1,105
1325,602,422469,fd551857,211,1,211
1326,602,422469,fd155125,200,1,200
1327,603,348970,fd181370,173,1,173
1328,604,568031,fd778649,115,1,115
1329,605,11160,fd72709,244,1,244
1330,606,260499,fd4066,105,1,105
1331,607,386272,fd41938,79,1,79
1332,607,386272,fd290364,151,1,151
1333,608,380461,fd3801,133,1,133
1334,609,128157,fd860906,253,1,253
1335,609,128157,fd1006508,145,1,145
1336,609,128157,fd932411,251,1,251
1337,610,98902,fd30397,37,2,74
1338,610,98902,fd152725,90,1,90
1339,611,247652,fd43599,110,1,110
1340,611,247652,fd248915,90,1,90
1341,611,247652,fd278173,80,1,80
1342,611,247652,fd43526,90,3,270
1343,612,343743,fd365501,226,1,226
1344,612,343743,fd708777,153,1,153
1345,613,384872,fd195301,96,1,96
1346,614,512989,fd24985,635,1,635
1347,615,1708,fd23078,80,1,80
1348,615,1708,fd319339,95,1,95
1349,615,1708,fd23078,80,1,80
1350,616,287605,fd163984,52,1,52
1351,616,287605,fd710224,154,1,154
1352,616,287605,fd406932,107,1,107
1353,616,287605,fd710224,154,1,154
1354,617,190623,fd1037937,217,1,217
1355,617,190623,fd643177,91,1,91
1356,617,190623,fd857163,105,1,105
1357,618,157468,fd457276,127,1,127
1358,618,157468,fd786381,115,1,115
1359,618,157468,fd658043,167,2,334
1360,619,446,fd370830,129,1,129
1361,619,446,fd222460,123,1,123
1362,619,446,fd365702,200,1,200
1363,619,446,fd185045,213,1,213
1364,620,154325,fd386531,98,1,98
1365,620,154325,fd833968,94,1,94
1366,620,154325,fd81717,137,1,137
1367,620,154325,fd833968,94,1,94
1368,620,154325,fd833968,94,2,188
1369,621,137973,fd951508,64,1,64
1370,621,137973,fd831228,172,1,172
1371,621,137973,fd951508,64,1,64
1372,621,137973,fd831228,172,1,172
1373,622,171690,fd589302,68,1,68
1374,623,386642,fd1010477,146,1,146
1375,623,386642,fd216827,162,1,162
1376,624,521228,fd364237,170,1,170
1377,625,575444,fd764742,99,1,99
1378,626,472495,fd42880,299,2,598
1379,626,472495,fd130636,299,1,299
1380,626,472495,fd120484,229,1,229
1381,626,472495,fd6017,249,1,249
1382,626,472495,fd856093,199,1,199
1383,626,472495,fd93908,269,1,269
1384,627,552578,fd320111,147,1,147
1385,627,552578,fd668990,172,1,172
1386,627,552578,fd725835,114,1,114
1387,627,552578,fd725835,114,1,114
1388,628,382895,fd889217,101,1,101
1389,629,44361,fd4088,389,1,389
1390,629,44361,fd2694,248,1,248
1391,630,131705,fd678078,295,1,295
1392,631,183466,fd144032,51,1,51
1393,632,365221,fd784641,179,1,179
1394,632,365221,fd566596,138,3,414
1395,633,556710,fd81871,86,1,86
1396,633,556710,fd228058,65,1,65
1397,633,556710,fd29387,135,1,135
1398,633,556710,fd81871,86,1,86
1399,634,807,fd835127,159,2,318
1400,635,164446,fd916018,143,1,143
1401,635,164446,fd107977,135,1,135
1402,636,374568,fd1047667,84,1,84
1403,636,374568,fd118750,137,1,137
1404,637,33484,fd124256,205,1,205
1405,638,260935,fd658036,101,1,101
1406,639,542233,fd922191,144,2,288
1407,639,542233,fd165752,66,1,66
1408,640,291062,fd357093,125,1,125
1409,640,291062,fd342408,155,3,465
1410,640,291062,fd411676,141,1,141
1411,641,420461,fd295930,351,1,351
1412,642,64771,fd347581,72,1,72
1413,642,64771,fd785970,239,1,239
1414,643,542071,fd906893,255,1,255
1415,644,98199,fd747954,222,1,222
1416,644,98199,fd540067,167,1,167
1417,645,121836,fd855089,75,1,75
1418,646,340517,fd213942,126,3,378
1419,646,340517,fd968622,123,1,123
1420,646,340517,fd203793,83,1,83
1421,647,397477,fd127257,82,1,82
1422,647,397477,fd36831,107,1,107
1423,647,397477,fd221067,170,1,170
1424,648,115632,fd449494,96,1,96
1425,649,97625,fd669323,105,1,105
1426,649,97625,fd396698,69,2,138
1427,649,97625,fd318368,147,1,147
1428,649,97625,fd281489,168,1,168
1429,650,480678,fd640785,161,1,161
1430,650,480678,fd863169,215,1,215
1431,651,362042,fd773744,116,1,116
1432,652,112698,fd968623,236,1,236
1433,652,112698,fd968623,236,3,708
1434,652,112698,fd197505,142,1,142
1435,653,201846,fd251004,163,1,163
1436,653,201846,fd306578,87,1,87
1437,654,19842,fd454042,223,1,223
1438,655,317489,fd284838,131,1,131
1439,655,317489,fd53396,191,1,191
1440,655,317489,fd178075,263,1,263
1441,656,488271,fd910323,199,2,398
1442,656,488271,fd910323,199,1,199
1443,657,329664,fd67568,52,1,52
1444,657,329664,fd430100,167,1,167
1445,657,329664,fd906430,135,1,135
1446,657,329664,fd385002,167,1,167
1447,658,413468,fd979270,106,1,106
1448,658,413468,fd907627,90,1,90
1449,659,561717,fd379241,36,1,36
1450,659,561717,fd123644,41,1,41
1451,660,200723,fd434323,76,1,76
1452,660,200723,fd434323,76,1,76
1453,660,200723,fd640894,149,2,298
1454,660,200723,fd258593,141,1,141
1455,660,200723,fd931628,137,1,137
1456,661,24046,fd245768,270,1,270
1457,661,24046,fd448288,188,1,188
1458,662,218249,fd367157,85,1,85
1459,662,218249,fd114298,111,1,111
1460,662,218249,fd501822,73,1,73
1461,663,100666,fd451713,277,1,277
1462,663,100666,fd158774,349,3,1047
1463,664,29783,fd8472,155,1,155
1464,665,530618,fd7766,96,1,96
1465,665,530618,fd29421,135,1,135
1466,665,530618,fd1237,227,2,454
1467,665,530618,fd545,227,2,454
1468,665,530618,fd34429,250,1,250
1469,666,414833,fd427442,98,1,98
1470,666,414833,fd836734,97,2,194
1471,667,223399,fd320547,107,1,107
1472,668,565336,fd946436,210,1,210
1473,669,344260,fd34945,256,1,256
1474,669,344260,fd255882,198,1,198
1475,670,526905,fd149840,88,2,176
1476,670,526905,fd149840,88,1,88
1477,671,355875,fd89040,81,1,81
1478,671,355875,fd944339,175,1,175
1479,671,355875,fd914596,59,2,118
1480,671,355875,fd647889,143,1,143
1481,672,357274,fd907671,39,1,39
1482,672,357274,fd992564,97,1,97
1483,672,357274,fd615934,126,1,126
1484,672,357274,fd992564,97,1,97
1485,673,436798,fd293786,379,1,379
1486,673,436798,fd293786,379,2,758
1487,674,109497,fd723985,104,1,104
1488,675,556148,fd735651,81,1,81
1489,675,556148,fd515657,88,1,88
1490,675,556148,fd735651,81,1,81
1491,676,178582,fd981432,224,1,224
1492,676,178582,fd950943,320,1,320
1493,677,513573,fd372714,82,1,82
1494,677,513573,fd2973,62,1,62
1495,678,58022,fd594710,77,1,77
1496,678,58022,fd89488,188,1,188
1497,679,223246,fd557015,69,1,69
1498,679,223246,fd378136,207,1,207
1499,679,223246,fd532877,78,1,78
1500,679,223246,fd532877,78,1,78
1501,680,580193,fd794267,29,1,29
1502,681,514987,fd505426,177,1,177
1503,682,508331,fd842363,20,2,40
1504,682,508331,fd1021527,42,1,42
1505,682,508331,fd29471,25,1,25
1506,682,508331,fd817214,29,1,29
1507,683,155184,fd50147,101,1,101
1508,683,155184,fd178095,78,1,78
1509,684,314882,fd7493,256,1,256
1510,684,314882,fd632903,238,2,476
1511,684,314882,fd74923,228,1,228
1512,684,314882,fd185101,158,1,158
1513,684,314882,fd698457,116,1,116
1514,685,573160,fd62023,67,1,67
1515,685,573160,fd101094,84,1,84
1516,686,43015,fd905113,188,1,188
1517,686,43015,fd735687,79,1,79
1518,687,387235,fd29932,129,1,129
1519,687,387235,fd29932,129,1,129
1520,688,391656,fd540659,53,1,53
1521,688,391656,fd785232,82,2,164
1522,688,391656,fd540659,53,1,53
1523,688,391656,fd103766,80,1,80
1524,688,391656,fd1028771,46,1,46
1525,689,85323,fd133000,63,1,63
1526,689,85323,fd981863,85,1,85
1527,690,241296,fd59213,464,1,464
1528,690,241296,fd153111,297,1,297
1529,691,290901,fd1379,180,1,180
1530,691,290901,fd43866,155,1,155
1531,692,114818,fd827322,258,1,258
1532,692,114818,fd566895,299,1,299
1533,693,538417,fd817116,112,1,112
1534,693,538417,fd537941,174,1,174
1535,693,538417,fd130189,120,1,120
1536,694,98898,fd498234,51,2,102
1537,694,98898,fd209167,48,1,48
1538,695,318665,fd404693,159,1,159
1539,695,318665,fd772349,125,1,125
1540,695,318665,fd403632,81,1,81
1541,696,402044,fd819148,75,1,75
1542,696,402044,fd126613,59,1,59
1543,697,22098,fd761842,289,1,289
1544,697,22098,fd692233,391,1,391
1545,698,170132,fd133293,147,2,294
1546,698,170132,fd898939,127,1,127
1547,698,170132,fd105239,185,1,185
1548,699,561894,fd869821,151,1,151
1549,699,561894,fd24999,179,1,179
1550,699,561894,fd839066,126,1,126
1551,699,561894,fd358563,196,1,196
1552,699,561894,fd743828,92,1,92
1553,700,254108,fd515643,152,1,152
1554,700,254108,fd515643,152,1,152
1555,701,402311,fd947934,174,1,174
1556,701,402311,fd452523,236,1,236
1557,702,516759,fd1033705,258,1,258
1558,702,516759,fd858964,199,2,398
1559,702,516759,fd113189,77,1,77
1560,703,54048,fd237743,63,1,63
1561,703,54048,fd347024,59,3,177
1562,704,549465,fd124728,201,1,201
1563,704,549465,fd855338,267,1,267
1564,705,66091,fd504015,63,1,63
1565,705,66091,fd504015,63,1,63
1566,706,564763,fd908623,54,1,54
1567,706,564763,fd976666,72,1,72
1568,707,498614,fd485241,151,1,151
1569,707,498614,fd324118,135,1,135
1570,707,498614,fd366038,253,1,253
1571,707,498614,fd485241,151,1,151
1572,708,73923,fd1227,55,2,110
1573,708,73923,fd1423,275,1,275
1574,708,73923,fd22945,240,1,240
1575,709,341425,fd633401,176,1,176
1576,709,341425,fd779289,393,1,393
1577,709,341425,fd128071,294,1,294
1578,710,106176,fd146242,41,1,41
1579,711,127848,fd459881,177,1,177
1580,711,127848,fd104498,156,1,156
1581,712,538159,fd820200,172,2,344
1582,712,538159,fd820200,172,1,172
1583,713,69900,fd125426,63,1,63
1584,713,69900,fd68227,135,1,135
1585,714,480597,fd230802,172,2,344
1586,714,480597,fd522685,77,1,77
1587,714,480597,fd1045872,167,1,167
1588,714,480597,fd477433,129,1,129
1589,715,320719,fd966891,27,1,27
1590,715,320719,fd293459,34,1,34
1591,715,320719,fd538782,33,1,33
1592,716,121834,fd37112,79,1,79
1593,716,121834,fd187351,185,1,185
1594,716,121834,fd364352,196,3,588
1595,717,524953,fd508437,229,1,229
1596,717,524953,fd878974,126,1,126
1597,717,524953,fd750872,223,2,446
1598,717,524953,fd9844,117,1,117
1599,718,325773,fd516680,188,1,188
1600,718,325773,fd428495,261,1,261
1601,719,97209,fd146214,146,1,146
1602,719,97209,fd515770,124,1,124
1603,720,506124,fd488261,194,1,194
1604,720,506124,fd502505,246,1,246
1605,720,506124,fd495559,250,1,250
1606,720,506124,fd503098,107,1,107
1607,721,259004,fd10898,240,2,480
1608,721,259004,fd487983,134,1,134
1609,722,447205,fd960021,178,1,178
1610,723,355121,fd312311,77,1,77
1611,723,355121,fd528974,139,1,139
1612,723,355121,fd160024,155,1,155
1613,723,355121,fd469260,137,1,137
1614,723,355121,fd312311,77,1,77
1615,724,170704,fd771730,75,1,75
1616,724,170704,fd771730,75,3,225
1617,724,170704,fd897539,75,1,75
1618,725,114269,fd582666,159,1,159
1619,725,114269,fd106456,355,1,355
1620,725,114269,fd169404,176,1,176
1621,725,114269,fd645070,145,2,290
1622,726,53270,fd12261,220,1,220
1623,727,554805,fd208184,113,1,113
1624,727,554805,fd351222,64,2,128
1625,728,432004,fd128367,150,1,150
1626,728,432004,fd324056,445,1,445
1627,729,367456,fd588700,149,1,149
1628,729,367456,fd472655,163,1,163
1629,729,367456,fd51871,88,3,264
1630,730,229148,fd12409,126,1,126
1631,730,229148,fd503685,259,1,259
1632,730,229148,fd848075,164,1,164
1633,730,229148,fd848075,164,1,164
1634,731,37680,fd327600,399,1,399
1635,731,37680,fd13477,299,1,299
1636,732,325622,fd105018,103,1,103
1637,733,414582,fd58582,185,1,185
1638,734,438087,fd90208,98,1,98
1639,735,354726,fd173675,211,1,211
1640,735,354726,fd331367,173,1,173
1641,736,56920,fd247788,271,1,271
1642,736,56920,fd252197,114,1,114
1643,736,56920,fd183351,243,1,243
1644,737,70323,fd2901,109,2,218
1645,737,70323,fd852821,116,1,116
1646,737,70323,fd834870,76,1,76
1647,737,70323,fd326778,68,1,68
1648,737,70323,fd746185,76,2,152
1649,738,172297,fd991934,59,1,59
1650,738,172297,fd991934,59,1,59
1651,739,477606,fd48649,158,1,158
1652,739,477606,fd146892,84,2,168
1653,740,541623,fd1036839,261,2,522
1654,740,541623,fd288750,303,1,303
1655,741,28173,fd976738,105,1,105
1656,741,28173,fd490074,222,2,444
1657,741,28173,fd932752,284,1,284
1658,742,51915,fd572705,119,1,119
1659,742,51915,fd940554,126,1,126
1660,742,51915,fd205058,110,1,110
1661,742,51915,fd173974,76,1,76
1662,742,51915,fd173974,76,1,76
1663,743,549872,fd862111,259,2,518
1664,744,161007,fd355981,161,1,161
1665,744,161007,fd931135,220,1,220
1666,744,161007,fd154919,132,1,132
1667,745,419717,fd184825,99,1,99
1668,746,254138,fd897440,307,1,307
1669,746,254138,fd193475,280,1,280
1670,747,292533,fd227080,125,2,250
1671,747,292533,fd968869,202,1,202
1672,747,292533,fd838179,108,1,108
1673,748,452757,fd521508,164,1,164
1674,748,452757,fd142431,160,2,320
1675,749,493001,fd172317,172,1,172
1676,749,493001,fd176898,153,1,153
1677,750,13948,fd884759,106,3,318
1678,751,93954,fd191516,202,1,202
1679,752,36995,fd663059,191,1,191
1680,752,36995,fd818805,175,1,175
1681,752,36995,fd93752,202,1,202
1682,753,373210,fd825961,454,1,454
1683,753,373210,fd874346,391,1,391
1684,754,364589,fd830805,210,1,210
1685,755,123443,fd379861,238,1,238
1686,756,201174,fd164015,70,1,70
1687,756,201174,fd164015,70,1,70
1688,756,201174,fd726224,147,1,147
1689,756,201174,fd444051,82,1,82
1690,757,355184,fd756259,119,1,119
1691,758,233156,fd307829,177,2,354
1692,758,233156,fd185819,56,1,56
1693,759,387377,fd607540,35,1,35
1694,759,387377,fd437316,21,1,21
1695,759,387377,fd273723,48,1,48
1696,759,387377,fd607540,35,1,35
1697,760,346394,fd1048329,218,1,218
1698,760,346394,fd1048329,218,1,218
1699,761,466104,fd121177,61,1,61
1700,761,466104,fd1012094,166,1,166
1701,761,466104,fd499605,168,2,336
1702,762,68102,fd783287,96,2,192
1703,762,68102,fd422796,163,1,163
1704,762,68102,fd956446,105,1,105
1705,763,552743,fd113160,161,1,161
1706,763,552743,fd859909,69,1,69
1707,764,464981,fd606924,143,2,286
1708,764,464981,fd904448,145,1,145
1709,765,404930,fd240025,110,1,110
1710,766,344443,fd350557,101,3,303
1711,766,344443,fd531631,101,1,101
1712,767,216555,fd107600,117,1,117
1713,768,355667,fd408672,226,1,226
1714,768,355667,fd836975,151,1,151
1715,768,355667,fd454407,260,1,260
1716,768,355667,fd836975,151,1,151
1717,768,355667,fd92465,251,1,251
1718,769,262711,fd77989,64,1,64
1719,769,262711,fd218963,64,1,64
1720,769,262711,fd152993,55,1,55
1721,770,69274,fd129929,73,1,73
1722,770,69274,fd659790,44,1,44
1723,771,405919,fd211000,183,1,183
1724,771,405919,fd739861,179,1,179
1725,772,501139,fd234770,118,1,118
1726,772,501139,fd973300,91,1,91
1727,772,501139,fd373244,74,1,74
1728,772,501139,fd575802,74,1,74
1729,773,259808,fd522039,210,1,210
1730,773,259808,fd255,125,2,250
1731,773,259808,fd1246,90,2,180
1732,774,69061,fd552725,232,1,232
1733,775,38041,fd1030043,236,1,236
1734,776,5957,fd901014,154,1,154
1735,777,121158,fd657651,128,1,128
1736,777,121158,fd32845,75,1,75
1737,777,121158,fd32845,75,1,75
1738,777,121158,fd182123,100,1,100
1739,778,106429,fd784729,113,1,113
1740,778,106429,fd784729,113,1,113
1741,779,408846,fd815883,205,1,205
1742,779,408846,fd480334,97,2,194
1743,779,408846,fd898138,151,1,151
1744,780,75091,fd286810,38,1,38
1745,780,75091,fd476199,57,3,171
1746,781,3531,fd921466,91,1,91
1747,781,3531,fd99934,112,1,112
1748,782,349431,fd768431,91,1,91
1749,782,349431,fd859871,105,1,105
1750,783,335692,fd504633,137,1,137
1751,784,157217,fd461397,128,1,128
1752,784,157217,fd606664,57,1,57
1753,785,99594,fd580174,285,1,285
1754,786,338397,fd138659,152,1,152
1755,786,338397,fd597123,158,2,316
1756,787,54527,fd81179,60,2,120
1757,788,15159,fd950609,103,1,103
1758,789,441551,fd381857,306,1,306
1759,789,441551,fd601045,277,1,277
1760,789,441551,fd72339,271,1,271
1761,789,441551,fd499604,222,1,222
1762,789,441551,fd181318,232,1,232
1763,789,441551,fd10155,140,1,140
1764,790,511278,fd946401,352,3,1056
1765,790,511278,fd571449,285,1,285
1766,790,511278,fd946401,352,1,352
1767,790,511278,fd696708,322,1,322
1768,791,375002,fd960969,175,1,175
1769,791,375002,fd102493,165,1,165
1770,792,498896,fd976803,79,1,79
1771,792,498896,fd861857,99,1,99
1772,792,498896,fd668460,65,2,130
1773,792,498896,fd861857,99,1,99
1774,793,378458,fd145867,165,1,165
1775,793,378458,fd918880,95,1,95
1776,794,513126,fd709391,175,2,350
1777,794,513126,fd709391,175,1,175
1778,794,513126,fd858456,156,1,156
1779,794,513126,fd160142,125,1,125
1780,795,116750,fd705742,155,1,155
1781,795,116750,fd985832,65,1,65
1782,796,119541,fd107903,282,3,846
1783,797,473575,fd1016036,173,1,173
1784,797,473575,fd16448,212,2,424
1785,798,406863,fd995435,35,1,35
1786,799,116112,fd821453,189,3,567
1787,800,1745,fd682385,402,1,402
1788,800,1745,fd872452,291,1,291
1789,801,18110,fd928912,659,2,1318
1790,801,18110,fd339268,646,2,1292
1791,801,18110,fd54197,730,1,730
1792,801,18110,fd417973,678,1,678
1793,801,18110,fd889328,544,1,544
1794,802,154840,fd12203,130,1,130
1795,802,154840,fd495615,55,1,55
1796,802,154840,fd12136,215,1,215
1797,802,154840,fd4289,200,1,200
1798,803,12031,fd515747,152,1,152
1799,804,44262,fd106346,144,1,144
1800,804,44262,fd789686,207,1,207
1801,805,81181,fd819226,142,1,142
1802,805,81181,fd835126,154,2,308
1803,806,238176,fd386149,421,1,421
1804,807,106660,fd48876,279,2,558
1805,807,106660,fd20468,179,1,179
1806,807,106660,fd48944,239,1,239
1807,808,336062,fd417514,99,1,99
1808,808,336062,fd417514,99,1,99
1809,809,128158,fd613585,101,2,202
1810,810,226092,fd16872,70,1,70
1811,810,226092,fd16872,70,1,70
1812,810,226092,fd118314,49,1,49
1813,810,226092,fd129074,128,1,128
1814,810,226092,fd16872,70,1,70
1815,811,558949,fd95291,193,1,193
1816,811,558949,fd77566,141,1,141
1817,812,244293,fd965015,125,2,250
1818,813,566338,fd164622,293,1,293
1819,813,566338,fd703493,180,2,360
1820,813,566338,fd456050,336,1,336
1821,814,287141,fd273095,143,1,143
1822,814,287141,fd318680,99,2,198
1823,814,287141,fd724407,207,1,207
1824,815,454649,fd1043899,63,1,63
1825,815,454649,fd471359,89,1,89
1826,815,454649,fd1043899,63,1,63
1827,816,46653,fd783956,194,1,194
1828,816,46653,fd127902,181,2,362
1829,817,467589,fd55111,226,1,226
1830,817,467589,fd795983,250,1,250
1831,817,467589,fd795983,250,1,250
1832,818,382287,fd747019,64,1,64
1833,818,382287,fd101283,92,2,184
1834,818,382287,fd153740,133,1,133
1835,818,382287,fd612811,148,1,148
1836,818,382287,fd392912,139,1,139
1837,819,149962,fd318464,194,1,194
1838,819,149962,fd524087,117,1,117
1839,819,149962,fd318464,194,1,194
1840,820,303617,fd309422,92,1,92
1841,821,563761,fd148958,160,1,160
1842,822,64530,fd907959,62,1,62
1843,822,64530,fd595623,152,1,152
1844,822,64530,fd179762,147,1,147
1845,822,64530,fd385967,125,1,125
1846,822,64530,fd385967,125,1,125
1847,822,64530,fd656671,78,1,78
1848,823,523064,fd56082,266,1,266
1849,823,523064,fd531745,204,1,204
1850,823,523064,fd56082,266,2,532
1851,823,523064,fd135031,391,1,391
1852,824,375991,fd874032,179,1,179
1853,824,375991,fd874032,179,1,179
1854,824,375991,fd163843,88,1,88
1855,825,331688,fd798029,76,2,152
1856,825,331688,fd26891,154,3,462
1857,825,331688,fd882074,78,1,78
1858,826,240795,fd108305,95,1,95
1859,827,413638,fd996957,118,1,118
1860,827,413638,fd64528,85,1,85
1861,827,413638,fd417140,84,1,84
1862,827,413638,fd344514,179,1,179
1863,828,267156,fd799168,150,1,150
1864,828,267156,fd2603,190,1,190
1865,829,451649,fd865679,160,1,160
1866,829,451649,fd138854,101,1,101
1867,829,451649,fd138854,101,1,101
1868,829,451649,fd584457,175,1,175
1869,830,103838,fd629680,189,1,189
1870,830,103838,fd606499,119,2,238
1871,831,401908,fd880664,152,1,152
1872,831,401908,fd101162,81,1,81
1873,831,401908,fd181581,91,2,182
1874,832,364923,fd828513,115,1,115
1875,832,364923,fd606107,353,1,353
1876,833,561478,fd26050,79,1,79
1877,834,438361,fd766178,412,1,412
1878,834,438361,fd703968,440,1,440
1879,835,483398,fd648904,133,1,133
1880,835,483398,fd589670,86,1,86
1881,835,483398,fd648904,133,1,133
1882,835,483398,fd741592,42,1,42
1883,836,506062,fd800154,172,1,172
1884,836,506062,fd513098,124,1,124
1885,836,506062,fd83739,121,1,121
1886,837,148227,fd292763,115,1,115
1887,837,148227,fd56748,59,1,59
1888,838,393557,fd124627,246,1,246
1889,839,568906,fd215609,262,3,786
1890,839,568906,fd710213,103,1,103
1891,839,568906,fd600764,122,1,122
1892,840,330086,fd105133,282,1,282
1893,841,22068,fd351221,956,1,956
1894,841,22068,fd169177,659,1,659
1895,841,22068,fd791550,536,1,536
1896,842,255770,fd945937,124,1,124
1897,842,255770,fd378025,171,1,171
1898,842,255770,fd866063,125,2,250
1899,843,505801,fd798017,45,1,45
1900,843,505801,fd925492,52,2,104
1901,843,505801,fd413693,82,1,82
1902,844,414630,fd679503,334,2,668
1903,844,414630,fd485018,137,1,137
1904,845,219476,fd739869,84,1,84
1905,846,91103,fd478837,792,1,792
1906,847,185564,fd856504,133,1,133
1907,847,185564,fd767542,50,2,100
1908,847,185564,fd485731,80,1,80
1909,847,185564,fd166866,49,1,49
1910,848,537176,fd348586,109,1,109
1911,849,320207,fd840526,196,1,196
1912,849,320207,fd112395,258,1,258
1913,849,320207,fd197168,100,1,100
1914,850,43175,fd574147,647,3,1941
1915,850,43175,fd140124,338,1,338
1916,851,185000,fd322733,151,1,151
1917,851,185000,fd193311,115,2,230
1918,852,487384,fd744385,283,1,283
1919,852,487384,fd515270,228,1,228
1920,853,483086,fd469059,226,1,226
1921,853,483086,fd786808,113,1,113
1922,853,483086,fd174261,180,1,180
1923,853,483086,fd174261,180,1,180
1924,854,387466,fd756877,354,1,354
1925,854,387466,fd1036338,350,1,350
1926,855,385046,fd393769,92,1,92
1927,855,385046,fd393769,92,1,92
1928,855,385046,fd22323,281,1,281
1929,856,2055,fd572296,155,1,155
1930,857,479264,fd27031,79,1,79
1931,857,479264,fd404114,224,1,224
1932,858,57973,fd845809,123,1,123
1933,859,190513,fd762347,152,1,152
1934,860,542930,fd157716,109,1,109
1935,860,542930,fd16881,139,1,139
1936,860,542930,fd117489,159,1,159
1937,861,87991,fd425498,83,1,83
1938,861,87991,fd49919,119,1,119
1939,862,546258,fd96924,109,1,109
1940,863,16842,fd734840,406,1,406
1941,863,16842,fd73704,298,1,298
1942,864,8047,fd229950,343,1,343
1943,865,120649,fd483317,77,1,77
1944,865,120649,fd175917,83,1,83
1945,865,120649,fd114649,78,2,156
1946,866,167754,fd285845,145,1,145
1947,866,167754,fd120388,69,1,69
1948,866,167754,fd46237,66,1,66
1949,866,167754,fd636667,65,1,65
1950,867,455459,fd857481,204,1,204
1951,867,455459,fd373306,216,1,216
1952,868,128465,fd65738,100,1,100
1953,868,128465,fd65738,100,1,100
1954,869,527474,fd246538,141,1,141
1955,869,527474,fd148481,145,1,145
1956,869,527474,fd23367,193,1,193
1957,870,536672,fd622932,66,1,66
1958,871,500082,fd9519,79,1,79
1959,872,354356,fd76335,40,1,40
1960,873,460967,fd345933,298,1,298
1961,873,460967,fd345932,149,1,149
1962,873,460967,fd345935,596,1,596
1963,873,460967,fd345928,525,1,525
1964,873,460967,fd345935,596,1,596
1965,874,47458,fd905594,271,3,813
1966,874,47458,fd857184,396,1,396
1967,874,47458,fd905594,271,1,271
1968,874,47458,fd857184,396,2,792
1969,875,21666,fd634876,390,1,390
1970,875,21666,fd57382,270,1,270
1971,875,21666,fd634876,390,1,390
1972,875,21666,fd875016,220,1,220
1973,875,21666,fd875140,220,1,220
1974,875,21666,fd875033,520,1,520
1975,876,481689,fd458503,136,1,136
1976,876,481689,fd458503,136,1,136
1977,876,481689,fd469023,74,1,74
1978,876,481689,fd442424,121,1,121
1979,877,464722,fd579590,357,3,1071
1980,877,464722,fd500803,505,3,1515
1981,877,464722,fd1000596,517,1,517
1982,878,169041,fd346226,141,1,141
1983,879,112612,fd41301,84,1,84
1984,880,462213,fd570395,100,1,100
1985,880,462213,fd228547,148,1,148
1986,880,462213,fd772825,61,1,61
1987,880,462213,fd124342,80,1,80
1988,880,462213,fd228547,148,1,148
1989,881,390296,fd88011,142,1,142
1990,882,508405,fd170329,82,1,82
1991,882,508405,fd119774,137,1,137
1992,882,508405,fd948184,142,3,426
1993,883,334930,fd760110,170,1,170
1994,884,102037,fd7860,110,1,110
1995,884,102037,fd256,85,1,85
1996,885,561102,fd877409,128,1,128
1997,885,561102,fd620781,213,1,213
1998,886,63990,fd951364,245,2,490
1999,886,63990,fd477851,212,1,212
2000,887,71429,fd992777,83,1,83
2001,887,71429,fd191739,183,1,183
2002,888,510844,fd292752,255,3,765
2003,888,510844,fd301309,176,1,176
2004,889,504554,fd16881,150,3,450
2005,890,250108,fd38076,110,1,110
2006,891,12396,fd135299,179,1,179
2007,892,489184,fd945613,81,1,81
2008,893,454480,fd813747,128,1,128
2009,893,454480,fd1025561,80,1,80
2010,894,350017,fd262368,355,1,355
2011,894,350017,fd262368,355,1,355
2012,895,195346,fd840188,235,1,235
2013,896,160073,fd524577,237,1,237
2014,896,160073,fd14769,252,1,252
2015,896,160073,fd14769,252,1,252
2016,897,469523,fd116464,25,1,25
2017,897,469523,fd316580,55,1,55
2018,898,70279,fd124753,289,1,289
2019,898,70279,fd124872,120,1,120
2020,898,70279,fd124772,175,2,350
2021,899,67939,fd237220,70,1,70
2022,899,67939,fd358492,74,2,148
2023,899,67939,fd237220,70,1,70
2024,900,244240,fd115092,78,2,156
2025,901,288395,fd455399,335,1,335
2026,901,288395,fd756733,150,3,450
2027,902,112305,fd153729,124,1,124
2028,902,112305,fd676054,84,1,84
2029,903,1628,fd107971,198,1,198
2030,903,1628,fd82924,92,1,92
2031,903,1628,fd152652,94,2,188
2032,903,1628,fd78645,221,2,442
2033,904,83489,fd451081,414,1,414
2034,904,83489,fd451081,414,2,828
2035,905,42555,fd67768,736,1,736
2036,905,42555,fd14994,253,2,506
2037,905,42555,fd755144,456,1,456
2038,905,42555,fd741311,476,1,476
2039,906,39368,fd237009,105,1,105
2040,906,39368,fd883181,225,1,225
2041,906,39368,fd971,70,2,140
2042,906,39368,fd883454,170,1,170
2043,907,50031,fd812706,167,1,167
2044,907,50031,fd820417,131,1,131
2045,907,50031,fd586659,58,1,58
2046,907,50031,fd46093,110,1,110
2047,908,560086,fd77,38,1,38
2048,908,560086,fd930405,45,1,45
2049,909,43801,fd985747,304,1,304
2050,909,43801,fd826383,310,1,310
2051,909,43801,fd12791,108,1,108
2052,910,469690,fd367893,222,1,222
2053,911,579760,fd404531,295,3,885
2054,912,416472,fd250660,148,2,296
2055,912,416472,fd250660,148,1,148
2056,912,416472,fd127354,65,1,65
2057,912,416472,fd250660,148,3,444
2058,913,352301,fd562593,143,1,143
2059,914,182736,fd842113,89,1,89
2060,914,182736,fd1024069,71,1,71
2061,914,182736,fd609638,93,1,93
2062,914,182736,fd609638,93,1,93
2063,915,240722,fd345411,113,1,113
2064,915,240722,fd149979,160,1,160
2065,916,222385,fd448511,158,3,474
2066,917,557096,fd1003000,267,2,534
2067,918,13730,fd288138,113,1,113
2068,918,13730,fd503448,171,1,171
2069,919,503976,fd318482,58,1,58
2070,919,503976,fd510821,55,1,55
2071,920,281687,fd21773,174,1,174
2072,921,180279,fd207387,162,1,162
2073,921,180279,fd1009853,128,1,128
2074,922,395929,fd65237,148,1,148
2075,922,395929,fd121188,226,1,226
2076,923,541146,fd656798,35,1,35
2077,923,541146,fd656798,35,1,35
2078,923,541146,fd809068,52,1,52
2079,923,541146,fd823610,52,2,104
2080,923,541146,fd587468,51,1,51
2081,924,8694,fd796783,92,1,92
2082,925,545713,fd163124,92,1,92
2083,925,545713,fd955835,160,1,160
2084,925,545713,fd411215,100,1,100
2085,925,545713,fd163124,92,1,92
2086,926,60945,fd1037630,149,1,149
2087,926,60945,fd780935,242,1,242
2088,926,60945,fd137561,147,1,147
2089,926,60945,fd1005443,81,1,81
2090,926,60945,fd634869,102,1,102
2091,926,60945,fd239307,153,2,306
2092,927,187172,fd151636,81,1,81
2093,928,254307,fd122653,197,1,197
2094,928,254307,fd580071,163,1,163
2095,928,254307,fd114917,101,2,202
2096,929,81586,fd562367,153,1,153
2097,929,81586,fd953921,314,1,314
2098,929,81586,fd994890,310,1,310
2099,930,556108,fd147236,133,1,133
2100,930,556108,fd147236,133,1,133
2101,931,380539,fd824731,166,1,166
2102,932,488728,fd49118,116,1,116
2103,933,232304,fd768008,70,1,70
2104,933,232304,fd161521,82,1,82
2105,934,413398,fd884310,131,2,262
2106,935,204706,fd638796,67,1,67
2107,936,559656,fd95649,176,1,176
2108,936,559656,fd465810,114,2,228
2109,937,508007,fd48909,150,1,150
2110,937,508007,fd367158,220,1,220
2111,938,50010,fd424146,192,1,192
2112,939,444394,fd625048,77,1,77
2113,940,99706,fd576503,50,1,50
2114,940,99706,fd576503,50,1,50
2115,940,99706,fd789938,65,1,65
2116,940,99706,fd574032,111,2,222
2117,941,529860,fd326523,131,2,262
2118,941,529860,fd607713,132,3,396
2119,941,529860,fd683597,242,1,242
2120,942,267757,fd816151,79,1,79
2121,942,267757,fd929041,129,1,129
2122,943,392840,fd894793,103,1,103
2123,943,392840,fd1009945,74,3,222
2124,944,498174,fd779778,111,1,111
2125,945,541029,fd810,160,1,160
2126,946,346294,fd923753,448,1,448
2127,946,346294,fd6683,228,1,229
2128,946,346294,fd919990,747,1,748
2129,946,346294,fd11818,382,1,382
2130,947,477950,fd313036,151,1,151
2131,947,477950,fd1006479,152,1,152
2132,948,438153,fd482328,91,2,182
2133,949,540728,fd832228,74,2,148
2134,949,540728,fd522228,103,1,103
2135,949,540728,fd310712,98,1,98
2136,950,16144,fd686846,164,1,164
2137,950,16144,fd835553,307,1,307
2138,951,400156,fd157542,264,1,264
2139,951,400156,fd420248,540,1,540
2140,951,400156,fd209167,392,1,392
2141,952,483358,fd814957,67,1,67
2142,952,483358,fd1497,111,2,222
2143,952,483358,fd504656,99,1,99
2144,953,441759,fd747670,171,1,171
2145,953,441759,fd747670,171,1,171
2146,954,545908,fd875360,110,2,220
2147,955,194112,fd316665,111,2,222
2148,955,194112,fd95340,151,1,151
2149,956,387046,fd119751,155,2,310
2150,956,387046,fd250973,60,1,60
2151,957,507395,fd1005837,168,1,168
2152,957,507395,fd152043,281,1,281
2153,957,507395,fd1005837,168,1,168
2154,958,492082,fd56732,184,1,184
2155,958,492082,fd963188,99,2,198
2156,958,492082,fd963188,99,1,99
2157,958,492082,fd71563,122,2,244
2158,959,467190,fd107241,445,1,445
2159,959,467190,fd276962,128,3,384
2160,959,467190,fd117285,220,1,220
2161,959,467190,fd19802,382,2,764
2162,960,454758,fd949331,242,1,242
2163,960,454758,fd949331,242,1,242
2164,961,70691,fd252036,313,1,313
2165,961,70691,fd448040,166,2,332
2166,961,70691,fd361367,443,2,886
2167,961,70691,fd999102,184,3,552
2168,962,122566,fd680611,208,2,416
2169,962,122566,fd415637,141,1,141
2170,962,122566,fd101258,177,1,177
2171,962,122566,fd381483,145,1,145
2172,963,183163,fd403854,152,1,152
2173,964,529059,fd149335,243,1,243
2174,964,529059,fd897285,181,1,181
2175,964,529059,fd834267,181,1,181
2176,965,80668,fd916417,89,2,178
2177,965,80668,fd878484,212,3,636
2178,965,80668,fd60887,152,1,152
2179,966,168164,fd945825,72,3,216
2180,966,168164,fd518646,91,2,182
2181,967,532483,fd62034,219,1,219
2182,967,532483,fd21045,227,1,227
2183,968,450424,fd799537,218,1,218
2184,968,450424,fd122709,126,1,126
2185,968,450424,fd571088,160,1,160
2186,969,243736,fd133564,204,2,408
2187,969,243736,fd734855,164,1,164
2188,969,243736,fd734855,164,1,164
2189,970,12614,fd62658,269,3,807
2190,971,255220,fd753116,169,1,169
2191,972,404449,fd135884,106,1,106
2192,972,404449,fd581458,186,2,372
2193,973,397569,fd308560,235,1,235
2194,973,397569,fd467799,218,1,218
2195,974,483003,fd498456,72,1,72
2196,974,483003,fd305938,66,1,66
2197,974,483003,fd305938,66,1,66
2198,975,265407,fd680801,169,1,169
2199,976,513967,fd383205,25,1,25
2200,977,65060,fd5397,90,1,90
2201,978,143189,fd631745,96,1,96
2202,979,294899,fd689960,133,1,133
2203,980,81231,fd61328,245,1,245
2204,980,81231,fd833186,376,1,376
2205,980,81231,fd150679,178,1,178
2206,980,81231,fd833186,376,1,376
2207,980,81231,fd470626,189,2,378
2208,980,81231,fd600011,293,1,293
2209,981,461474,fd478661,220,1,220
2210,981,461474,fd886931,587,2,1174
2211,981,461474,fd886931,587,1,587
2212,981,461474,fd86418,393,1,393
2213,982,48973,fd150847,33,1,33
2214,983,458398,fd1026580,224,1,224
2215,983,458398,fd646222,248,1,248
2216,983,458398,fd155669,149,1,149
2217,983,458398,fd50082,170,1,170
2218,984,106272,fd809,300,1,300
2219,985,168202,fd868709,110,1,110
2220,985,168202,fd892076,57,1,57
2221,985,168202,fd816129,167,1,167
2222,986,71405,fd471011,270,1,270
2223,986,71405,fd585860,440,1,440
2224,986,71405,fd829494,399,1,399
2225,986,71405,fd241292,436,1,436
2226,987,379440,fd93771,401,1,401
2227,988,223894,fd896379,159,1,159
2228,989,326380,fd119295,106,1,106
2229,989,326380,fd619902,278,2,556
2230,990,296204,fd952635,145,1,145
2231,990,296204,fd952673,60,1,60
2232,990,296204,fd732338,115,1,115
2233,991,196586,fd946942,87,3,261
2234,991,196586,fd836195,30,1,30
2235,991,196586,fd959164,90,2,180
2236,992,413597,fd315262,64,1,64
2237,993,528984,fd60073,110,1,110
2238,993,528984,fd118283,184,1,184
2239,993,528984,fd525641,219,1,219
2240,993,528984,fd953511,214,1,214
2241,994,205079,fd782467,210,1,210
2242,994,205079,fd780991,200,1,200
2243,994,205079,fd21851,110,1,110
2244,994,205079,fd782427,240,1,240
2245,995,447537,fd42420,88,1,88
2246,995,447537,fd947141,196,1,196
2247,996,31456,fd537116,102,1,102
2248,996,31456,fd369936,207,2,414
2249,997,290202,fd484097,172,1,172
2250,997,290202,fd745811,224,1,224
2251,998,199215,fd563612,224,1,224
2252,998,199215,fd722938,268,1,268
2253,998,199215,fd722938,268,1,268
2254,999,17346,fd353346,224,1,224
2255,999,17346,fd1042327,295,1,295
2256,1000,509482,fd86299,143,2,286
2257,1001,459761,fd570967,227,1,227
2258,1001,459761,fd851829,269,1,269
2259,1001,459761,fd755580,103,3,309
2260,1002,385786,fd345906,92,1,92
2261,1002,385786,fd574632,83,1,83
2262,1002,385786,fd141070,98,1,98
2263,1002,385786,fd705925,59,1,59
2264,1003,575593,fd1042591,97,2,194
2265,1003,575593,fd1042591,97,1,97
2266,1004,447831,fd705756,203,2,406
2267,1005,47771,fd186035,62,1,62
2268,1005,47771,fd826171,116,1,116
2269,1006,511324,fd528670,157,1,157
2270,1006,511324,fd24995,53,1,53
2271,1007,329755,fd786801,117,1,117
2272,1008,140666,fd40761,116,2,232
2273,1008,140666,fd131162,200,1,200
2274,1009,248190,fd837348,137,1,137
2275,1010,77744,fd736572,69,1,69
2276,1010,77744,fd313918,90,1,90
2277,1010,77744,fd260764,91,1,91
2278,1010,77744,fd854381,163,1,163
2279,1011,102409,fd784031,101,2,202
2280,1011,102409,fd708450,173,1,173
2281,1011,102409,fd788711,207,1,207
2282,1012,306881,fd547128,69,1,69
2283,1012,306881,fd665869,148,1,148
2284,1012,306881,fd665869,148,1,148
2285,1013,452763,fd890426,171,2,342
2286,1013,452763,fd373907,155,1,155
2287,1014,553768,fd142110,61,1,61
2288,1015,410258,fd1002478,336,1,336
2289,1015,410258,fd1002478,336,1,336
2290,1015,410258,fd268958,315,1,315
2291,1015,410258,fd66296,377,1,377
2292,1016,74572,fd702935,109,1,109
2293,1016,74572,fd927284,142,1,142
2294,1016,74572,fd702935,109,2,218
2295,1016,74572,fd533586,247,3,741
2296,1016,74572,fd777193,194,1,194
2297,1017,366391,fd703208,41,1,41
2298,1018,230758,fd36237,278,1,278
2299,1018,230758,fd829928,176,1,176
2300,1019,422360,fd1014849,82,1,82
2301,1019,422360,fd222432,59,1,59
2302,1019,422360,fd42117,80,1,80
2303,1019,422360,fd735808,118,1,118
2304,1020,411673,fd749060,113,1,113
2305,1020,411673,fd923525,164,2,328
2306,1020,411673,fd340550,134,2,268
2307,1020,411673,fd749060,113,1,113
2308,1020,411673,fd749060,113,1,113
2309,1021,578850,fd158414,136,1,136
2310,1021,578850,fd427147,220,1,220
2311,1021,578850,fd334319,196,1,196
2312,1022,405085,fd131010,160,1,160
2313,1022,405085,fd2115,90,1,90
2314,1022,405085,fd1020917,200,1,200
2315,1023,39857,fd255153,114,1,114
2316,1023,39857,fd573422,130,1,130
2317,1023,39857,fd282063,66,1,66
2318,1023,39857,fd373438,61,1,61
2319,1024,524185,fd131791,80,1,80
2320,1024,524185,fd144524,38,1,38
2321,1024,524185,fd132986,84,1,84
2322,1024,524185,fd131791,80,1,80
2323,1024,524185,fd131791,80,1,80
2324,1024,524185,fd167254,41,1,41
2325,1025,48573,fd227330,126,1,126
2326,1025,48573,fd154653,135,1,135
2327,1026,58070,fd187978,141,1,141
2328,1026,58070,fd931846,217,1,217
2329,1026,58070,fd145418,200,1,200
2330,1026,58070,fd431015,181,1,181
2331,1027,357437,fd199319,102,1,102
2332,1027,357437,fd934467,178,1,178
2333,1027,357437,fd581522,171,1,171
2334,1027,357437,fd581522,171,1,171
2335,1028,162670,fd79125,291,1,291
2336,1028,162670,fd435684,354,1,354
2337,1029,421811,fd929093,103,1,103
2338,1029,421811,fd864111,65,1,65
2339,1029,421811,fd675703,106,2,212
2340,1029,421811,fd561267,92,1,92
2341,1029,421811,fd1047257,109,1,109
2342,1030,538863,fd426745,151,2,302
2343,1030,538863,fd68348,185,1,185
2344,1030,538863,fd853595,200,1,200
2345,1031,214710,fd287150,141,1,141
2346,1031,214710,fd898686,269,1,269
2347,1032,132478,fd670585,110,1,110
2348,1033,410626,fd616647,109,1,109
2349,1034,65824,fd126677,203,1,203
2350,1035,451822,fd701970,67,1,67
2351,1036,543630,fd651908,549,1,549
2352,1036,543630,fd43074,239,1,239
2353,1037,5361,fd351602,303,1,303
2354,1037,5361,fd885352,211,1,211
2355,1038,464470,fd951314,148,1,148
2356,1038,464470,fd606160,107,1,107
2357,1039,443134,fd808,200,2,400
2358,1039,443134,fd808,200,1,200
2359,1040,317382,fd144133,95,1,95
2360,1041,50362,fd741118,205,1,205
2361,1042,73504,fd69352,123,1,123
2362,1043,491220,fd469062,83,1,83
2363,1043,491220,fd1045409,146,1,146
2364,1043,491220,fd518171,169,1,169
2365,1043,491220,fd163509,67,1,67
2366,1044,16613,fd234016,210,1,210
2367,1045,29918,fd58686,188,1,188
2368,1045,29918,fd369231,211,1,211
2369,1045,29918,fd140043,96,1,96
2370,1045,29918,fd410577,151,1,151
2371,1046,77045,fd1030346,90,1,90
2372,1046,77045,fd40312,166,1,166
2373,1046,77045,fd1030346,90,1,90
2374,1047,382514,fd274655,313,1,313
2375,1047,382514,fd841202,217,1,217
2376,1048,431364,fd192182,120,1,120
2377,1049,400933,fd35141,89,1,89
2378,1049,400933,fd2945,146,1,146
2379,1049,400933,fd615787,106,1,106
2380,1049,400933,fd11517,53,2,106
2381,1050,792,fd234479,413,1,413
2382,1050,792,fd684943,411,1,411
2383,1051,389812,fd807512,154,1,154
2384,1051,389812,fd806133,89,1,89
2385,1052,241559,fd796985,90,2,180
2386,1052,241559,fd723985,144,1,144
2387,1052,241559,fd723985,144,1,144
2388,1052,241559,fd427100,255,1,255
2389,1053,314882,fd632903,238,1,238
2390,1053,314882,fd632903,238,1,238
2391,1053,314882,fd187091,122,1,122
2392,1054,481195,fd716745,1210,2,2420
2393,1055,230460,fd1026835,238,2,476
2394,1055,230460,fd800255,403,1,403
2395,1055,230460,fd636491,237,2,474
2396,1055,230460,fd14778,188,1,188
2397,1055,230460,fd800255,403,1,403
2398,1056,427771,fd789709,146,1,146
2399,1056,427771,fd970234,250,1,250
2400,1057,348004,fd129449,244,1,244
2401,1058,369747,fd373826,109,1,109
2402,1058,369747,fd800547,99,1,99
2403,1058,369747,fd799957,142,1,142
2404,1058,369747,fd567687,70,2,140
2405,1059,398159,fd365887,249,1,249
2406,1059,398159,fd365887,249,2,498
2407,1059,398159,fd846707,233,1,233
2408,1060,186309,fd406606,114,1,114
2409,1060,186309,fd641351,89,1,89
2410,1060,186309,fd6520,70,1,70
2411,1060,186309,fd548398,72,1,72
2412,1061,267757,fd889152,149,3,447
2413,1061,267757,fd512684,207,1,207
2414,1061,267757,fd145864,118,2,236
2415,1061,267757,fd951302,207,2,414
2416,1061,267757,fd512684,207,1,207
2417,1061,267757,fd816151,79,1,79
2418,1062,380684,fd483022,172,1,172
2419,1062,380684,fd786264,98,3,294
2420,1063,388131,fd153955,156,1,156
2421,1063,388131,fd104320,210,1,210
2422,1063,388131,fd176251,144,1,144
2423,1063,388131,fd176251,144,1,144
2424,1064,99246,fd509586,114,1,114
2425,1064,99246,fd435193,61,1,61
2426,1064,99246,fd461395,68,1,68
2427,1065,58283,fd12368,191,1,191
2428,1065,58283,fd43095,89,1,89
2429,1065,58283,fd751293,166,1,166
2430,1065,58283,fd102147,97,3,291
2431,1066,241027,fd10314,118,1,118
2432,1066,241027,fd1029953,178,1,178
2433,1066,241027,fd1029956,256,3,768
2434,1067,121115,fd546943,38,1,38
2435,1068,56248,fd278870,223,1,223
2436,1068,56248,fd449740,109,1,109
2437,1068,56248,fd584197,300,1,300
2438,1069,429410,fd83304,155,1,155
2439,1069,429410,fd70071,108,1,108
2440,1069,429410,fd375444,145,1,145
2441,1069,429410,fd222680,146,1,146
2442,1070,6824,fd814981,40,1,40
2443,1070,6824,fd814909,15,1,15
2444,1070,6824,fd814964,199,1,199
2445,1070,6824,fd814939,349,1,349
2446,1070,6824,fd814910,209,1,209
2447,1070,6824,fd473382,199,1,199
2448,1071,332308,fd98761,290,1,290
2449,1071,332308,fd831816,175,1,175
2450,1071,332308,fd877410,301,1,301
2451,1072,7327,fd203925,464,1,464
2452,1073,571886,fd135288,103,1,103
2453,1073,571886,fd676838,166,1,166
2454,1073,571886,fd205144,120,1,120
2455,1074,230758,fd124758,126,1,126
2456,1074,230758,fd36237,278,2,556
2457,1074,230758,fd829928,176,2,352
2458,1074,230758,fd477577,98,1,98
2459,1074,230758,fd124758,126,1,126
2460,1075,74376,fd168808,151,1,151
2461,1075,74376,fd66211,76,1,76
2462,1076,52485,fd691601,61,1,61
2463,1077,432587,fd810802,110,1,110
2464,1077,432587,fd913164,145,1,145
2465,1078,172041,fd613874,193,1,193
2466,1078,172041,fd198234,288,2,576
2467,1078,172041,fd273720,217,1,217
2468,1079,4968,fd871748,68,1,68
2469,1080,155268,fd1001025,110,1,110
2470,1080,155268,fd1001025,110,1,110
2471,1080,155268,fd397121,141,1,141
2472,1080,155268,fd708779,271,1,271
2473,1080,155268,fd202741,306,1,306
2474,1080,155268,fd489200,194,1,194
2475,1081,400003,fd1009934,45,1,45
2476,1081,400003,fd1009934,45,1,45
2477,1082,570519,fd615865,163,1,163
2478,1082,570519,fd36129,83,1,83
2479,1082,570519,fd36129,83,1,83
2480,1083,428120,fd1032527,127,1,127
2481,1084,443225,fd1041439,124,1,124
2482,1085,453239,fd129966,47,3,141
2483,1086,173805,fd68496,202,3,606
2484,1086,173805,fd683438,165,2,330
2485,1087,143166,fd898949,287,1,287
2486,1088,396363,fd910791,59,1,59
2487,1088,396363,fd603481,64,1,64
2488,1089,548651,fd884261,95,1,95
2489,1090,419565,fd131192,304,1,304
2490,1090,419565,fd192741,215,1,215
2491,1091,92998,fd674460,170,1,170
2492,1091,92998,fd42880,200,1,200
2493,1092,392154,fd589529,88,1,88
2494,1092,392154,fd482602,99,1,99
2495,1093,197571,fd423487,105,1,105
2496,1093,197571,fd464453,199,1,199
2497,1093,197571,fd538491,218,1,218
2498,1093,197571,fd724230,184,1,184
2499,1094,75966,fd340994,129,1,129
2500,1094,75966,fd340995,129,2,258
2501,1095,346023,fd813700,118,1,118
2502,1095,346023,fd775705,166,1,166
2503,1096,300252,fd987958,173,1,173
2504,1096,300252,fd167302,308,1,308
2505,1097,150052,fd324645,132,1,132
2506,1097,150052,fd770507,154,1,154
2507,1098,72524,fd96770,142,1,142
2508,1098,72524,fd1018810,164,1,164
2509,1099,571937,fd917498,121,3,363
2510,1099,571937,fd916936,152,1,152
2511,1100,267152,fd705793,201,1,201
2512,1100,267152,fd287486,159,1,159
2513,1100,267152,fd287486,159,1,159
2514,1101,430247,fd12526,40,1,40
2515,1101,430247,fd11008,40,3,120
2516,1101,430247,fd480116,135,3,405
2517,1102,504589,fd268378,167,1,167
2518,1102,504589,fd1018611,173,1,173
2519,1103,64991,fd955926,52,1,52
2520,1103,64991,fd349494,50,1,50
2521,1104,431820,fd487964,91,1,91
2522,1104,431820,fd349151,268,1,268
2523,1105,329191,fd914758,114,1,114
2524,1106,462739,fd39843,99,2,198
2525,1106,462739,fd885877,191,1,191
2526,1106,462739,fd39843,99,1,99
2527,1107,110680,fd416950,85,1,85
2528,1107,110680,fd835638,231,1,231
2529,1107,110680,fd416950,85,1,85
2530,1107,110680,fd916154,183,1,183
2531,1107,110680,fd757728,210,1,210
2532,1107,110680,fd176026,93,2,186
2533,1108,312805,fd179638,181,3,543
2534,1109,338899,fd180912,259,1,259
2535,1109,338899,fd787085,215,2,430
2536,1109,338899,fd213088,172,1,172
2537,1110,353956,fd22888,127,1,127
2538,1111,184473,fd468678,97,1,97
2539,1112,164742,fd314673,290,1,290
2540,1113,135693,fd355987,108,1,108
2541,1113,135693,fd139102,252,2,504
2542,1113,135693,fd394619,240,1,240
2543,1113,135693,fd355987,108,1,108
2544,1114,146339,fd104724,63,3,189
2545,1114,146339,fd104724,63,1,63
2546,1114,146339,fd747022,156,1,156
2547,1114,146339,fd2371,166,1,166
2548,1115,518651,fd867987,290,1,290
2549,1115,518651,fd39748,156,1,156
2550,1116,78519,fd789377,125,1,125
2551,1116,78519,fd601033,214,1,214
2552,1116,78519,fd722988,135,1,135
2553,1116,78519,fd601033,214,1,214
2554,1116,78519,fd601033,214,2,428
2555,1117,528779,fd999181,174,1,174
2556,1117,528779,fd1005104,227,1,227
2557,1118,520661,fd179329,151,1,151
2558,1118,520661,fd969870,110,1,110
2559,1118,520661,fd1015959,115,1,115
2560,1119,546862,fd772974,241,1,241
2561,1119,546862,fd590700,233,1,233
2562,1119,546862,fd122778,116,1,116
2563,1120,527940,fd804421,151,1,151
2564,1120,527940,fd597380,136,1,136
2565,1121,156874,fd201746,132,2,264
2566,1121,156874,fd98068,171,1,171
2567,1121,156874,fd98068,171,2,342
2568,1121,156874,fd572611,77,1,77
2569,1122,66229,fd94044,189,1,189
2570,1122,66229,fd529275,111,1,111
2571,1122,66229,fd94044,189,3,567
2572,1123,544874,fd273012,403,1,403
2573,1123,544874,fd700162,129,1,129
2574,1123,544874,fd644113,169,1,169
2575,1124,463687,fd56136,47,1,47
2576,1124,463687,fd966758,83,2,166
2577,1125,318926,fd608390,215,2,430
2578,1125,318926,fd193899,240,1,240
2579,1126,424291,fd358386,129,1,129
2580,1126,424291,fd1047139,149,1,149
2581,1126,424291,fd826031,254,1,254
2582,1127,51509,fd970228,380,3,1140
2583,1127,51509,fd457947,200,1,200
2584,1127,51509,fd655318,510,1,510
2585,1127,51509,fd794436,494,1,494
2586,1128,127294,fd929667,86,2,172
2587,1128,127294,fd646282,62,1,62
2588,1129,655,fd30322,129,1,129
2589,1129,655,fd956812,170,2,340
2590,1130,59810,fd571887,701,1,701
2591,1131,167116,fd2065,150,1,150
2592,1131,167116,fd112336,165,1,165
2593,1131,167116,fd669564,198,1,198
2594,1132,410270,fd449878,213,1,213
2595,1132,410270,fd907047,239,1,239
2596,1132,410270,fd487307,183,1,183
2597,1133,70859,fd587534,389,1,389
2598,1134,451291,fd174968,238,1,238
2599,1134,451291,fd174968,238,1,238
2600,1135,557709,fd596794,57,1,57
2601,1135,557709,fd662418,69,1,69
2602,1135,557709,fd242133,59,1,59
2603,1136,67041,fd1043249,96,1,96
2604,1136,67041,fd231239,63,1,63
2605,1137,437175,fd471501,161,1,161
2606,1137,437175,fd769328,84,2,168
2607,1138,137701,fd47104,150,1,150
2608,1138,137701,fd47235,265,1,265
2609,1139,126984,fd831320,122,2,244
2610,1139,126984,fd850509,133,1,133
2611,1139,126984,fd536105,209,1,209
2612,1140,10359,fd310034,216,1,216
2613,1141,425815,fd153470,65,1,65
2614,1141,425815,fd153470,65,1,65
2615,1142,290346,fd789001,296,1,296
2616,1143,289843,fd136784,150,2,300
2617,1144,223408,fd333592,138,1,138
2618,1145,510082,fd133883,137,1,137
2619,1145,510082,fd860559,85,2,170
2620,1146,46558,fd179988,273,2,548
2621,1147,399125,fd589678,191,1,191
2622,1148,4497,fd697500,232,1,232
2623,1148,4497,fd430819,161,1,161
2624,1148,4497,fd3921,214,1,214
2625,1148,4497,fd251650,138,1,138
2626,1148,4497,fd446855,132,1,132
2627,1149,386165,fd666234,98,1,98
2628,1149,386165,fd968727,44,1,44
2629,1149,386165,fd301592,129,1,129
2630,1149,386165,fd843501,93,1,93
2631,1150,509210,fd830071,86,1,86
2632,1150,509210,fd159915,146,1,146
2633,1150,509210,fd24026,247,1,247
2634,1151,565784,fd855777,92,1,92
2635,1152,439012,fd761474,210,1,210
2636,1152,439012,fd47235,180,1,180
2637,1152,439012,fd8195,190,1,190
2638,1152,439012,fd761526,320,2,640
2639,1153,82918,fd854882,114,2,228
2640,1153,82918,fd356669,78,1,78
2641,1153,82918,fd854882,114,1,114
2642,1154,54214,fd404664,93,2,186
2643,1154,54214,fd250639,175,1,175
2644,1155,5908,fd1012151,607,1,607
2645,1156,218518,fd644908,215,1,215
2646,1156,218518,fd546954,82,2,164
2647,1156,218518,fd336702,96,1,96
2648,1156,218518,fd47605,71,1,71
2649,1156,218518,fd546954,82,1,82
2650,1157,450201,fd833918,103,1,103
2651,1157,450201,fd475865,40,1,40
2652,1157,450201,fd475865,40,1,40
2653,1157,450201,fd855672,122,1,122
2654,1157,450201,fd896856,60,1,60
2655,1157,450201,fd855672,122,1,122
2656,1158,258783,fd748341,63,1,63
2657,1159,296533,fd664861,254,1,254
2658,1159,296533,fd360746,194,1,194
2659,1159,296533,fd664861,254,1,254
2660,1159,296533,fd851926,133,1,133
2661,1160,158363,fd842746,234,1,234
2662,1161,432877,fd1041569,170,1,170
2663,1161,432877,fd1034303,83,1,83
2664,1162,433830,fd155615,244,1,244
2665,1162,433830,fd719905,170,2,340
2666,1163,193493,fd548915,237,1,237
2667,1164,433264,fd4815,290,1,290
2668,1165,400006,fd400079,159,1,159
2669,1165,400006,fd859173,104,1,104
2670,1166,363699,fd130204,111,2,222
2671,1167,494520,fd306587,216,2,432
2672,1167,494520,fd800716,202,1,202
2673,1167,494520,fd819311,220,1,220
2674,1167,494520,fd147437,162,1,162
2675,1167,494520,fd819311,220,1,220
2676,1167,494520,fd910355,84,1,84
2677,1168,550380,fd884044,114,1,114
2678,1168,550380,fd797975,154,1,154
2679,1169,521243,fd121561,77,3,231
2680,1170,173862,fd34420,310,1,310
2681,1170,173862,fd858016,216,1,216
2682,1170,173862,fd566438,180,1,180
2683,1170,173862,fd3606,305,1,305
2684,1170,173862,fd104535,294,1,294
2685,1170,173862,fd858016,216,2,432
2686,1171,563916,fd83463,168,2,336
2687,1172,540595,fd397020,103,1,103
2688,1172,540595,fd101996,52,1,52
2689,1173,66115,fd357274,52,1,52
2690,1174,73657,fd682118,350,1,350
2691,1174,73657,fd682005,340,1,340
2692,1175,535680,fd430117,143,1,143
2693,1175,535680,fd233816,217,1,217
2694,1176,78288,fd226195,178,1,178
2695,1176,78288,fd288154,180,1,180
2696,1176,78288,fd323914,179,1,179
2697,1177,426910,fd149528,239,1,239
2698,1177,426910,fd833538,171,1,171
2699,1177,426910,fd24322,158,1,158
2700,1178,410951,fd100401,74,1,74
2701,1178,410951,fd100401,74,1,74
2702,1179,88754,fd13729,114,1,114
2703,1179,88754,fd786263,198,1,198
2704,1180,381082,fd7898,195,3,585
2705,1180,381082,fd3794,235,1,235
2706,1181,478608,fd135641,94,1,94
2707,1181,478608,fd537864,96,1,96
2708,1181,478608,fd780780,201,1,201
2709,1181,478608,fd419565,173,1,173
2710,1182,526746,fd184986,111,1,111
2711,1182,526746,fd426143,145,1,145
2712,1182,526746,fd426143,145,1,145
2713,1182,526746,fd649,159,1,159
2714,1182,526746,fd184986,111,1,111
2715,1183,516869,fd239223,100,1,100
2716,1183,516869,fd239223,100,2,200
2717,1183,516869,fd651528,95,2,190
2718,1183,516869,fd410305,125,2,250
2719,1184,175037,fd376369,392,1,392
2720,1184,175037,fd492051,219,1,219
2721,1185,67659,fd765048,257,1,257
2722,1185,67659,fd106353,171,1,171
2723,1186,194545,fd347242,97,1,97
2724,1187,23098,fd756549,313,1,313
2725,1187,23098,fd835396,109,1,109
2726,1188,221037,fd747717,201,1,201
2727,1189,34785,fd383681,178,2,356
2728,1189,34785,fd116490,71,1,71
2729,1189,34785,fd663313,82,1,82
2730,1190,266530,fd471430,238,1,238
2731,1190,266530,fd888702,275,1,275
2732,1191,151184,fd1045858,57,1,57
2733,1191,151184,fd928562,48,1,48
2734,1192,67827,fd173429,103,1,103
2735,1192,67827,fd350085,143,1,143
2736,1192,67827,fd1026902,245,1,245
2737,1192,67827,fd173429,103,1,103
2738,1193,18360,fd79642,254,1,254
2739,1193,18360,fd369903,242,1,242
2740,1193,18360,fd474350,99,1,99
2741,1194,407290,fd287044,118,1,118
2742,1195,407205,fd68570,105,2,210
2743,1195,407205,fd68570,105,1,105
2744,1196,405204,fd656464,32,1,32
2745,1197,22299,fd297133,116,1,116
2746,1197,22299,fd552331,54,1,54
2747,1198,177286,fd799583,128,3,384
2748,1199,71436,fd679234,396,1,396
2749,1199,71436,fd1043697,170,1,170
2750,1200,379167,fd5171,180,2,360
2751,1200,379167,fd11701,170,2,340
2752,1200,379167,fd496797,330,1,330
2753,1201,220157,fd3529,69,1,69
2754,1201,220157,fd306482,83,1,83
2755,1202,27573,fd803318,253,1,253
2756,1202,27573,fd803318,253,1,253
2757,1202,27573,fd609870,242,1,242
2758,1203,413262,fd857529,254,1,254
2759,1204,80580,fd597122,153,2,306
2760,1205,427228,fd319036,244,1,244
2761,1205,427228,fd344476,352,1,352
2762,1205,427228,fd159507,622,1,622
2763,1205,427228,fd316927,601,1,601
2764,1205,427228,fd344476,352,1,352
2765,1206,444667,fd1037751,205,1,205
2766,1207,231848,fd3797,245,1,245
2767,1207,231848,fd871041,220,1,220
2768,1207,231848,fd2557,190,1,190
2769,1208,381767,fd795848,167,2,334
2770,1209,238554,fd568638,184,2,368
2771,1209,238554,fd876914,186,1,186
2772,1209,238554,fd285395,174,1,174
2773,1209,238554,fd689028,210,1,210
2774,1210,35284,fd662288,329,1,329
2775,1211,563764,fd305451,118,1,118
2776,1211,563764,fd880413,121,1,121
2777,1212,444968,fd149294,240,1,240
2778,1212,444968,fd149294,240,2,480
2779,1213,234634,fd118584,167,3,501
2780,1213,234634,fd330413,63,2,126
2781,1213,234634,fd578831,120,1,120
2782,1214,289257,fd750567,98,2,196
2783,1215,447352,fd867790,309,1,309
2784,1215,447352,fd613021,183,2,366
2785,1216,330080,fd804639,235,1,235
2786,1216,330080,fd985023,270,1,270
2787,1216,330080,fd143915,288,1,288
2788,1217,340944,fd339790,134,1,134
2789,1218,522518,fd559611,178,1,178
2790,1218,522518,fd238652,171,1,171
2791,1219,363163,fd561250,136,2,272
2792,1220,101055,fd274519,204,1,204
2793,1221,343555,fd484633,140,1,140
2794,1221,343555,fd484611,280,3,840
2795,1222,462679,fd734804,177,1,177
2796,1222,462679,fd644517,105,1,105
2797,1222,462679,fd478235,149,1,149
2798,1222,462679,fd302696,91,2,182
2799,1223,110014,fd757246,143,1,143
2800,1223,110014,fd981768,108,1,108
2801,1224,533551,fd277332,260,1,260
2802,1224,533551,fd483620,119,1,119
2803,1225,507354,fd25348,222,2,444
2804,1225,507354,fd716926,93,1,93
2805,1226,295917,fd294518,237,1,237
2806,1226,295917,fd88435,205,1,205
2807,1226,295917,fd88435,205,1,205
2808,1226,295917,fd668151,250,1,250
2809,1226,295917,fd648396,222,3,666
2810,1227,541684,fd90634,79,1,79
2811,1227,541684,fd726972,67,1,67
2812,1227,541684,fd444419,126,2,252
2813,1228,304235,fd662467,26,1,26
2814,1228,304235,fd944889,35,1,35
2815,1228,304235,fd710697,24,1,24
2816,1229,458400,fd741867,109,1,109
2817,1229,458400,fd813668,47,1,47
2818,1230,529070,fd821805,114,1,114
2819,1230,529070,fd821805,114,1,114
2820,1230,529070,fd821805,114,1,114
2821,1231,79605,fd862960,132,1,132
2822,1231,79605,fd326052,112,1,112
2823,1232,58772,fd313086,128,1,128
2824,1232,58772,fd22951,127,1,127
2825,1232,58772,fd339794,134,1,134
2826,1232,58772,fd981863,120,2,240
2827,1232,58772,fd797853,179,1,179
2828,1233,390842,fd74244,150,1,150
2829,1233,390842,fd74244,150,1,150
2830,1233,390842,fd74244,150,1,150
2831,1233,390842,fd623313,210,2,420
2832,1233,390842,fd1016276,149,1,149
2833,1234,467226,fd121329,388,1,388
2834,1234,467226,fd662266,180,1,180
2835,1234,467226,fd668742,404,1,404
2836,1235,340078,fd1033006,172,1,172
2837,1236,541830,fd101825,88,1,88
2838,1236,541830,fd645120,131,1,131
2839,1237,492744,fd114587,20,1,20
2840,1237,492744,fd381668,34,1,34
2841,1237,492744,fd898446,38,1,38
2842,1237,492744,fd396793,36,1,36
2843,1237,492744,fd898446,38,1,38
2844,1238,57964,fd125140,112,1,112
2845,1238,57964,fd1026612,81,1,81
2846,1239,303445,fd242276,267,1,267
2847,1239,303445,fd862781,226,1,226
2848,1240,64279,fd246079,62,1,62
2849,1240,64279,fd907165,74,1,74
2850,1240,64279,fd627271,82,2,164
2851,1240,64279,fd1008090,56,1,56
2852,1241,557324,fd897130,164,1,164
2853,1241,557324,fd459301,245,1,245
2854,1242,74605,fd9388,428,1,428
2855,1243,111631,fd6609,296,2,592
2856,1244,473790,fd135675,83,1,83
2857,1244,473790,fd758810,129,1,129
2858,1244,473790,fd230578,119,1,119
2859,1245,325132,fd884870,128,1,128
2860,1245,325132,fd670131,171,2,342
2861,1246,40595,fd981585,148,1,148
2862,1246,40595,fd305661,199,2,398
2863,1247,566819,fd295775,55,1,55
2864,1248,319701,fd566513,104,1,104
2865,1248,319701,fd566513,104,1,104
2866,1249,333748,fd463368,74,2,148
2867,1249,333748,fd2760,97,1,97
2868,1249,333748,fd75794,75,1,75
2869,1250,14055,fd615339,147,1,147
2870,1250,14055,fd546752,346,1,346
2871,1250,14055,fd164392,226,2,452
2872,1251,64268,fd307061,262,1,262
2873,1252,371552,fd700037,80,1,80
2874,1253,387802,fd246596,76,1,76
2875,1253,387802,fd927713,61,1,61
2876,1253,387802,fd140714,59,1,59
2877,1254,353606,fd902151,40,2,80
2878,1254,353606,fd606782,179,1,179
2879,1254,353606,fd873055,199,1,199
2880,1255,433379,fd949631,239,1,239
2881,1255,433379,fd855712,254,1,254
2882,1256,506,fd884213,339,2,678
2883,1257,55646,fd235685,168,1,168
2884,1257,55646,fd710006,54,1,54
2885,1257,55646,fd1019819,162,1,162
2886,1257,55646,fd108128,102,1,102
2887,1258,295255,fd1024047,165,1,165
2888,1258,295255,fd850914,88,1,88
2889,1258,295255,fd850914,88,1,88
2890,1259,6298,fd126845,402,1,402
2891,1259,6298,fd639811,359,3,1077
2892,1260,341011,fd326304,358,1,358
2893,1260,341011,fd744240,128,2,256
2894,1261,444179,fd121560,209,1,209
2895,1261,444179,fd93411,165,1,165
2896,1261,444179,fd388850,121,1,121
2897,1262,136346,fd3754,253,2,506
2898,1262,136346,fd685989,498,1,498
2899,1262,136346,fd3754,253,1,253
2900,1263,528358,fd606389,231,1,231
2901,1263,528358,fd467099,233,3,699
2902,1264,476165,fd392486,104,1,104
2903,1264,476165,fd392486,104,1,104
2904,1265,521326,fd867950,214,1,214
2905,1265,521326,fd164795,224,3,672
2906,1265,521326,fd809393,115,2,230
2907,1266,528234,fd542515,103,1,103
2908,1266,528234,fd203896,112,1,112
2909,1267,224025,fd324829,155,1,155
2910,1267,224025,fd428762,334,3,1002
2911,1267,224025,fd49,283,1,283
2912,1267,224025,fd580015,191,1,191
2913,1267,224025,fd49,283,1,283
2914,1267,224025,fd956829,231,1,231
2915,1268,7956,fd112280,1227,1,1227
2916,1268,7956,fd919963,605,1,605
2917,1269,561430,fd509109,96,2,192
2918,1270,464329,fd69674,194,1,194
2919,1271,381297,fd141444,125,1,125
2920,1271,381297,fd147491,103,1,103
2921,1271,381297,fd265988,56,1,56
2922,1272,445940,fd664961,100,1,100
2923,1272,445940,fd693014,130,1,130
2924,1272,445940,fd656284,64,1,64
2925,1272,445940,fd918385,48,2,96
2926,1272,445940,fd599441,86,1,86
2927,1273,459626,fd432437,78,1,78
2928,1273,459626,fd39979,183,1,183
2929,1274,477319,fd75418,96,1,96
2930,1274,477319,fd270749,92,2,184
2931,1274,477319,fd866248,44,1,44
2932,1275,293472,fd157911,139,3,417
2933,1276,473085,fd124115,159,1,159
2934,1276,473085,fd252654,319,1,319
2935,1277,524703,fd780704,66,1,66
2936,1277,524703,fd230651,32,1,32
2937,1278,499861,fd431761,147,1,147
2938,1279,185996,fd609295,390,1,390
2939,1280,465882,fd43437,267,1,267
2940,1280,465882,fd545887,245,1,245
2941,1280,465882,fd365950,182,1,182
2942,1281,415206,fd662691,138,1,138
2943,1282,290731,fd80185,170,1,170
2944,1282,290731,fd1042221,90,1,90
2945,1282,290731,fd830184,179,1,179
2946,1282,290731,fd80185,170,1,170
2947,1283,262051,fd880444,249,1,249
2948,1284,48083,fd787223,64,1,65
2949,1285,390069,fd473908,128,1,128
2950,1285,390069,fd27478,120,1,120
2951,1286,330117,fd663698,118,1,118
2952,1286,330117,fd939169,76,2,152
2953,1287,535329,fd764390,259,1,259
2954,1287,535329,fd651817,129,1,129
2955,1287,535329,fd1690,189,1,189
2956,1287,535329,fd764313,219,1,219
2957,1288,216658,fd107395,110,1,110
2958,1288,216658,fd738627,76,1,76
2959,1288,216658,fd107395,110,1,110
2960,1288,216658,fd85381,106,1,106
2961,1289,521784,fd2909,92,1,92
2962,1289,521784,fd2909,92,1,92
2963,1290,389876,fd103490,144,1,144
2964,1291,223407,fd264069,154,1,154
2965,1291,223407,fd157654,213,1,213
2966,1292,103123,fd726858,162,1,162
2967,1292,103123,fd461265,116,1,116
2968,1292,103123,fd726858,162,1,162
2969,1292,103123,fd387452,299,1,299
2970,1292,103123,fd461265,116,2,232
2971,1293,455476,fd24933,75,3,225
2972,1293,455476,fd24933,75,3,225
2973,1293,455476,fd507745,129,1,129
2974,1293,455476,fd96811,149,1,149
2975,1293,455476,fd1045,149,1,149
2976,1294,100721,fd365746,269,1,269
2977,1294,100721,fd823360,156,1,156
2978,1295,462918,fd847853,199,1,199
2979,1295,462918,fd236412,113,1,113
2980,1296,45896,fd655218,101,1,101
2981,1296,45896,fd266438,75,2,150
2982,1297,516840,fd1003518,145,1,145
2983,1298,380152,fd498639,150,1,150
2984,1298,380152,fd498672,270,1,270
2985,1299,393372,fd364027,42,2,84
2986,1300,364460,fd47103,125,2,250
2987,1301,505240,fd836014,199,1,199
2988,1301,505240,fd899138,414,1,414
2989,1301,505240,fd521431,313,1,313
2990,1302,538905,fd866047,86,1,86
2991,1303,62730,fd1006142,135,1,135
2992,1303,62730,fd509096,142,1,142
2993,1304,258069,fd774778,172,1,172
2994,1304,258069,fd544676,156,2,312
2995,1304,258069,fd644908,86,1,86
2996,1304,258069,fd471175,200,1,200
2997,1305,531949,fd115723,150,1,150
2998,1305,531949,fd35792,100,1,100
2999,1305,531949,fd204264,200,2,400
3000,1305,531949,fd204272,270,1,270
3001,1306,330317,fd107190,119,1,119
3002,1306,330317,fd107190,119,2,238
3003,1306,330317,fd24182,140,1,140
3004,1306,330317,fd47102,251,1,251
3005,1307,175707,fd327116,110,1,110
3006,1307,175707,fd8130,117,1,117
3007,1307,175707,fd327116,110,1,110
3008,1308,25406,fd1005360,359,1,359
3009,1308,25406,fd721107,108,1,108
3010,1309,138744,fd590015,160,1,160
3011,1309,138744,fd590029,160,2,320
3012,1309,138744,fd590035,45,1,45
3013,1310,226786,fd147407,130,3,390
3014,1311,457883,fd166273,25,2,50
3015,1311,457883,fd166273,25,1,25
3016,1311,457883,fd20682,31,1,31
3017,1312,343489,fd691982,154,1,155
3018,1312,343489,fd2641,174,1,174
3019,1312,343489,fd456882,174,1,174
3020,1313,237198,fd684013,41,1,41
3021,1314,462158,fd605476,159,3,477
3022,1314,462158,fd130463,113,1,113
3023,1315,116197,fd466549,101,2,202
3024,1316,87261,fd277753,293,1,293
3025,1316,87261,fd73774,176,1,176
3026,1317,574317,fd407166,273,1,273
3027,1317,574317,fd344525,331,1,331
3028,1317,574317,fd952651,301,1,301
3029,1317,574317,fd553383,302,1,302
3030,1318,471345,fd533744,281,1,281
3031,1318,471345,fd446320,184,1,184
3032,1318,471345,fd736287,112,1,112
3033,1319,395607,fd439,245,1,245
3034,1319,395607,fd138519,236,3,708
3035,1320,284174,fd339002,57,3,171
3036,1320,284174,fd29398,102,1,102
3037,1320,284174,fd339002,57,1,57
3038,1321,159556,fd77871,80,1,80
3039,1321,159556,fd1010,179,1,179
3040,1321,159556,fd530100,99,2,198
3041,1322,153746,fd815547,129,1,129
3042,1322,153746,fd774886,60,1,60
3043,1323,425098,fd818413,228,1,228
3044,1323,425098,fd1042981,228,1,228
3045,1323,425098,fd882808,186,1,186
3046,1323,425098,fd929605,96,1,96
3047,1324,521904,fd5,67,1,67
3048,1325,3856,fd216033,133,3,399
3049,1325,3856,fd590709,108,2,216
3050,1326,437006,fd146165,98,1,98
3051,1326,437006,fd683490,126,1,126
3052,1326,437006,fd720841,166,1,166
3053,1327,385175,fd283137,141,1,141
3054,1327,385175,fd615608,269,1,269
3055,1327,385175,fd648013,109,1,109
3056,1328,441732,fd25413,94,1,94
3057,1329,402477,fd838566,205,1,205
3058,1329,402477,fd386687,200,1,200
3059,1329,402477,fd466472,81,1,81
3060,1330,394141,fd18596,150,1,150
3061,1330,394141,fd670125,340,1,340
3062,1330,394141,fd47151,100,1,100
3063,1331,429377,fd242120,110,1,110
3064,1331,429377,fd86567,73,1,73
3065,1331,429377,fd920435,103,1,103
3066,1332,513860,fd444547,183,1,183
3067,1332,513860,fd444547,183,3,549
3068,1333,550127,fd661086,211,1,211
3069,1333,550127,fd668703,212,1,212
3070,1333,550127,fd738406,154,2,308
3071,1333,550127,fd515398,70,1,70
3072,1334,145723,fd50925,107,1,107
3073,1334,145723,fd780711,157,1,157
3074,1334,145723,fd780711,157,1,157
3075,1335,560208,fd876057,209,1,209
3076,1335,560208,fd24482,179,1,179
3077,1335,560208,fd876050,49,1,49
3078,1335,560208,fd876037,259,3,777
3079,1336,480636,fd889354,134,1,134
3080,1337,304136,fd117,65,2,130
3081,1338,133179,fd472346,76,1,76
3082,1339,227930,fd46960,50,2,100
3083,1340,258911,fd326626,309,1,309
3084,1340,258911,fd326650,321,1,321
3085,1340,258911,fd326653,85,1,85
3086,1341,456809,fd182794,85,1,85
3087,1341,456809,fd294288,68,1,68
3088,1342,400762,fd71240,102,1,102
3089,1342,400762,fd129858,164,1,164
3090,1343,329431,fd837322,255,1,255
3091,1344,164202,fd489995,109,3,327
3092,1344,164202,fd489995,109,1,109
3093,1344,164202,fd804857,48,1,48
3094,1345,463777,fd311674,720,2,1440
3095,1345,463777,fd428957,268,2,536
3096,1346,515313,fd169741,79,1,79
3097,1347,150881,fd486252,102,2,204
3098,1347,150881,fd486252,102,2,204
3099,1348,326294,fd541227,175,1,175
3100,1348,326294,fd71262,122,1,122
3101,1348,326294,fd175174,138,1,138
3102,1349,483338,fd322388,150,1,150
3103,1350,78166,fd58592,106,1,106
3104,1350,78166,fd737797,176,1,176
3105,1351,73955,fd35957,261,1,261
3106,1351,73955,fd84666,268,1,268
3107,1351,73955,fd35957,261,1,261
3108,1351,73955,fd176455,109,1,109
3109,1352,187498,fd166247,199,1,199
3110,1352,187498,fd344126,73,1,73
3111,1352,187498,fd603916,87,2,174
3112,1352,187498,fd104805,218,1,218
3113,1353,426933,fd743032,84,1,84
3114,1353,426933,fd247957,93,2,186
3115,1353,426933,fd607466,109,1,109
3116,1354,237708,fd207592,124,1,124
3117,1354,237708,fd659632,160,1,160
3118,1354,237708,fd43651,140,1,140
3119,1354,237708,fd207592,124,1,124
3120,1354,237708,fd16196,92,2,184
3121,1354,237708,fd85004,136,1,136
3122,1355,261774,fd587259,52,1,52
3123,1355,261774,fd887679,54,2,108
3124,1355,261774,fd808716,138,2,276
3125,1355,261774,fd887679,54,1,54
3126,1355,261774,fd792237,111,1,111
3127,1356,175169,fd79536,151,1,151
3128,1356,175169,fd1005615,175,1,175
3129,1356,175169,fd782780,84,2,168
3130,1356,175169,fd955966,103,1,103
3131,1357,453029,fd990466,328,2,656
3132,1357,453029,fd899541,208,2,416
3133,1358,396153,fd396500,152,1,152
3134,1359,53334,fd314409,160,1,160
3135,1359,53334,fd849593,128,1,128
3136,1359,53334,fd172336,102,1,102
3137,1360,438570,fd996955,260,1,260
3138,1360,438570,fd364035,172,1,172
3139,1361,25546,fd486884,110,2,220
3140,1361,25546,fd853551,178,1,178
3141,1361,25546,fd194626,165,1,165
3142,1361,25546,fd44781,155,1,155
3143,1362,443968,fd78435,141,1,141
3144,1362,443968,fd142318,180,1,180
3145,1362,443968,fd797143,119,1,119
3146,1363,115673,fd711435,98,1,98
3147,1363,115673,fd54840,131,1,131
3148,1363,115673,fd95073,115,1,115
3149,1363,115673,fd51766,182,1,182
3150,1364,529118,fd603287,118,2,236
3151,1364,529118,fd958502,262,1,262
3152,1364,529118,fd111959,219,1,219
3153,1365,522938,fd446880,89,1,89
3154,1365,522938,fd661988,93,1,93
3155,1365,522938,fd852528,85,1,85
3156,1366,318249,fd315449,377,1,377
3157,1367,465328,fd928385,281,1,281
3158,1367,465328,fd278154,332,1,332
3159,1367,465328,fd300287,299,1,299
3160,1368,334362,fd753294,101,1,101
3161,1368,334362,fd307022,100,1,100
3162,1368,334362,fd293373,182,2,364
3163,1369,353822,fd547879,122,1,122
3164,1370,506176,fd1029355,116,1,116
3165,1371,46687,fd30870,147,1,147
3166,1372,193700,fd119711,62,1,62
3167,1372,193700,fd448041,84,1,84
3168,1372,193700,fd831001,116,1,116
3169,1373,317948,fd588991,53,1,53
3170,1373,317948,fd293981,104,1,104
3171,1373,317948,fd1024413,156,1,156
3172,1374,57452,fd571124,158,1,158
3173,1375,441139,fd239230,93,1,93
3174,1375,441139,fd193274,71,1,71
3175,1376,69584,fd135158,168,1,168
3176,1376,69584,fd676575,120,2,240
3177,1376,69584,fd824039,118,1,118
3178,1377,20929,fd508938,335,1,335
3179,1377,20929,fd471079,292,1,292
3180,1378,401412,fd991944,339,1,339
3181,1378,401412,fd112356,167,1,167
3182,1379,91758,fd373718,173,1,173
3183,1379,91758,fd17638,118,1,118
3184,1379,91758,fd658779,137,1,137
3185,1380,563137,fd792946,249,2,498
3186,1381,38026,fd100427,130,1,130
3187,1381,38026,fd647623,176,1,176
3188,1382,93902,fd333118,110,1,110
3189,1382,93902,fd112378,101,1,101
3190,1382,93902,fd941731,45,1,45
3191,1383,514445,fd708515,231,1,231
3192,1383,514445,fd824076,93,1,93
3193,1383,514445,fd1003375,171,1,171
3194,1384,10272,fd313500,253,1,253
3195,1384,10272,fd652222,515,1,515
3196,1384,10272,fd425979,502,2,1004
3197,1384,10272,fd69746,427,1,427
3198,1384,10272,fd425979,502,1,502
3199,1385,173825,fd441630,180,2,360
3200,1385,173825,fd228983,207,2,414
3201,1385,173825,fd228983,207,1,207
3202,1386,340479,fd839386,138,1,138
3203,1386,340479,fd509145,128,1,128
3204,1387,52316,fd39990,112,1,112
3205,1388,62408,fd402769,67,1,67
3206,1389,346847,fd419949,117,2,234
3207,1389,346847,fd507599,128,1,128
3208,1390,529873,fd338316,130,3,390
3209,1391,145386,fd624798,100,1,100
3210,1391,145386,fd127705,18,3,54
3211,1391,145386,fd66287,20,1,20
3212,1392,485706,fd203520,85,1,85
3213,1392,485706,fd1045555,69,2,138
3214,1393,322443,fd530255,129,1,129
3215,1393,322443,fd126656,130,1,130
3216,1394,326391,fd195760,280,2,560
3217,1394,326391,fd195816,50,1,50
3218,1395,339152,fd116800,96,1,96
3219,1395,339152,fd116800,96,1,96
3220,1396,466269,fd787320,150,1,150
3221,1396,466269,fd11818,259,1,259
3222,1396,466269,fd43857,341,1,341
3223,1397,18357,fd565214,129,1,129
3224,1398,520115,fd63409,232,1,232
3225,1398,520115,fd504959,115,1,115
3226,1399,394140,fd22361,100,1,100
3227,1400,432527,fd682891,96,1,96
3228,1400,432527,fd762343,66,1,66
3229,1401,8870,fd182743,72,1,72
3230,1402,174608,fd100701,74,1,74
3231,1402,174608,fd510824,102,1,102
3232,1403,366004,fd39765,237,1,237
3233,1403,366004,fd115151,211,1,211
3234,1403,366004,fd55794,126,1,126
3235,1403,366004,fd39765,237,1,237
3236,1404,265398,fd421816,128,2,256
3237,1404,265398,fd339216,180,1,180
3238,1405,74493,fd923204,244,1,244
3239,1405,74493,fd136650,216,2,432
3240,1406,361082,fd712630,149,1,149
3241,1406,361082,fd7624,136,1,136
3242,1406,361082,fd420437,355,1,355
3243,1407,366453,fd817927,267,1,267
3244,1407,366453,fd480398,91,2,182
3245,1407,366453,fd65867,128,1,128
3246,1407,366453,fd586410,231,1,231
3247,1408,536152,fd633121,70,1,70
3248,1409,245848,fd937079,77,1,77
3249,1410,450625,fd481105,189,2,378
3250,1410,450625,fd931903,132,1,132
3251,1411,364470,fd24651,169,1,169
3252,1412,425399,fd321683,334,1,334
3253,1413,73650,fd65813,66,1,66
3254,1413,73650,fd769400,90,2,180
3255,1413,73650,fd18509,61,2,122
3256,1414,392736,fd905431,118,2,236
3257,1415,368949,fd216039,105,1,105
3258,1415,368949,fd347962,161,2,322
3259,1415,368949,fd225660,127,1,127
3260,1416,40755,fd331705,147,1,147
3261,1416,40755,fd918466,88,2,176
3262,1416,40755,fd159531,219,1,219
3263,1416,40755,fd640331,165,1,165
3264,1417,22736,fd434973,265,1,265
3265,1417,22736,fd812377,300,2,600
3266,1418,326974,fd105008,66,1,66
3267,1418,326974,fd134525,68,1,68
3268,1419,221267,fd106112,150,1,150
3269,1419,221267,fd669996,250,1,250
3270,1420,457544,fd794249,142,1,142
3271,1420,457544,fd357413,258,1,258
3272,1420,457544,fd735406,217,1,217
3273,1421,300821,fd747963,115,1,115
3274,1421,300821,fd747963,115,1,115
3275,1421,300821,fd747963,115,1,115
3276,1422,8394,fd129525,795,2,1590
3277,1422,8394,fd129525,795,2,1590
3278,1422,8394,fd712793,595,2,1190
3279,1423,48209,fd427016,55,1,55
3280,1423,48209,fd140,96,1,96
3281,1424,180401,fd196407,90,1,90
3282,1425,505118,fd840913,65,2,130
3283,1425,505118,fd558157,102,1,102
3284,1426,109623,fd90021,194,1,194
3285,1426,109623,fd633837,179,1,179
3286,1427,465524,fd853372,232,1,232
3287,1428,439739,fd692857,299,1,299
3288,1428,439739,fd692857,299,1,299
3289,1429,54912,fd132988,286,1,286
3290,1430,15904,fd809099,122,1,122
3291,1430,15904,fd605475,163,1,163
3292,1430,15904,fd461171,156,1,156
3293,1430,15904,fd908956,64,2,128
3294,1430,15904,fd47124,90,1,90
3295,1430,15904,fd47124,90,1,90
3296,1431,66603,fd582,140,1,140
3297,1431,66603,fd1007749,220,1,220
3298,1431,66603,fd890001,180,1,180
3299,1431,66603,fd6117,150,1,150
3300,1432,475183,fd42,110,1,110
3301,1432,475183,fd669300,110,2,220
3302,1432,475183,fd17731,120,1,120
3303,1432,475183,fd538513,239,1,239
3304,1432,475183,fd692702,130,1,130
3305,1433,362276,fd736502,223,1,223
3306,1433,362276,fd181888,154,1,154
3307,1433,362276,fd586519,112,1,112
3308,1434,533146,fd137330,125,1,125
3309,1434,533146,fd137330,125,1,125
3310,1434,533146,fd450385,108,2,216
3311,1435,417281,fd88156,138,1,138
3312,1435,417281,fd358492,137,1,137
3313,1436,328817,fd99859,54,1,54
3314,1436,328817,fd99859,54,3,162
3315,1437,431182,fd473388,235,1,235
3316,1437,431182,fd15647,95,1,95
3317,1438,236903,fd845476,131,1,131
3318,1439,525335,fd27959,145,1,145
3319,1440,366061,fd931445,120,1,120
3320,1440,366061,fd518980,154,1,154
3321,1441,200538,fd364292,125,2,250
3322,1441,200538,fd351980,47,1,47
3323,1442,524037,fd261902,239,1,239
3324,1443,373065,fd182534,451,1,451
3325,1444,441784,fd725694,178,1,178
3326,1445,64728,fd26253,235,1,235
3327,1445,64728,fd26253,235,1,235
3328,1446,25949,fd113091,277,1,277
3329,1447,521206,fd745074,175,1,175
3330,1447,521206,fd745074,175,1,175
3331,1448,216739,fd514189,335,1,335
3332,1448,216739,fd514189,335,1,335
3333,1448,216739,fd131880,215,2,430
3334,1449,469875,fd832645,125,1,125
3335,1449,469875,fd839209,96,1,96
3336,1449,469875,fd152394,139,1,139
3337,1450,439700,fd904211,210,1,210
3338,1450,439700,fd9785,195,1,195
3339,1450,439700,fd9174,170,3,510
3340,1451,383009,fd502735,172,1,172
3341,1451,383009,fd712400,63,1,63
3342,1452,352196,fd31663,100,1,100
3343,1452,352196,fd655219,92,1,92
3344,1452,352196,fd120360,258,1,258
3345,1453,346826,fd641358,175,3,525
3346,1454,422225,fd417707,194,1,194
3347,1454,422225,fd417707,194,1,194
3348,1454,422225,fd991877,192,1,192
3349,1454,422225,fd569268,127,1,127
3350,1455,199654,fd51005,210,1,210
3351,1455,199654,fd693779,109,1,109
3352,1455,199654,fd101201,118,1,118
3353,1456,20254,fd528298,174,1,174
3354,1456,20254,fd14474,105,2,210
3355,1457,72547,fd664540,209,1,209
3356,1457,72547,fd546930,107,1,107
3357,1457,72547,fd166196,255,1,255
3358,1457,72547,fd166196,255,1,255
3359,1458,547906,fd223381,74,1,74
3360,1458,547906,fd55960,131,1,131
3361,1459,418211,fd110986,231,2,462
3362,1459,418211,fd320448,289,1,289
3363,1460,579103,fd867389,182,1,182
3364,1460,579103,fd646513,79,1,79
3365,1460,579103,fd630006,104,1,104
3366,1460,579103,fd867389,182,1,182
3367,1461,374381,fd211713,62,1,62
3368,1461,374381,fd215669,62,1,62
3369,1461,374381,fd358731,81,1,81
3370,1461,374381,fd81354,69,1,69
3371,1462,112296,fd559331,288,2,576
3372,1463,124467,fd1033680,102,1,102
3373,1464,427892,fd367964,221,1,221
3374,1464,427892,fd236408,104,1,104
3375,1465,475400,fd295424,74,1,74
3376,1465,475400,fd166888,52,1,52
3377,1465,475400,fd103428,57,1,57
3378,1465,475400,fd290426,82,1,82
3379,1466,479841,fd268331,145,1,145
3380,1466,479841,fd911532,96,1,96
3381,1466,479841,fd899502,176,1,176
3382,1466,479841,fd1008083,225,1,225
3383,1467,407015,fd306571,155,2,310
3384,1467,407015,fd306571,155,1,155
3385,1467,407015,fd451239,118,3,354
3386,1468,364820,fd338906,50,1,50
3387,1469,298886,fd632530,142,1,142
3388,1469,298886,fd507519,165,1,165
3389,1470,544163,fd508109,79,1,79
3390,1470,544163,fd201313,65,1,65
3391,1470,544163,fd764247,38,2,76
3392,1471,439588,fd13265,116,2,232
3393,1471,439588,fd541481,113,1,113
3394,1471,439588,fd539978,99,1,99
3395,1472,539311,fd732,90,1,90
3396,1472,539311,fd25204,80,1,80
3397,1473,47025,fd465411,143,2,286
3398,1473,47025,fd293740,107,1,107
3399,1473,47025,fd373829,105,1,105
3400,1474,216899,fd854206,98,2,196
3401,1474,216899,fd777631,124,1,124
3402,1475,330839,fd24681,275,2,550
3403,1475,330839,fd807800,219,1,219
3404,1475,330839,fd25059,55,2,110
3405,1475,330839,fd807836,299,1,299
3406,1476,207391,fd370491,149,1,149
3407,1477,373294,fd56270,206,2,412
3408,1477,373294,fd56270,206,1,206
3409,1477,373294,fd56270,206,1,206
3410,1477,373294,fd56270,206,2,412
3411,1478,65248,fd72076,244,1,244
3412,1478,65248,fd615676,334,1,334
3413,1479,188517,fd904817,268,1,268
3414,1480,495718,fd364959,144,1,144
3415,1481,452521,fd102573,76,1,76
3416,1481,452521,fd6582,87,1,87
3417,1481,452521,fd616730,157,2,314
3418,1482,543151,fd286746,185,1,185
3419,1482,543151,fd844482,126,1,126
3420,1482,543151,fd627225,211,2,422
3421,1483,21133,fd308302,148,1,148
3422,1483,21133,fd124261,142,1,142
3423,1484,302565,fd862744,155,1,155
3424,1484,302565,fd623315,199,1,199
3425,1484,302565,fd1031338,245,1,245
3426,1484,302565,fd213291,209,1,209
3427,1485,568034,fd217296,178,1,178
3428,1486,302882,fd253410,116,1,116
3429,1487,531871,fd828212,71,1,71
3430,1487,531871,fd855037,110,1,110
3431,1488,94192,fd173261,337,1,337
3432,1488,94192,fd128642,160,1,160
3433,1489,402767,fd225524,144,1,144
3434,1489,402767,fd148591,87,1,87
3435,1489,402767,fd110778,176,1,176
3436,1490,246169,fd320079,260,1,260
3437,1490,246169,fd381656,126,1,126
3438,1490,246169,fd683366,157,1,157
3439,1491,407259,fd89227,320,3,960
3440,1491,407259,fd747345,318,1,318
3441,1491,407259,fd89227,320,1,320
3442,1491,407259,fd89227,320,1,320
3443,1492,529124,fd565445,153,1,153
3444,1493,74157,fd55766,242,1,242
3445,1494,113985,fd10549,240,2,480
3446,1495,331388,fd272557,260,1,260
3447,1495,331388,fd47264,60,1,60
3448,1495,331388,fd120849,260,1,260
3449,1496,409197,fd839488,115,1,115
3450,1496,409197,fd11401,168,1,168
3451,1497,148713,fd129904,192,1,192
3452,1497,148713,fd221765,130,1,130
3453,1498,419561,fd948435,186,1,186
3454,1498,419561,fd726212,274,1,274
3455,1498,419561,fd565039,162,2,324
3456,1499,166684,fd799289,86,1,86
3457,1499,166684,fd885627,130,1,130
3458,1500,40957,fd602210,177,1,177
3459,1500,40957,fd148444,66,1,66
3460,1500,40957,fd186543,55,1,55
3461,1501,60242,fd562034,125,1,125
3462,1501,60242,fd168753,300,1,300
3463,1502,13926,fd1046570,117,1,117
3464,1502,13926,fd896608,268,1,268
3465,1502,13926,fd842110,180,2,360
3466,1503,372883,fd322986,205,1,205
3467,1503,372883,fd677293,107,1,107
3468,1503,372883,fd891046,213,1,213
3469,1504,332182,fd603232,105,1,105
3470,1504,332182,fd654742,56,1,56
3471,1505,230617,fd212688,134,1,134
3472,1505,230617,fd556065,109,1,109
3473,1506,423514,fd831261,167,1,167
3474,1507,265572,fd90841,294,1,294
3475,1507,265572,fd90841,294,1,294
3476,1508,141881,fd521089,99,1,99
3477,1509,413055,fd802041,135,1,135
3478,1510,121788,fd774056,147,1,147
3479,1510,121788,fd154693,102,1,102
3480,1511,27787,fd214775,45,1,45
3481,1511,27787,fd692015,132,1,132
3482,1512,508731,fd420253,380,1,380
3483,1513,551500,fd106223,176,1,176
3484,1514,117232,fd542629,211,1,211
3485,1514,117232,fd555706,84,1,84
3486,1515,395763,fd801650,63,1,63
3487,1515,395763,fd124744,161,1,161
3488,1515,395763,fd801650,63,2,126
3489,1516,336850,fd759835,255,1,255
3490,1516,336850,fd248168,257,1,257
3491,1516,336850,fd248168,257,1,257
3492,1517,416408,fd775328,146,1,146
3493,1517,416408,fd828055,344,1,344
3494,1518,76620,fd114001,92,2,184
3495,1518,76620,fd38024,157,1,157
3496,1519,403168,fd141783,64,1,64
3497,1519,403168,fd819396,146,1,146
3498,1520,44033,fd364131,258,1,258
3499,1520,44033,fd836135,85,1,85
3500,1521,420601,fd371640,55,1,55
3501,1521,420601,fd1043755,52,1,52
3502,1522,93298,fd110413,201,1,201
3503,1522,93298,fd21576,177,1,177
3504,1522,93298,fd673546,148,1,148
3505,1523,131027,fd39492,115,1,115
3506,1523,131027,fd670393,144,2,288
3507,1523,131027,fd44493,201,1,201
3508,1524,565777,fd244933,92,1,92
3509,1525,409442,fd334945,129,3,387
3510,1525,409442,fd766944,164,1,164
3511,1525,409442,fd85906,79,1,79
3512,1525,409442,fd85906,79,1,79
3513,1526,88755,fd93214,203,1,203
3514,1526,88755,fd419933,197,1,197
3515,1526,88755,fd93214,203,1,203
3516,1526,88755,fd600526,177,1,177
3517,1527,278860,fd754802,67,2,134
3518,1528,339160,fd915585,179,1,179
3519,1528,339160,fd282994,178,1,178
3520,1529,405975,fd726866,95,1,95
3521,1530,179792,fd452957,122,1,122
3522,1531,444673,fd866951,258,3,774
3523,1531,444673,fd775733,243,1,243
3524,1532,361957,fd67828,102,1,102
3525,1532,361957,fd67828,102,1,102
3526,1532,361957,fd122166,45,1,45
3527,1533,411671,fd56615,232,1,232
3528,1533,411671,fd594675,171,1,171
3529,1533,411671,fd184366,236,1,236
3530,1533,411671,fd320576,83,1,83
3531,1533,411671,fd184366,236,1,236
3532,1533,411671,fd697081,229,1,229
3533,1534,306077,fd562033,108,1,108
3534,1534,306077,fd353736,168,1,168
3535,1535,403172,fd5818,244,2,488
3536,1535,403172,fd306568,127,1,127
3537,1535,403172,fd992087,346,2,692
3538,1536,400145,fd538705,129,1,129
3539,1537,241522,fd797128,115,1,115
3540,1537,241522,fd292126,123,1,123
3541,1537,241522,fd453895,136,1,136
3542,1538,15551,fd880162,534,1,534
3543,1538,15551,fd880162,534,1,534
3544,1539,222436,fd825476,117,1,117
3545,1539,222436,fd43556,254,2,508
3546,1539,222436,fd624154,220,3,660
3547,1540,361960,fd943694,296,1,296
3548,1541,26457,fd33459,207,1,207
3549,1542,98313,fd543504,187,1,187
3550,1542,98313,fd281219,137,1,137
3551,1542,98313,fd961799,330,2,660
3552,1542,98313,fd46884,220,1,220
3553,1542,98313,fd281219,137,1,137
3554,1542,98313,fd961799,330,1,330
3555,1543,502936,fd18634,114,2,228
3556,1543,502936,fd633893,158,1,158
3557,1543,502936,fd258669,80,1,80
3558,1544,298425,fd555427,125,1,125
3559,1544,298425,fd836106,62,1,62
3560,1544,298425,fd666818,100,1,100
3561,1545,523443,fd602710,154,1,154
3562,1546,206010,fd735565,111,1,111
3563,1547,27163,fd937722,226,1,226
3564,1548,256244,fd138673,174,1,174
3565,1549,343771,fd128958,133,1,133
3566,1550,241673,fd335892,157,1,157
3567,1550,241673,fd641649,158,1,158
3568,1551,153636,fd281198,130,1,130
3569,1552,361057,fd1005440,108,1,108
3570,1552,361057,fd261170,152,1,152
3571,1552,361057,fd618467,112,1,112
3572,1552,361057,fd877416,168,3,504
3573,1553,25095,fd675617,201,1,201
3574,1553,25095,fd675617,201,2,402
3575,1553,25095,fd675617,201,1,201
3576,1554,1200,fd904708,146,3,438
3577,1554,1200,fd836674,346,1,346
3578,1554,1200,fd859245,303,1,303
3579,1554,1200,fd836674,346,1,346
3580,1554,1200,fd374225,225,3,675
3581,1555,538165,fd709922,127,2,254
3582,1555,538165,fd292636,149,1,149
3583,1555,538165,fd873768,165,1,165
3584,1555,538165,fd272121,165,1,165
3585,1556,400727,fd401475,126,1,126
3586,1557,20254,fd59063,94,1,94
3587,1558,572805,fd529429,212,1,212
3588,1559,60121,fd610646,93,1,93
3589,1559,60121,fd846762,83,1,83
3590,1559,60121,fd188383,88,1,88
3591,1559,60121,fd978947,68,1,68
3592,1560,75157,fd71664,117,1,117
3593,1560,75157,fd317084,73,1,73
3594,1561,317266,fd721998,87,2,174
3595,1561,317266,fd108682,85,1,85
3596,1562,302480,fd873559,163,1,163
3597,1562,302480,fd772704,133,1,133
3598,1562,302480,fd794818,111,1,111
3599,1563,175374,fd851653,67,2,134
3600,1563,175374,fd481095,119,1,119
3601,1564,135471,fd1005610,153,2,306
3602,1565,1125,fd390773,223,1,223
3603,1565,1125,fd354152,212,2,424
3604,1566,186993,fd80212,171,1,171
3605,1567,69508,fd135205,154,2,308
3606,1567,69508,fd225825,296,1,296
3607,1567,69508,fd79486,166,1,166
3608,1568,523461,fd29,225,1,225
3609,1568,523461,fd1030782,229,1,229
3610,1569,14834,fd172917,183,1,183
3611,1570,439688,fd192626,244,1,244
3612,1570,439688,fd1035178,150,1,150
3613,1570,439688,fd245795,93,1,93
3614,1570,439688,fd453455,172,1,172
3615,1571,496373,fd302176,68,1,68
3616,1571,496373,fd771473,159,1,159
3617,1572,491119,fd597134,92,2,184
3618,1572,491119,fd495905,179,1,179
3619,1572,491119,fd885293,52,2,104
3620,1572,491119,fd535071,83,1,83
3621,1572,491119,fd517282,153,1,153
3622,1572,491119,fd535071,83,1,83
3623,1573,185157,fd818325,76,2,152
3624,1573,185157,fd644552,127,1,127
3625,1573,185157,fd795114,121,2,242
3626,1573,185157,fd798456,57,1,57
3627,1574,458850,fd146861,217,1,217
3628,1574,458850,fd637816,249,1,249
3629,1575,199314,fd1024162,143,3,429
3630,1575,199314,fd1024162,143,1,143
3631,1576,11050,fd307502,160,2,320
3632,1576,11050,fd184387,216,1,216
3633,1577,448127,fd152982,132,1,132
3634,1577,448127,fd806185,49,1,49
3635,1577,448127,fd234017,101,2,202
3636,1577,448127,fd234017,101,1,101
3637,1577,448127,fd657828,103,1,103
3638,1578,304657,fd801811,179,1,179
3639,1578,304657,fd1032744,152,1,152
3640,1578,304657,fd943492,154,1,154
3641,1578,304657,fd930348,66,1,66
3642,1579,63715,fd385951,180,2,360
3643,1579,63715,fd47273,130,1,130
3644,1580,5297,fd858986,500,1,500
3645,1580,5297,fd1002559,259,1,259
3646,1581,326455,fd966747,327,1,327
3647,1581,326455,fd834372,101,1,101
3648,1582,553690,fd116817,171,1,171
3649,1582,553690,fd500484,270,1,270
3650,1583,300804,fd562136,169,1,169
3651,1583,300804,fd130009,176,1,176
3652,1583,300804,fd206063,67,1,67
3653,1584,5343,fd31844,268,1,268
3654,1585,203210,fd678716,262,1,262
3655,1586,494480,fd81282,122,1,122
3656,1586,494480,fd864058,100,3,300
3657,1586,494480,fd1018080,88,1,88
3658,1586,494480,fd1018080,88,1,88
3659,1587,245651,fd594199,182,1,182
3660,1587,245651,fd924980,218,1,218
3661,1588,418164,fd307717,264,1,264
3662,1588,418164,fd266262,354,1,354
3663,1589,225588,fd141342,46,1,46
3664,1589,225588,fd533742,111,1,111
3665,1590,77184,fd514739,86,1,86
3666,1590,77184,fd926408,134,2,268
3667,1591,373082,fd385805,219,1,219
3668,1591,373082,fd320620,180,1,180
3669,1591,373082,fd149738,219,1,219
3670,1591,373082,fd385805,219,2,438
3671,1591,373082,fd181495,67,1,67
3672,1592,69280,fd513817,233,1,233
3673,1592,69280,fd487411,324,1,324
3674,1592,69280,fd575845,101,1,101
3675,1592,69280,fd1020883,184,2,368
3676,1593,49985,fd728241,151,1,151
3677,1594,394243,fd419152,61,2,122
3678,1594,394243,fd644262,57,1,57
3679,1594,394243,fd13348,106,1,106
3680,1595,46534,fd933547,93,1,93
3681,1596,203758,fd588092,373,3,1119
3682,1596,203758,fd94268,300,2,600
3683,1597,95154,fd77498,195,1,195
3684,1598,465321,fd200746,308,1,308
3685,1598,465321,fd49103,284,2,568
3686,1599,1413,fd505362,292,1,292
3687,1599,1413,fd101347,305,1,305
3688,1600,95409,fd67310,172,1,172
3689,1600,95409,fd141677,126,1,126
3690,1600,95409,fd881734,207,1,207
3691,1600,95409,fd861888,208,1,208
3692,1601,90422,fd284502,320,2,640
3693,1601,90422,fd151411,229,1,229
3694,1601,90422,fd682108,373,1,373
3695,1601,90422,fd907684,180,1,180
3696,1601,90422,fd193309,210,1,210
3697,1602,524683,fd866189,86,1,86
3698,1602,524683,fd730774,92,1,92
3699,1602,524683,fd644152,147,1,147
3700,1603,557536,fd140356,205,1,205
3701,1603,557536,fd482275,161,2,322
3702,1603,557536,fd140356,205,1,205
3703,1604,383415,fd364493,297,1,297
3704,1604,383415,fd606115,312,2,624
3705,1604,383415,fd606115,312,1,312
3706,1604,383415,fd667141,426,1,426
3707,1604,383415,fd667141,426,1,426
3708,1605,378067,fd369459,188,1,188
3709,1605,378067,fd356621,243,1,243
3710,1605,378067,fd356621,243,1,243
3711,1605,378067,fd233329,137,1,137
3712,1605,378067,fd233329,137,3,411
3713,1605,378067,fd76360,256,2,512
3714,1606,36425,fd169778,330,1,330
3715,1607,21001,fd110246,260,3,780
3716,1608,313844,fd740358,57,1,57
3717,1609,24417,fd1017258,180,1,180
3718,1609,24417,fd148547,221,1,221
3719,1609,24417,fd148547,221,1,221
3720,1609,24417,fd175820,294,1,294
3721,1610,128150,fd18886,112,1,112
3722,1610,128150,fd815296,42,2,84
3723,1611,65267,fd22713,126,1,126
3724,1611,65267,fd28596,295,1,295
3725,1612,228916,fd41995,113,2,226
3726,1612,228916,fd751790,102,1,102
3727,1613,232452,fd54550,165,1,165
3728,1614,245106,fd68204,83,2,166
3729,1614,245106,fd427821,99,1,99
3730,1614,245106,fd427821,99,2,198
3731,1614,245106,fd164836,190,1,190
3732,1614,245106,fd701957,142,1,142
3733,1615,152615,fd951945,69,1,69
3734,1616,434122,fd970621,144,1,144
3735,1616,434122,fd64249,177,1,177
3736,1617,288396,fd233347,175,1,175
3737,1617,288396,fd589865,131,1,131
3738,1617,288396,fd866402,305,1,305
3739,1618,195315,fd402765,245,2,490
3740,1618,195315,fd939737,85,1,85
3741,1618,195315,fd939737,85,1,85
3742,1618,195315,fd665007,93,1,93
3743,1619,191321,fd980735,80,1,80
3744,1620,161405,fd47151,90,1,90
3745,1620,161405,fd809,140,2,280
3746,1620,161405,fd1206,25,1,25
3747,1621,228184,fd328540,86,1,86
3748,1622,226915,fd207519,55,1,55
3749,1622,226915,fd927138,49,1,49
3750,1623,345100,fd204996,30,1,30
3751,1624,526109,fd320101,121,1,121
3752,1624,526109,fd257504,29,1,29
3753,1625,104491,fd1015271,79,2,158
3754,1625,104491,fd1015271,79,1,79
3755,1626,85725,fd833483,108,1,108
3756,1626,85725,fd728541,74,1,74
3757,1627,16626,fd471269,221,1,221
3758,1627,16626,fd1046671,127,1,127
3759,1628,496423,fd126452,135,1,135
3760,1629,246075,fd38081,40,1,40
3761,1629,246075,fd217,35,1,35
3762,1630,306258,fd406664,52,1,52
3763,1630,306258,fd60463,76,1,76
3764,1631,397394,fd75053,80,1,80
3765,1631,397394,fd636898,120,1,120
3766,1632,10722,fd495327,197,1,197
3767,1633,476721,fd121866,63,2,126
3768,1634,66395,fd187402,40,1,40
3769,1634,66395,fd275022,72,1,72
3770,1634,66395,fd790496,86,2,172
3771,1635,23112,fd856444,212,1,212
3772,1635,23112,fd459156,181,1,181
3773,1635,23112,fd153121,69,1,69
3774,1636,289517,fd1010192,517,1,517
3775,1636,289517,fd587536,500,1,500
3776,1637,18950,fd524865,290,2,580
3777,1637,18950,fd489873,139,2,278
3778,1637,18950,fd918468,223,1,223
3779,1638,504545,fd557245,156,1,156
3780,1638,504545,fd16210,223,2,446
3781,1639,320814,fd1013240,119,3,357
3782,1640,65132,fd773875,374,1,374
3783,1641,435624,fd28615,671,1,671
3784,1641,435624,fd495549,632,1,632
3785,1642,378551,fd127675,137,2,274
3786,1643,6831,fd867310,434,1,434
3787,1643,6831,fd541604,335,3,1005
3788,1644,73173,fd94090,104,1,104
3789,1645,47735,fd664000,136,1,136
3790,1645,47735,fd664000,136,1,136
3791,1646,492513,fd423439,130,1,130
3792,1646,492513,fd879305,104,1,104
3793,1646,492513,fd419211,154,1,154
3794,1646,492513,fd920314,233,1,233
3795,1647,33854,fd474392,58,1,58
3796,1647,33854,fd330406,30,1,30
3797,1648,225588,fd141342,46,1,46
3798,1648,225588,fd121867,124,1,124
3799,1649,342358,fd850574,334,1,334
3800,1650,85440,fd441497,161,1,161
3801,1650,85440,fd117829,224,1,224
3802,1650,85440,fd117829,224,1,224
3803,1650,85440,fd217209,107,3,321
3804,1650,85440,fd956436,63,1,63
3805,1650,85440,fd94907,151,1,151
3806,1651,239451,fd603665,195,1,195
3807,1651,239451,fd825924,77,1,77
3808,1651,239451,fd384390,191,1,191
3809,1651,239451,fd179605,214,1,214
3810,1652,296658,fd154855,124,1,124
3811,1652,296658,fd868484,147,1,147
3812,1652,296658,fd792210,107,1,107
3813,1652,296658,fd221126,203,1,203
3814,1652,296658,fd350988,121,1,121
3815,1653,80297,fd793328,177,1,177
3816,1653,80297,fd1041581,97,1,97
3817,1653,80297,fd570919,191,2,382
3818,1653,80297,fd50795,155,1,155
3819,1653,80297,fd50795,155,1,155
3820,1653,80297,fd86961,148,3,444
3821,1654,69121,fd575582,210,1,210
3822,1654,69121,fd36044,184,1,184
3823,1654,69121,fd761924,239,1,239
3824,1654,69121,fd36044,184,2,368
3825,1655,73798,fd807664,94,1,94
3826,1655,73798,fd524981,115,1,115
3827,1655,73798,fd727547,64,1,64
3828,1655,73798,fd800287,146,1,146
3829,1656,467179,fd4906,79,1,79
3830,1656,467179,fd55599,179,1,179
3831,1656,467179,fd204492,105,1,105
3832,1657,241947,fd1047925,729,3,2187
3833,1657,241947,fd55948,169,1,169
3834,1657,241947,fd993451,309,1,309
3835,1657,241947,fd993605,269,1,269
3836,1658,114557,fd68467,258,1,258
3837,1658,114557,fd40952,315,1,315
3838,1659,161374,fd527116,300,1,300
3839,1659,161374,fd527109,150,1,150
3840,1660,306061,fd483554,343,1,343
3841,1661,406351,fd715730,115,1,115
3842,1661,406351,fd521783,60,2,120
3843,1662,361599,fd604006,611,1,611
3844,1662,361599,fd881889,531,3,1593
3845,1663,56858,fd803939,149,1,149
3846,1664,386176,fd912922,45,1,45
3847,1665,361085,fd942837,399,1,399
3848,1665,361085,fd179565,141,1,141
3849,1665,361085,fd16432,196,1,196
3850,1666,541344,fd730594,90,1,90
3851,1666,541344,fd162367,120,1,120
3852,1667,42767,fd2103,302,1,302
3853,1668,494836,fd122841,199,1,199
3854,1668,494836,fd4014,189,1,189
3855,1668,494836,fd5445,189,1,189
3856,1668,494836,fd12616,99,1,99
3857,1669,138451,fd169164,65,1,65
3858,1669,138451,fd463319,90,1,90
3859,1670,46944,fd1030611,472,1,472
3860,1670,46944,fd625283,306,2,612
3861,1671,501522,fd665882,156,1,156
3862,1671,501522,fd665882,156,1,156
3863,1671,501522,fd879127,99,1,99
3864,1672,221303,fd1040561,131,1,131
3865,1672,221303,fd403419,81,1,81
3866,1673,322108,fd386099,236,1,236
3867,1673,322108,fd14381,137,2,274
3868,1674,550265,fd315115,92,1,92
3869,1674,550265,fd444786,159,1,159
3870,1675,196000,fd16604,111,1,111
3871,1676,353159,fd452719,91,1,91
3872,1676,353159,fd883272,67,1,67
3873,1677,372552,fd793130,27,2,54
3874,1678,501668,fd129473,308,1,308
3875,1678,501668,fd562039,189,2,378
3876,1678,501668,fd377506,417,2,834
3877,1678,501668,fd974545,163,1,163
3878,1679,348004,fd481767,156,1,156
3879,1679,348004,fd826026,263,1,263
3880,1680,151577,fd64659,105,1,105
3881,1680,151577,fd71,120,1,120
3882,1680,151577,fd143466,115,1,115
3883,1681,57953,fd1016237,116,1,116
3884,1681,57953,fd333705,182,3,546
3885,1682,499685,fd435934,166,2,332
3886,1682,499685,fd435934,166,1,166
3887,1683,149371,fd1018274,180,1,180
3888,1684,236549,fd970897,236,2,472
3889,1684,236549,fd304570,108,1,108
3890,1684,236549,fd970897,236,1,236
3891,1685,181124,fd861055,49,1,49
3892,1686,508874,fd708690,38,1,38
3893,1687,97062,fd512420,261,3,783
3894,1687,97062,fd769085,165,1,165
3895,1688,558818,fd918538,177,1,177
3896,1688,558818,fd2501,154,1,154
3897,1689,353956,fd658465,243,1,243
3898,1689,353956,fd881610,169,1,169
3899,1690,209400,fd798459,113,1,113
3900,1690,209400,fd798459,113,1,113
3901,1691,23705,fd507045,102,2,204
3902,1692,536456,fd791277,117,1,117
3903,1692,536456,fd302975,116,1,116
3904,1693,5936,fd773831,231,2,462
3905,1693,5936,fd392072,120,2,240
3906,1694,108198,fd761977,93,1,93
3907,1694,108198,fd761977,93,1,93
3908,1695,343309,fd92789,138,1,138
3909,1695,343309,fd141319,171,1,171
3910,1695,343309,fd251556,97,1,97
3911,1696,174238,fd580233,89,1,89
3912,1696,174238,fd804387,178,1,178
3913,1696,174238,fd510813,84,2,168
3914,1697,84274,fd935512,150,1,150
3915,1697,84274,fd20774,155,1,155
3916,1697,84274,fd794940,87,1,87
3917,1698,474130,fd806795,192,3,576
3918,1698,474130,fd116444,189,1,189
3919,1698,474130,fd752167,209,1,209
3920,1699,421117,fd311911,326,1,326
3921,1699,421117,fd245456,248,1,248
3922,1700,472768,fd453298,126,1,126
3923,1700,472768,fd987026,136,1,136
3924,1701,334181,fd654886,250,1,250
3925,1701,334181,fd654886,250,1,250
3926,1702,569151,fd626706,128,3,384
3927,1702,569151,fd689796,65,1,65
3928,1702,569151,fd906362,166,1,166
3929,1702,569151,fd1014790,171,2,342
3930,1702,569151,fd626706,128,1,128
3931,1702,569151,fd107669,180,2,360
3932,1703,536921,fd13491,132,2,264
3933,1703,536921,fd730688,208,1,208
3934,1704,425407,fd382111,287,1,287
3935,1705,85243,fd508614,99,1,99
3936,1705,85243,fd29093,135,1,135
3937,1706,233145,fd859126,207,1,207
3938,1706,233145,fd920879,302,1,302
3939,1707,310632,fd871002,537,2,1074
3940,1707,310632,fd849643,472,1,472
3941,1707,310632,fd949390,233,1,233
3942,1708,82055,fd140800,67,1,67
3943,1708,82055,fd880486,108,2,216
3944,1708,82055,fd703464,153,1,153
3945,1709,404465,fd71390,55,1,55
3946,1709,404465,fd456090,87,1,87
3947,1709,404465,fd115143,114,1,114
3948,1710,564467,fd774135,114,1,114
3949,1710,564467,fd332685,209,1,209
3950,1711,64991,fd1030803,26,2,52
3951,1711,64991,fd955926,52,1,52
3952,1712,77062,fd756028,93,1,93
3953,1712,77062,fd339603,210,1,210
3954,1713,431357,fd12131,189,1,189
3955,1713,431357,fd56267,49,1,49
3956,1713,431357,fd793,189,1,189
3957,1713,431357,fd4195,179,1,179
3958,1714,562667,fd37838,164,1,164
3959,1714,562667,fd381668,165,1,165
3960,1715,52478,fd299066,50,1,50
3961,1715,52478,fd279359,31,2,62
3962,1715,52478,fd468405,33,1,33
3963,1715,52478,fd299066,50,1,50
3964,1716,545865,fd832290,137,1,137
3965,1716,545865,fd624170,55,1,55
3966,1717,178377,fd627138,178,1,178
3967,1718,523710,fd578972,125,1,125
3968,1718,523710,fd262077,234,1,234
3969,1719,450045,fd128500,166,1,166
3970,1719,450045,fd333124,139,1,139
3971,1719,450045,fd482638,162,1,162
3972,1719,450045,fd315390,77,1,77
3973,1720,532425,fd245103,39,1,39
3974,1721,40670,fd906396,75,1,75
3975,1721,40670,fd526906,72,1,72
3976,1721,40670,fd935204,51,1,51
3977,1722,44471,fd829494,153,1,153
3978,1722,44471,fd143441,175,1,175
3979,1723,200701,fd159017,140,1,140
3980,1723,200701,fd581477,142,1,142
3981,1724,10619,fd494950,149,2,298
3982,1725,118984,fd147166,76,1,76
3983,1725,118984,fd16657,68,1,68
3984,1725,118984,fd48126,119,1,119
3985,1726,104452,fd831086,74,1,74
3986,1726,104452,fd828323,97,1,97
3987,1726,104452,fd78460,82,1,82
3988,1726,104452,fd889937,49,1,49
3989,1726,104452,fd889937,49,1,49
3990,1726,104452,fd629446,74,1,74
3991,1727,121816,fd135206,157,2,314
3992,1727,121816,fd861877,165,1,165
3993,1728,557554,fd535223,198,2,396
3994,1728,557554,fd751571,108,1,108
3995,1729,546715,fd648355,76,1,76
3996,1729,546715,fd68242,79,1,79
3997,1729,546715,fd61440,79,1,79
3998,1730,173942,fd1033072,299,1,299
3999,1731,162713,fd641550,94,2,188
4000,1732,19126,fd598906,142,1,142
4001,1732,19126,fd612605,245,1,245
4002,1732,19126,fd696652,219,1,219
4003,1732,19126,fd402574,203,2,406
4004,1733,403648,fd928486,176,1,176
4005,1734,331434,fd862870,88,1,88
4006,1735,525788,fd858153,92,1,92
4007,1735,525788,fd765207,127,1,127
4008,1736,27539,fd480389,622,1,622
4009,1737,80329,fd187238,100,1,100
4010,1737,80329,fd854447,74,1,74
4011,1737,80329,fd215812,133,1,133
4012,1738,241346,fd607389,94,1,94
4013,1738,241346,fd462492,169,1,169
4014,1738,241346,fd107430,68,1,68
4015,1738,241346,fd46323,63,2,126
4016,1738,241346,fd206672,67,1,67
4017,1739,392147,fd730233,318,1,318
4018,1739,392147,fd885683,272,1,272
4019,1739,392147,fd946084,203,1,203
4020,1740,259055,fd510637,66,2,132
4021,1741,345412,fd641847,378,1,378
4022,1742,54215,fd159142,143,1,143
4023,1743,61580,fd30356,388,1,388
4024,1744,367241,fd655368,262,1,262
4025,1745,555744,fd406560,123,1,123
4026,1745,555744,fd182695,62,2,124
4027,1745,555744,fd155204,100,1,100
4028,1746,199137,fd113092,154,2,308
4029,1746,199137,fd579005,156,1,156
4030,1747,568388,fd493539,154,1,154
4031,1747,568388,fd825343,221,1,221
4032,1748,497501,fd95226,218,1,218
4033,1749,385479,fd901611,34,1,34
4034,1749,385479,fd901611,34,1,34
4035,1749,385479,fd902151,49,1,49
4036,1749,385479,fd508005,62,1,62
4037,1750,126325,fd888585,51,1,51
4038,1751,405025,fd853059,169,1,169
4039,1752,155263,fd75505,130,1,130
4040,1752,155263,fd860335,115,2,230
4041,1752,155263,fd75505,130,2,260
4042,1752,155263,fd400939,204,1,204
4043,1753,232214,fd806330,88,1,88
4044,1753,232214,fd820752,245,1,245
4045,1753,232214,fd476721,268,1,268
4046,1753,232214,fd476721,268,1,268
4047,1754,38630,fd227689,202,2,404
4048,1754,38630,fd761662,153,1,153
4049,1754,38630,fd303433,149,1,149
4050,1755,119864,fd834587,78,1,78
4051,1755,119864,fd176032,111,1,111
4052,1755,119864,fd67350,74,1,74
4053,1756,101167,fd620172,246,1,246
4054,1756,101167,fd635301,220,1,220
4055,1757,243878,fd113174,150,2,300
4056,1758,385409,fd796351,110,1,110
4057,1758,385409,fd296378,110,1,110
4058,1758,385409,fd112590,108,2,216
4059,1758,385409,fd112590,108,2,216
4060,1759,537671,fd29567,101,1,101
4061,1759,537671,fd71130,38,1,38
4062,1759,537671,fd430803,129,3,387
4063,1759,537671,fd669317,90,3,270
4064,1759,537671,fd633454,76,1,76
4065,1760,348225,fd907552,135,1,135
4066,1760,348225,fd20242,169,1,169
4067,1761,253561,fd164579,159,1,159
4068,1761,253561,fd740812,192,1,192
4069,1761,253561,fd860425,336,2,672
4070,1761,253561,fd790238,179,1,179
4071,1761,253561,fd931838,286,1,286
4072,1762,100737,fd406408,169,2,338
4073,1762,100737,fd47274,189,1,189
4074,1763,56500,fd38235,199,1,199
4075,1763,56500,fd1211,120,1,120
4076,1764,112858,fd691982,155,1,155
4077,1764,112858,fd588352,170,1,170
4078,1765,67126,fd65984,57,2,114
4079,1765,67126,fd893841,145,1,145
4080,1765,67126,fd65984,57,1,57
4081,1766,167756,fd464740,209,1,209
4082,1766,167756,fd479910,105,1,105
4083,1766,167756,fd628540,259,2,518
4084,1767,49771,fd27560,110,1,110
4085,1767,49771,fd238630,61,1,61
4086,1767,49771,fd82156,110,1,110
4087,1768,118443,fd146398,146,1,146
4088,1768,118443,fd146398,146,1,146
4089,1768,118443,fd859860,110,1,110
4090,1769,142702,fd617992,306,1,306
4091,1770,259367,fd1006377,60,1,60
4092,1770,259367,fd747985,67,1,67
4093,1770,259367,fd84232,37,1,37
4094,1771,495292,fd139516,52,1,52
4095,1771,495292,fd930161,93,1,93
4096,1771,495292,fd373467,57,1,57
4097,1772,18734,fd813688,214,1,214
4098,1772,18734,fd152076,114,1,114
4099,1772,18734,fd813688,214,1,214
4100,1772,18734,fd222748,116,3,348
4101,1773,468403,fd473836,205,1,205
4102,1773,468403,fd809393,207,2,414
4103,1773,468403,fd473836,205,1,205
4104,1774,144502,fd899066,52,2,104
4105,1774,144502,fd26003,173,1,173
4106,1774,144502,fd810916,179,1,179
4107,1774,144502,fd245936,142,1,142
4108,1775,417738,fd946142,87,1,87
4109,1775,417738,fd578797,101,2,202
4110,1776,356976,fd40223,168,1,168
4111,1776,356976,fd725671,82,1,82
4112,1776,356976,fd943492,61,1,61
4113,1777,516393,fd31115,73,1,73
4114,1777,516393,fd147782,83,1,83
4115,1778,158296,fd2713,85,2,170
4116,1779,129554,fd703084,156,1,156
4117,1779,129554,fd724014,103,2,206
4118,1779,129554,fd288231,103,1,103
4119,1780,319166,fd342303,324,2,648
4120,1780,319166,fd272305,193,1,193
4121,1781,578299,fd548325,350,1,350
4122,1781,578299,fd548325,350,1,350
4123,1781,578299,fd122567,338,1,338
4124,1782,407206,fd425224,103,1,103
4125,1783,187393,fd464541,108,1,108
4126,1784,34602,fd524635,257,1,257
4127,1785,541951,fd643081,156,1,156
4128,1785,541951,fd872412,80,1,80
4129,1785,541951,fd86564,92,1,92
4130,1785,541951,fd837929,101,1,101
4131,1786,142004,fd47964,142,2,284
4132,1786,142004,fd66155,210,1,210
4133,1787,402942,fd94345,144,1,144
4134,1787,402942,fd1016620,151,1,151
4135,1788,192667,fd961532,135,1,135
4136,1789,219713,fd361231,147,1,147
4137,1789,219713,fd939345,95,1,95
4138,1790,173855,fd656433,77,1,77
4139,1791,31116,fd987776,317,2,634
4140,1791,31116,fd261300,250,2,500
4141,1792,345026,fd1034003,105,1,105
4142,1792,345026,fd116278,75,1,75
4143,1792,345026,fd166216,180,1,180
4144,1792,345026,fd471880,173,1,173
4145,1793,123614,fd38501,105,2,210
4146,1793,123614,fd848460,69,1,69
4147,1793,123614,fd38501,105,1,105
4148,1793,123614,fd79106,40,2,80
4149,1793,123614,fd920856,114,1,114
4150,1793,123614,fd1009934,77,1,77
4151,1794,494792,fd185419,306,1,306
4152,1795,489988,fd910110,476,1,476
4153,1796,556261,fd607622,185,1,185
4154,1797,538784,fd344252,108,1,108
4155,1797,538784,fd39295,119,1,119
4156,1797,538784,fd371956,98,1,98
4157,1797,538784,fd435771,118,1,118
4158,1798,75058,fd900474,198,1,198
4159,1798,75058,fd793781,118,1,118
4160,1798,75058,fd481589,149,2,298
4161,1798,75058,fd462522,167,2,334
4162,1798,75058,fd146160,224,1,224
4163,1798,75058,fd1012047,190,1,190
4164,1799,86084,fd27016,204,1,204
4165,1799,86084,fd232566,176,1,176
4166,1800,336823,fd820200,189,1,189
4167,1801,58460,fd516538,86,1,86
4168,1802,80841,fd773441,333,1,333
4169,1802,80841,fd773441,333,1,333
4170,1803,506819,fd587857,172,1,172
4171,1803,506819,fd829076,251,1,251
4172,1804,158652,fd397368,142,2,284
4173,1804,158652,fd635010,112,1,112
4174,1804,158652,fd397368,142,1,142
4175,1805,34338,fd913385,77,1,77
4176,1806,335689,fd984772,111,1,111
4177,1806,335689,fd518209,94,1,94
4178,1807,263608,fd689321,109,1,109
4179,1808,119380,fd810224,77,1,77
4180,1809,438518,fd499844,79,1,79
4181,1809,438518,fd496610,45,1,45
4182,1810,79647,fd933499,183,2,366
4183,1811,428420,fd604080,42,1,42
4184,1812,468030,fd44804,184,1,184
4185,1813,94919,fd436789,240,2,480
4186,1813,94919,fd436789,240,1,240
4187,1814,568552,fd987807,346,1,346
4188,1815,132100,fd326224,71,1,71
4189,1816,539151,fd489904,350,1,350
4190,1816,539151,fd682637,325,1,325
4191,1817,185197,fd951498,243,2,486
4192,1817,185197,fd951498,243,1,243
4193,1818,246820,fd676962,123,1,123
4194,1818,246820,fd894600,186,1,186
4195,1818,246820,fd254175,261,1,261
4196,1818,246820,fd254175,261,1,261
4197,1819,128420,fd221655,101,1,101
4198,1819,128420,fd570898,268,1,268
4199,1819,128420,fd883134,251,1,251
4200,1820,218644,fd46915,164,1,164
4201,1821,522767,fd608809,264,1,264
4202,1821,522767,fd679382,121,1,121
4203,1822,529683,fd751586,118,1,118
4204,1822,529683,fd751586,118,1,118
4205,1822,529683,fd952335,56,1,56
4206,1823,524090,fd839298,193,1,193
4207,1823,524090,fd839298,193,1,193
4208,1823,524090,fd1007572,182,1,182
4209,1824,574448,fd574329,627,2,1254
4210,1824,574448,fd573189,369,1,369
4211,1824,574448,fd776792,892,1,892
4212,1824,574448,fd24326,345,2,690
4213,1824,574448,fd380805,680,2,1360
4214,1825,72512,fd213200,53,2,106
4215,1825,72512,fd871566,129,2,258
4216,1825,72512,fd96973,133,1,133
4217,1826,572706,fd707429,296,1,296
4218,1826,572706,fd651470,215,1,215
4219,1826,572706,fd363628,284,1,284
4220,1826,572706,fd177102,101,1,101
4221,1826,572706,fd70136,237,1,237
4222,1827,198307,fd565102,336,1,336
4223,1827,198307,fd855680,672,1,672
4224,1827,198307,fd565102,336,1,336
4225,1828,547452,fd239577,183,1,183
4226,1829,437826,fd1010636,337,1,337
4227,1829,437826,fd136327,277,1,277
4228,1829,437826,fd360218,337,1,337
4229,1829,437826,fd1010636,337,1,337
4230,1829,437826,fd4759,348,1,348
4231,1830,377721,fd33360,222,1,222
4232,1830,377721,fd278156,129,1,129
4233,1831,435986,fd276886,205,1,205
4234,1831,435986,fd276886,205,1,205
4235,1831,435986,fd276886,205,1,205
4236,1831,435986,fd545385,119,1,119
4237,1831,435986,fd445277,147,1,147
4238,1832,393187,fd314403,68,1,68
4239,1832,393187,fd41648,83,1,83
4240,1832,393187,fd1016147,76,1,76
4241,1832,393187,fd1016147,76,1,76
4242,1833,181669,fd153691,85,2,170
4243,1833,181669,fd1005381,73,2,146
4244,1833,181669,fd286418,105,2,210
4245,1833,181669,fd69886,77,1,77
4246,1833,181669,fd1005381,73,1,73
4247,1834,328490,fd846280,48,1,48
4248,1834,328490,fd31238,63,1,63
4249,1834,328490,fd421751,111,1,111
4250,1835,137924,fd69294,105,1,105
4251,1836,373837,fd229791,102,1,102
4252,1837,258245,fd190924,183,1,183
4253,1837,258245,fd107894,212,1,212
4254,1838,321734,fd358333,152,2,304
4255,1838,321734,fd358333,152,1,152
4256,1839,141836,fd25466,64,1,64
4257,1840,212492,fd380354,402,2,804
4258,1840,212492,fd702933,378,2,756
4259,1840,212492,fd725342,153,1,153
4260,1840,212492,fd156370,436,1,436
4261,1841,148547,fd349514,82,3,246
4262,1841,148547,fd320817,145,1,145
4263,1842,393761,fd816045,144,1,144
4264,1843,70843,fd371827,61,1,61
4265,1844,12060,fd558542,434,1,434
4266,1844,12060,fd202735,220,1,220
4267,1844,12060,fd813540,293,1,293
4268,1845,337470,fd335713,133,1,133
4269,1845,337470,fd335713,133,1,133
4270,1846,75153,fd170805,63,1,63
4271,1846,75153,fd556778,162,1,162
4272,1847,424577,fd79421,256,1,256
4273,1848,140038,fd748850,134,1,134
4274,1848,140038,fd748850,134,1,134
4275,1848,140038,fd578671,141,1,141
4276,1849,1365,fd970664,114,1,114
4277,1849,1365,fd970664,114,2,228
4278,1849,1365,fd881173,178,1,178
4279,1850,9017,fd224031,134,1,134
4280,1851,114013,fd512410,382,1,382
4281,1851,114013,fd512414,478,1,478
4282,1852,376065,fd90441,336,2,672
4283,1852,376065,fd90441,336,1,336
4284,1853,358634,fd116830,299,1,299
4285,1854,65226,fd45899,101,1,101
4286,1855,321761,fd1000120,137,1,137
4287,1856,110590,fd76418,210,2,420
4288,1857,553466,fd419235,214,1,214
4289,1857,553466,fd630689,254,2,508
4290,1857,553466,fd229391,259,1,259
4291,1857,553466,fd495784,244,1,244
4292,1858,349233,fd163964,184,1,184
4293,1858,349233,fd456568,222,1,222
4294,1859,61913,fd274334,216,3,648
4295,1859,61913,fd929608,277,1,277
4296,1860,65072,fd255888,182,1,182
4297,1860,65072,fd905654,86,1,86
4298,1861,277014,fd698082,175,1,175
4299,1862,446250,fd370573,266,1,266
4300,1862,446250,fd584271,326,2,652
4301,1863,393907,fd658255,139,1,139
4302,1864,479256,fd984768,69,1,69
4303,1864,479256,fd801381,34,1,34
4304,1864,479256,fd801381,34,1,34
4305,1865,265961,fd514030,167,3,501
4306,1866,179688,fd30914,100,1,100
4307,1866,179688,fd9082,63,1,63
4308,1867,580445,fd670986,397,1,397
4309,1867,580445,fd294248,399,1,399
4310,1867,580445,fd549014,299,1,299
4311,1868,459654,fd218158,89,1,89
4312,1868,459654,fd102513,49,1,49
4313,1868,459654,fd122655,65,1,65
4314,1868,459654,fd879091,40,1,40
4315,1868,459654,fd298990,79,1,79
4316,1868,459654,fd218161,89,2,178
4317,1869,87313,fd30696,159,1,159
4318,1870,428586,fd191915,342,1,342
4319,1871,544666,fd859357,164,2,328
4320,1871,544666,fd1031050,107,1,107
4321,1872,515595,fd230458,99,2,198
4322,1872,515595,fd1008631,239,1,239
4323,1873,65430,fd386091,224,1,224
4324,1873,65430,fd666518,70,1,70
4325,1873,65430,fd125632,128,1,128
4326,1874,306520,fd436634,216,1,216
4327,1874,306520,fd201633,197,1,197
4328,1874,306520,fd159871,174,2,348
4329,1874,306520,fd187337,159,1,159
4330,1875,236510,fd429391,131,1,131
4331,1875,236510,fd84651,203,1,203
4332,1875,236510,fd84651,203,1,203
4333,1876,152563,fd337479,123,1,123
4334,1877,415469,fd583716,237,1,237
4335,1877,415469,fd583190,296,1,296
4336,1877,415469,fd920950,165,1,165
4337,1877,415469,fd596851,234,1,234
4338,1877,415469,fd916175,131,2,262
4339,1878,475807,fd15940,261,1,261
4340,1879,564704,fd640446,209,1,209
4341,1880,519116,fd558787,144,1,144
4342,1880,519116,fd62318,94,3,282
4343,1881,234412,fd958277,102,1,102
4344,1881,234412,fd958277,102,1,102
4345,1881,234412,fd416878,239,1,239
4346,1882,347735,fd729476,147,1,147
4347,1882,347735,fd278990,142,1,142
4348,1882,347735,fd278990,142,1,142
4349,1882,347735,fd834321,221,1,221
4350,1883,416429,fd450493,140,1,140
4351,1884,445821,fd856159,84,1,84
4352,1885,63818,fd168710,292,1,292
4353,1885,63818,fd635959,356,1,356
4354,1886,410280,fd343001,99,1,99
4355,1886,410280,fd305305,76,2,152
4356,1886,410280,fd713488,53,1,53
4357,1886,410280,fd166831,99,2,198
4358,1887,184863,fd636845,147,1,147
4359,1887,184863,fd973901,71,1,71
4360,1887,184863,fd636845,147,1,147
4361,1888,410154,fd854807,288,1,288
4362,1888,410154,fd127217,253,1,253
4363,1889,395222,fd459233,418,1,418
4364,1890,333573,fd706814,300,1,300
4365,1891,390999,fd806678,125,1,125
4366,1891,390999,fd798064,198,1,198
4367,1891,390999,fd824622,113,1,113
4368,1891,390999,fd824622,113,1,113
4369,1892,289374,fd439914,172,1,172
4370,1892,289374,fd816829,132,1,132
4371,1893,240828,fd513055,436,1,436
4372,1894,467613,fd421474,50,1,50
4373,1894,467613,fd525559,34,2,68
4374,1894,467613,fd357251,80,1,80
4375,1894,467613,fd26044,103,2,206
4376,1895,304826,fd121831,188,1,188
4377,1895,304826,fd987722,174,1,174
4378,1896,173390,fd193849,179,1,179
4379,1897,39265,fd53963,114,1,114
4380,1897,39265,fd836235,268,1,268
4381,1898,560683,fd50408,106,2,212
4382,1898,560683,fd375477,109,1,109
4383,1898,560683,fd477872,95,1,95
4384,1899,442481,fd839232,158,1,158
4385,1900,457175,fd682406,129,2,258
4386,1900,457175,fd682406,129,1,129
4387,1900,457175,fd453705,211,1,211
4388,1900,457175,fd273270,181,1,181
4389,1900,457175,fd818411,179,1,179
4390,1900,457175,fd895937,104,1,104
4391,1901,131664,fd135530,47,1,48
4392,1901,131664,fd329746,80,1,81
4393,1902,462156,fd104985,77,1,77
4394,1902,462156,fd233874,103,2,206
4395,1902,462156,fd792912,59,1,59
4396,1902,462156,fd104985,77,1,77
4397,1903,51326,fd63573,126,1,126
4398,1903,51326,fd740818,98,3,294
4399,1903,51326,fd506221,163,1,163
4400,1903,51326,fd856289,311,1,311
4401,1904,465732,fd54594,215,1,215
4402,1904,465732,fd228934,246,1,246
4403,1904,465732,fd818284,117,1,117
4404,1905,506477,fd825748,71,1,71
4405,1905,506477,fd1987,56,1,56
4406,1906,20788,fd245508,97,1,97
4407,1907,505508,fd55201,46,1,46
4408,1907,505508,fd406205,35,1,35
4409,1908,576555,fd80178,157,1,157
4410,1909,307013,fd556201,261,1,261
4411,1910,530627,fd886511,195,1,195
4412,1910,530627,fd14041,233,1,233
4413,1910,530627,fd14041,233,1,233
4414,1911,304778,fd108945,116,1,116
4415,1911,304778,fd1006573,76,1,76
4416,1912,448759,fd850899,448,1,448
4417,1912,448759,fd1040510,291,1,291
4418,1913,172706,fd626851,124,1,124
4419,1914,178444,fd828691,52,1,52
4420,1914,178444,fd209634,26,1,26
4421,1914,178444,fd887194,57,1,57
4422,1914,178444,fd273929,29,3,87
4423,1914,178444,fd828691,52,1,52
4424,1915,435082,fd591576,38,2,76
4425,1915,435082,fd348089,41,1,41
4426,1916,424883,fd188111,245,1,245
4427,1916,424883,fd188161,99,1,99
4428,1917,181728,fd285948,72,1,72
4429,1918,410063,fd921802,162,1,162
4430,1919,378303,fd247949,173,1,173
4431,1919,378303,fd18931,164,1,164
4432,1920,420020,fd534549,304,1,304
4433,1920,420020,fd680997,221,1,221
4434,1921,303494,fd887299,128,1,128
4435,1921,303494,fd887299,128,1,128
4436,1921,303494,fd489760,146,1,146
4437,1921,303494,fd561345,347,1,347
4438,1921,303494,fd561345,347,1,347
4439,1921,303494,fd647999,113,1,113
4440,1922,101926,fd1042398,288,2,576
4441,1922,101926,fd400584,499,2,998
4442,1922,101926,fd46973,518,1,518
4443,1922,101926,fd400584,499,1,499
4444,1922,101926,fd1042398,288,1,288
4445,1923,537771,fd143549,153,1,153
4446,1923,537771,fd570582,127,3,381
4447,1924,415994,fd370496,57,1,57
4448,1925,46474,fd48472,158,1,158
4449,1925,46474,fd604657,122,1,122
4450,1926,313596,fd860809,289,1,289
4451,1926,313596,fd118799,204,2,408
4452,1927,364992,fd88600,170,3,510
4453,1928,323540,fd609434,183,1,183
4454,1928,323540,fd903046,144,1,144
4455,1928,323540,fd609434,183,1,183
4456,1929,481505,fd59890,161,1,161
4457,1929,481505,fd59890,161,1,161
4458,1930,412502,fd680289,51,1,51
4459,1931,442295,fd58854,155,2,310
4460,1931,442295,fd94494,143,1,143
4461,1931,442295,fd786397,165,3,495
4462,1932,560597,fd104532,65,1,65
4463,1932,560597,fd315868,87,1,87
4464,1933,577241,fd18540,208,2,416
4465,1933,577241,fd18059,188,1,188
4466,1933,577241,fd669374,169,1,169
4467,1934,439466,fd747932,183,1,183
4468,1934,439466,fd46054,402,2,804
4469,1935,9763,fd417409,109,2,218
4470,1935,9763,fd145780,171,1,171
4471,1935,9763,fd741062,132,1,132
4472,1935,9763,fd408836,221,1,221
4473,1936,526875,fd420737,126,3,378
4474,1937,79956,fd701850,257,1,257
4475,1937,79956,fd856183,88,2,176
4476,1938,325418,fd737548,110,1,110
4477,1938,325418,fd23783,100,1,100
4478,1939,9586,fd386355,259,1,259
4479,1939,9586,fd129187,304,1,304
4480,1939,9586,fd18071,175,2,350
4481,1940,517788,fd1042558,34,2,68
4482,1941,534914,fd344550,113,1,113
4483,1941,534914,fd71554,216,2,432
4484,1941,534914,fd1011134,117,2,234
4485,1942,54795,fd71873,253,1,253
4486,1942,54795,fd115709,77,1,77
4487,1942,54795,fd31304,226,1,226
4488,1942,54795,fd321677,214,1,214
4489,1943,532321,fd360662,122,1,122
4490,1944,50517,fd123587,200,1,200
4491,1944,50517,fd723113,349,1,349
4492,1944,50517,fd158753,527,1,527
4493,1944,50517,fd158753,527,1,527
4494,1945,34156,fd194545,158,1,158
4495,1945,34156,fd109830,105,1,105
4496,1946,82791,fd423598,151,2,302
4497,1946,82791,fd786282,148,1,148
4498,1947,408840,fd992442,78,1,78
4499,1947,408840,fd597872,121,1,121
4500,1947,408840,fd597872,121,1,121
4501,1948,74243,fd351282,129,1,129
4502,1948,74243,fd728139,154,1,154
4503,1949,20517,fd68905,586,1,586
4504,1950,420105,fd278063,255,1,255
4505,1951,399350,fd910356,60,1,60
4506,1952,32109,fd854715,157,1,157
4507,1952,32109,fd791454,328,3,984
4508,1952,32109,fd510497,283,1,283
4509,1953,263715,fd116073,134,2,268
4510,1953,263715,fd339514,96,1,96
4511,1953,263715,fd339514,96,1,96
4512,1954,314507,fd334861,150,1,150
4513,1954,314507,fd460832,71,2,142
4514,1955,343878,fd340872,87,1,87
4515,1955,343878,fd68923,86,1,86
4516,1955,343878,fd429162,36,1,36
4517,1956,380640,fd783092,196,1,196
4518,1957,218641,fd327365,79,1,79
4519,1957,218641,fd175843,103,2,206
4520,1957,218641,fd287041,132,1,132
4521,1957,218641,fd254589,139,1,139
4522,1958,123611,fd424059,116,1,116
4523,1958,123611,fd521393,167,1,167
4524,1958,123611,fd147641,97,1,97
4525,1958,123611,fd521393,167,1,167
4526,1959,94782,fd169056,150,1,150
4527,1959,94782,fd641776,75,2,150
4528,1959,94782,fd136647,62,1,62
4529,1959,94782,fd369158,94,1,94
4530,1960,137973,fd482416,86,1,86
4531,1960,137973,fd951508,64,1,64
4532,1960,137973,fd371292,68,2,136
4533,1961,104564,fd135207,176,1,176
4534,1962,352021,fd362604,131,1,131
4535,1962,352021,fd1001621,290,1,290
4536,1963,149492,fd226179,110,1,110
4537,1964,460886,fd220908,88,1,88
4538,1964,460886,fd418554,113,1,113
4539,1965,110402,fd789113,120,1,120
4540,1966,201111,fd182112,44,1,44
4541,1966,201111,fd818273,61,1,61
4542,1967,485442,fd906229,155,1,155
4543,1967,485442,fd627715,209,1,209
4544,1967,485442,fd906052,188,1,188
4545,1968,433119,fd705541,355,1,355
4546,1968,433119,fd781469,247,1,247
4547,1969,113607,fd898576,128,1,128
4548,1969,113607,fd121285,73,1,73
4549,1970,233964,fd77623,145,2,290
4550,1970,233964,fd292073,72,1,72
4551,1970,233964,fd39495,77,1,77
4552,1971,388973,fd132252,62,1,62
4553,1971,388973,fd453419,65,2,130
4554,1972,351944,fd198313,277,1,277
4555,1972,351944,fd188048,164,1,164
4556,1973,173251,fd54078,128,1,128
4557,1973,173251,fd282573,153,1,153
4558,1973,173251,fd306852,178,1,178
4559,1974,499135,fd803384,78,1,78
4560,1974,499135,fd97674,105,1,105
4561,1975,101115,fd946281,63,3,189
4562,1975,101115,fd176863,144,2,288
4563,1976,258769,fd133937,76,1,76
4564,1977,488109,fd738298,240,1,240
4565,1977,488109,fd738298,240,1,240
4566,1978,315933,fd181301,49,1,49
4567,1978,315933,fd878509,61,1,61
4568,1978,315933,fd106383,89,1,89
4569,1979,505719,fd612461,133,1,133
4570,1979,505719,fd97962,90,1,90
4571,1979,505719,fd1044218,91,1,91
4572,1979,505719,fd1044218,91,1,91
4573,1980,512606,fd19242,125,1,125
4574,1980,512606,fd671457,120,1,120
4575,1980,512606,fd10509,100,1,100
4576,1981,20316,fd989573,199,1,199
4577,1981,20316,fd130088,359,1,359
4578,1982,444357,fd1012135,143,1,143
4579,1982,444357,fd966777,218,1,218
4580,1982,444357,fd326122,216,1,216
4581,1982,444357,fd331161,205,1,205
4582,1983,220210,fd756144,119,2,238
4583,1983,220210,fd289352,178,2,356
4584,1984,405472,fd418516,148,1,148
4585,1984,405472,fd418516,148,1,148
4586,1984,405472,fd570853,60,1,60
4587,1985,409492,fd294921,90,2,180
4588,1985,409492,fd494043,187,1,187
4589,1985,409492,fd864297,97,1,97
4590,1985,409492,fd1020007,202,1,202
4591,1986,484609,fd211633,156,1,156
4592,1986,484609,fd211633,156,3,468
4593,1986,484609,fd401165,267,1,267
4594,1987,310181,fd131596,495,1,495
4595,1987,310181,fd274390,335,1,335
4596,1988,65268,fd137686,143,1,143
4597,1988,65268,fd374300,323,2,646
4598,1988,65268,fd374300,323,1,323
4599,1988,65268,fd802247,340,1,340
4600,1988,65268,fd712607,229,1,229
4601,1988,65268,fd787878,358,1,358
4602,1989,464632,fd680044,65,1,65
4603,1989,464632,fd34914,137,1,137
4604,1990,477408,fd4995,185,3,555
4605,1990,477408,fd4195,90,1,90
4606,1991,365613,fd907125,1145,1,1145
4607,1991,365613,fd907145,265,1,265
4608,1992,488350,fd991229,119,1,119
4609,1992,488350,fd152964,170,1,170
4610,1993,340645,fd45481,299,1,299
4611,1993,340645,fd843110,20,1,20
4612,1994,544332,fd1004206,165,1,165
4613,1995,455247,fd193864,118,1,118
4614,1995,455247,fd586061,163,3,489
4615,1996,201524,fd885422,110,1,110
4616,1996,201524,fd982797,86,1,86
4617,1997,430731,fd995839,200,1,200
4618,1997,430731,fd995839,200,1,200
4619,1997,430731,fd801745,123,1,123
4620,1998,474121,fd101882,178,1,178
4621,1998,474121,fd636671,253,1,253
4622,1999,66738,fd801382,134,1,134
4623,2000,571233,fd849171,172,1,172
4624,2000,571233,fd931294,97,2,194
4625,2001,368037,fd70319,180,1,180
4626,2001,368037,fd241045,155,2,310
4627,2001,368037,fd21206,243,1,243
4628,2002,176125,fd290993,160,1,160
4629,2002,176125,fd487653,108,2,216
4630,2003,470197,fd246249,134,1,134
4631,2004,440610,fd600487,150,1,150
4632,2004,440610,fd124340,80,1,80
4633,2005,484106,fd380441,77,1,77
4634,2006,559124,fd582814,196,1,196
4635,2007,112943,fd1020737,170,1,170
4636,2008,1389,fd198301,716,2,1432
4637,2008,1389,fd247080,707,1,707
4638,2009,75916,fd406584,234,2,468
4639,2010,15713,fd54619,217,2,434
4640,2011,86689,fd53616,235,1,235
4641,2011,86689,fd236852,139,1,139
4642,2012,81517,fd797286,157,1,157
4643,2012,81517,fd885183,157,1,157
4644,2012,81517,fd797286,157,1,157
4645,2012,81517,fd885183,157,1,157
4646,2013,547469,fd129044,140,3,420
4647,2014,522185,fd261359,117,1,117
4648,2014,522185,fd834054,192,1,192
4649,2015,464763,fd100,127,1,127
4650,2015,464763,fd96956,151,1,151
4651,2015,464763,fd84989,117,1,117
4652,2015,464763,fd840089,136,1,136
4653,2016,540209,fd1877,370,1,370
4654,2016,540209,fd149209,417,1,417
4655,2017,36006,fd45940,117,3,351
4656,2018,170351,fd792867,124,1,124
4657,2019,215339,fd908569,97,1,97
4658,2020,131932,fd15547,275,1,275
4659,2021,448417,fd479367,71,2,142
4660,2022,508541,fd515769,416,1,416
4661,2022,508541,fd863720,248,1,248
4662,2022,508541,fd863720,248,1,248
4663,2023,17346,fd837049,278,1,278
4664,2023,17346,fd225162,227,1,227
4665,2023,17346,fd837049,278,1,278
4666,2023,17346,fd353346,224,1,224
4667,2023,17346,fd643191,199,1,199
4668,2024,429098,fd917764,134,1,134
4669,2025,23827,fd741269,235,1,235
4670,2026,573408,fd224555,146,1,146
4671,2026,573408,fd224555,146,1,146
4672,2027,319364,fd709948,114,1,114
4673,2028,207104,fd104050,172,3,516
4674,2029,12360,fd516442,104,1,104
4675,2029,12360,fd120036,183,2,366
4676,2030,318769,fd646846,122,1,122
4677,2031,481818,fd765475,130,1,130
4678,2032,101751,fd33554,225,1,225
4679,2032,101751,fd843718,175,1,175
4680,2032,101751,fd837213,425,1,425
4681,2033,536524,fd99897,169,1,169
4682,2033,536524,fd27477,96,2,192
4683,2033,536524,fd1014143,159,1,159
4684,2033,536524,fd167575,149,1,149
4685,2033,536524,fd99897,169,1,169
4686,2034,129685,fd22934,119,1,119
4687,2034,129685,fd1274,269,3,807
4688,2034,129685,fd472257,229,2,458
4689,2034,129685,fd932909,229,1,229
4690,2035,113125,fd456431,181,2,362
4691,2036,490489,fd784759,208,1,208
4692,2036,490489,fd819399,137,1,137
4693,2037,441628,fd514164,153,1,153
4694,2038,536256,fd444775,125,1,125
4695,2039,568415,fd510582,85,1,85
4696,2040,419561,fd229033,226,1,226
4697,2040,419561,fd173064,200,1,200
4698,2040,419561,fd726212,274,1,274
4699,2040,419561,fd173064,200,1,200
4700,2041,441330,fd362038,173,1,173
4701,2041,441330,fd33049,279,1,279
4702,2041,441330,fd177747,145,1,145
4703,2042,519070,fd321981,57,1,57
4704,2042,519070,fd840960,147,1,147
4705,2042,519070,fd385984,82,1,82
4706,2042,519070,fd849157,58,1,58
4707,2043,468306,fd116800,188,1,188
4708,2044,87947,fd820452,263,1,263
4709,2044,87947,fd173236,335,1,335
4710,2045,417758,fd698092,182,1,182
4711,2045,417758,fd908002,258,1,258
4712,2046,381648,fd360259,246,3,738
4713,2046,381648,fd838580,191,3,573
4714,2047,124057,fd463949,209,1,209
4715,2047,124057,fd743809,82,3,246
4716,2047,124057,fd743809,82,1,82
4717,2048,198006,fd831818,137,2,274
4718,2048,198006,fd189770,222,1,222
4719,2049,137850,fd325407,266,2,532
4720,2049,137850,fd494015,252,1,252
4721,2049,137850,fd494015,252,1,252
4722,2050,117890,fd706079,226,1,226
4723,2051,391195,fd595152,134,1,134
4724,2052,380919,fd14539,209,1,209
4725,2052,380919,fd282850,104,2,208
4726,2052,380919,fd321130,187,1,187
4727,2053,262276,fd633508,245,1,245
4728,2053,262276,fd236006,264,1,264
4729,2054,516696,fd622406,50,1,50
4730,2054,516696,fd622376,60,3,180
4731,2055,454737,fd203272,73,1,73
4732,2056,541415,fd1004874,188,2,376
4733,2056,541415,fd140981,111,1,111
4734,2057,99021,fd654001,69,1,69
4735,2057,99021,fd758494,82,1,82
4736,2058,39755,fd162961,196,1,196
4737,2059,70899,fd248936,148,1,148
4738,2059,70899,fd9282,80,1,80
4739,2059,70899,fd141474,241,1,241
4740,2059,70899,fd365708,180,1,180
4741,2060,346970,fd362410,133,1,133
4742,2060,346970,fd75638,155,3,465
4743,2060,346970,fd75638,155,1,155
4744,2060,346970,fd209538,160,1,160
4745,2060,346970,fd501328,229,1,229
4746,2061,547683,fd1003167,71,1,71
4747,2062,303271,fd1000892,170,1,170
4748,2062,303271,fd937700,188,1,188
4749,2063,14734,fd396498,278,1,278
4750,2063,14734,fd952545,255,2,510
4751,2064,406352,fd632973,122,1,122
4752,2065,193541,fd784672,377,1,377
4753,2065,193541,fd677675,260,1,260
4754,2066,28719,fd770563,844,1,844
4755,2066,28719,fd311556,1062,1,1062
4756,2066,28719,fd141531,1032,1,1032
4757,2067,516317,fd10616,375,1,375
4758,2068,357652,fd526962,80,1,80
4759,2068,357652,fd971703,177,2,354
4760,2069,404587,fd393994,104,1,104
4761,2069,404587,fd793302,96,1,96
4762,2070,389587,fd487912,137,2,274
4763,2071,324755,fd583472,242,1,242
4764,2071,324755,fd583472,242,1,242
4765,2071,324755,fd502343,143,1,143
4766,2072,302538,fd420005,108,2,216
4767,2072,302538,fd327210,157,1,157
4768,2073,372538,fd29501,80,2,160
4769,2073,372538,fd934113,87,1,87
4770,2074,61347,fd240420,46,1,46
4771,2074,61347,fd813605,66,1,66
4772,2074,61347,fd805815,80,2,160
4773,2074,61347,fd813605,66,1,66
4774,2075,191152,fd154452,153,2,306
4775,2075,191152,fd987807,172,1,172
4776,2076,12962,fd1041284,324,1,324
4777,2076,12962,fd400893,620,1,620
4778,2077,375454,fd6411,238,1,238
4779,2077,375454,fd990566,257,1,257
4780,2077,375454,fd102141,208,1,208
4781,2078,74830,fd449684,160,2,320
4782,2078,74830,fd128959,63,1,63
4783,2079,496417,fd869634,91,1,91
4784,2079,496417,fd364438,210,1,210
4785,2079,496417,fd869634,91,1,91
4786,2080,456027,fd928380,67,1,67
4787,2080,456027,fd486734,85,1,85
4788,2080,456027,fd928380,67,1,67
4789,2080,456027,fd486734,85,1,85
4790,2080,456027,fd512394,120,1,120
4791,2081,360879,fd126042,195,2,390
4792,2081,360879,fd654775,174,1,174
4793,2082,25620,fd7453,639,2,1278
4794,2083,491561,fd762559,180,1,180
4795,2083,491561,fd172909,155,1,155
4796,2083,491561,fd37352,173,1,173
4797,2083,491561,fd762559,180,1,180
4798,2084,196547,fd26097,386,1,386
4799,2084,196547,fd1011369,361,1,361
4800,2085,518155,fd970190,237,2,474
4801,2085,518155,fd105355,113,2,226
4802,2086,305514,fd881099,172,2,344
4803,2087,577374,fd299790,163,1,163
4804,2087,577374,fd215198,191,1,191
4805,2087,577374,fd299790,163,1,163
4806,2088,453964,fd301655,156,1,156
4807,2089,387519,fd220711,156,1,157
4808,2089,387519,fd220628,59,1,59
4809,2090,73361,fd11703,153,1,153
4810,2091,323371,fd331854,140,1,140
4811,2092,347220,fd609515,141,2,282
4812,2092,347220,fd609515,141,2,282
4813,2093,510016,fd111067,97,1,97
4814,2093,510016,fd440264,148,1,148
4815,2093,510016,fd111067,97,1,97
4816,2093,510016,fd369690,71,1,71
4817,2094,557049,fd411554,43,2,86
4818,2095,527777,fd418640,176,1,176
4819,2095,527777,fd866930,115,1,115
4820,2096,345884,fd816085,99,1,99
4821,2096,345884,fd478335,75,1,75
4822,2096,345884,fd478335,75,1,75
4823,2097,423422,fd706234,180,1,180
4824,2098,72361,fd824034,94,1,94
4825,2099,390136,fd451705,99,2,198
4826,2099,390136,fd125220,98,1,98
4827,2100,355757,fd490481,98,1,98
4828,2100,355757,fd490481,98,1,98
4829,2100,355757,fd990488,49,1,49
4830,2100,355757,fd527332,65,1,65
4831,2101,389426,fd661985,87,1,87
4832,2101,389426,fd877046,56,1,56
4833,2102,352539,fd201542,550,1,550
4834,2103,578913,fd211824,180,1,180
4835,2103,578913,fd832494,151,1,151
4836,2103,578913,fd832494,151,1,151
4837,2104,440362,fd996682,94,1,94
4838,2104,440362,fd1032707,63,1,63
4839,2105,496087,fd438536,175,1,175
4840,2105,496087,fd438536,175,1,175
4841,2105,496087,fd816667,150,1,150
4842,2106,397719,fd2114,85,1,85
4843,2107,477127,fd946807,121,1,121
4844,2107,477127,fd841936,52,1,52
4845,2108,427234,fd948114,167,1,167
4846,2108,427234,fd22518,239,3,717
4847,2109,569931,fd386075,85,1,85
4848,2109,569931,fd544830,224,1,224
4849,2110,448940,fd93291,303,1,303
4850,2110,448940,fd847869,216,1,216
4851,2110,448940,fd891970,155,1,155
4852,2111,66596,fd378463,231,1,231
4853,2111,66596,fd526364,318,2,636
4854,2112,67557,fd291044,80,1,80
4855,2113,80414,fd377394,290,1,290
4856,2114,336322,fd31688,82,1,82
4857,2114,336322,fd737910,154,1,154
4858,2114,336322,fd251325,103,1,103
4859,2115,185208,fd1191,122,1,122
4860,2116,334867,fd824092,313,1,313
4861,2116,334867,fd824033,289,1,289
4862,2116,334867,fd32693,219,1,219
4863,2117,302688,fd468346,271,2,542
4864,2117,302688,fd850967,177,1,177
4865,2117,302688,fd221532,378,1,378
4866,2118,460070,fd544864,168,2,336
4867,2118,460070,fd866530,71,1,71
4868,2119,469176,fd199428,111,1,111
4869,2119,469176,fd894182,258,1,258
4870,2119,469176,fd412714,166,1,166
4871,2120,67984,fd560687,175,2,350
4872,2120,67984,fd59953,221,1,221
4873,2120,67984,fd392846,439,3,1317
4874,2120,67984,fd707704,434,1,434
4875,2121,446983,fd738675,61,1,61
4876,2122,509722,fd171399,397,2,794
4877,2122,509722,fd286543,126,1,126
4878,2123,391310,fd129600,260,1,260
4879,2123,391310,fd112975,190,1,190
4880,2124,537546,fd443398,136,1,136
4881,2124,537546,fd906535,61,1,61
4882,2125,70236,fd52902,114,1,114
4883,2126,38495,fd746730,194,1,194
4884,2126,38495,fd474837,280,2,560
4885,2127,576975,fd378831,554,2,1108
4886,2127,576975,fd787632,435,1,435
4887,2128,137826,fd577970,157,1,157
4888,2128,137826,fd151,119,1,119
4889,2128,137826,fd111109,190,1,190
4890,2129,260930,fd71146,439,1,439
4891,2130,449134,fd1041487,150,1,150
4892,2131,72933,fd861146,127,1,127
4893,2132,361251,fd911468,106,1,106
4894,2132,361251,fd158774,90,2,180
4895,2133,141422,fd104864,735,1,735
4896,2133,141422,fd379267,819,1,819
4897,2134,207687,fd742311,51,1,51
4898,2135,405678,fd503673,148,2,296
4899,2135,405678,fd949439,113,1,113
4900,2135,405678,fd808746,233,1,233
4901,2136,382535,fd788453,100,1,100
4902,2137,109085,fd769033,144,3,432
4903,2137,109085,fd48232,104,2,208
4904,2138,284671,fd723689,328,1,328
4905,2138,284671,fd932004,388,2,776
4906,2138,284671,fd137616,975,1,975
4907,2139,428892,fd889698,59,1,59
4908,2140,22642,fd677831,291,3,873
4909,2141,289128,fd168676,327,1,327
4910,2141,289128,fd1036387,843,1,843
4911,2141,289128,fd704599,291,1,291
4912,2141,289128,fd773941,423,1,423
4913,2142,93802,fd7430,807,1,807
4914,2142,93802,fd177543,1058,1,1058
4915,2142,93802,fd548110,703,2,1406
4916,2143,206674,fd661932,540,3,1620
4917,2144,140285,fd56277,230,1,230
4918,2145,329683,fd981387,139,2,278
4919,2145,329683,fd181393,359,1,359
4920,2145,329683,fd59202,310,2,620
4921,2146,36707,fd490643,527,1,527
4922,2146,36707,fd1018834,474,1,474
4923,2147,443139,fd420230,33,1,33
4924,2147,443139,fd434686,85,1,85
4925,2147,443139,fd492450,73,1,73
4926,2148,458665,fd756989,104,1,104
4927,2149,191996,fd65006,96,1,96
4928,2149,191996,fd1039311,200,2,400
4929,2149,191996,fd289341,228,1,228
4930,2150,518520,fd322318,154,1,154
4931,2150,518520,fd453856,218,1,218
4932,2150,518520,fd579019,145,1,145
4933,2151,527062,fd194668,192,1,192
4934,2151,527062,fd318857,189,1,189
4935,2151,527062,fd120056,133,1,133
4936,2152,57728,fd140869,300,1,300
4937,2152,57728,fd262187,220,1,220
4938,2152,57728,fd6753,230,3,690
4939,2152,57728,fd24933,150,1,150
4940,2153,373302,fd315225,120,1,120
4941,2154,320651,fd873263,45,2,90
4942,2154,320651,fd822743,44,1,44
4943,2154,320651,fd791303,55,1,55
4944,2155,485872,fd463949,57,1,57
4945,2156,563724,fd261564,53,1,53
4946,2156,563724,fd652929,59,1,59
4947,2156,563724,fd253138,136,1,136
4948,2156,563724,fd253138,136,1,136
4949,2156,563724,fd395340,166,1,166
4950,2156,563724,fd144027,61,1,61
4951,2157,162487,fd768755,51,3,153
4952,2158,462058,fd655195,318,1,318
4953,2158,462058,fd278094,408,1,408
4954,2159,475117,fd231067,51,1,51
4955,2159,475117,fd499144,84,1,84
4956,2159,475117,fd231067,51,1,51
4957,2160,209415,fd886412,182,1,182
4958,2160,209415,fd59253,226,1,226
4959,2160,209415,fd59253,226,2,452
4960,2161,18127,fd94654,208,1,208
4961,2161,18127,fd626572,223,1,223
4962,2161,18127,fd620114,378,1,378
4963,2161,18127,fd94654,208,1,208
4964,2162,178974,fd113202,53,1,53
4965,2162,178974,fd210341,63,1,63
4966,2162,178974,fd184856,40,1,40
4967,2162,178974,fd820220,71,1,71
4968,2163,262390,fd85637,105,1,105
4969,2163,262390,fd205999,165,1,165
4970,2164,57474,fd151873,87,1,87
4971,2164,57474,fd681193,262,1,262
4972,2165,499174,fd66718,331,1,331
4973,2165,499174,fd759088,507,2,1014
4974,2165,499174,fd803153,155,1,155
4975,2166,409325,fd135547,118,1,118
4976,2167,172824,fd1003303,68,1,68
4977,2168,16828,fd547246,262,1,262
4978,2168,16828,fd203115,145,2,290
4979,2169,405696,fd65961,27,1,27
4980,2170,81662,fd316709,396,2,792
4981,2171,26852,fd829515,71,2,142
4982,2171,26852,fd360665,31,1,31
4983,2172,137978,fd29712,321,2,642
4984,2173,39755,fd899971,168,1,168
4985,2173,39755,fd117971,130,1,130
4986,2174,67135,fd61307,67,1,67
4987,2175,519306,fd285166,104,2,208
4988,2175,519306,fd309779,160,1,160
4989,2176,10367,fd629449,258,1,258
4990,2177,328297,fd137557,172,1,172
4991,2177,328297,fd137557,172,2,344
4992,2178,50254,fd231403,155,2,310
4993,2179,527365,fd478584,53,2,106
4994,2179,527365,fd744699,33,1,33
4995,2179,527365,fd478584,53,1,53
4996,2180,186463,fd653942,150,1,150
4997,2180,186463,fd377739,154,1,154
4998,2181,471275,fd41075,33,2,66
4999,2182,178232,fd452807,82,1,82
5000,2182,178232,fd988939,140,1,140
5001,2183,557268,fd847945,225,1,225
5002,2183,557268,fd721983,230,2,460
5003,2184,98476,fd10285,151,1,151
5004,2184,98476,fd823036,206,1,206
5005,2184,98476,fd823036,206,1,206
5006,2184,98476,fd670118,195,2,390
5007,2184,98476,fd802945,169,1,169
5008,2184,98476,fd150919,223,1,223
5009,2185,500290,fd28194,116,1,116
5010,2185,500290,fd749049,88,1,88
5011,2185,500290,fd738641,186,1,186
5012,2186,546793,fd911522,66,2,132
5013,2186,546793,fd491271,66,1,66
5014,2186,546793,fd663523,121,1,121
5015,2186,546793,fd491271,66,1,66
5016,2186,546793,fd559321,163,1,163
5017,2186,546793,fd853999,139,1,139
5018,2187,232,fd841223,250,1,250
5019,2187,232,fd854198,300,1,300
5020,2187,232,fd854118,140,1,140
5021,2187,232,fd854203,320,1,320
5022,2188,421891,fd928580,91,1,91
5023,2188,421891,fd479298,110,1,110
5024,2188,421891,fd249088,104,1,104
5025,2189,416464,fd830796,168,1,168
5026,2190,512588,fd707390,170,1,170
5027,2190,512588,fd707390,170,1,170
5028,2190,512588,fd784600,123,2,246
5029,2190,512588,fd1024752,199,1,199
5030,2190,512588,fd983825,125,2,250
5031,2191,148423,fd34478,264,1,264
5032,2192,444169,fd906496,176,1,176
5033,2192,444169,fd906496,176,1,176
5034,2192,444169,fd1041437,156,1,156
5035,2192,444169,fd684784,249,1,249
5036,2193,461061,fd883233,245,1,245
5037,2194,513484,fd144180,90,1,90
5038,2194,513484,fd103858,100,2,200
5039,2195,157565,fd294518,130,1,130
5040,2195,157565,fd751485,148,1,148
5041,2196,526162,fd478985,128,2,256
5042,2196,526162,fd564787,95,1,95
5043,2196,526162,fd564787,95,1,95
5044,2197,72164,fd1035153,290,1,290
5045,2197,72164,fd581849,158,2,316
5046,2198,413295,fd722893,284,1,284
5047,2198,413295,fd291854,249,1,249
5048,2199,125381,fd498075,108,1,108
5049,2200,380329,fd186340,232,1,232
5050,2201,109347,fd404509,699,1,699
5051,2202,381549,fd785441,97,1,97
5052,2202,381549,fd20654,44,1,44
5053,2202,381549,fd862690,83,1,83
5054,2203,223760,fd644856,158,1,158
5055,2203,223760,fd896005,117,2,234
5056,2204,261962,fd806434,116,2,232
5057,2205,465023,fd204347,83,1,83
5058,2205,465023,fd1042956,90,1,90
5059,2205,465023,fd204347,83,1,83
5060,2205,465023,fd113670,42,3,126
5061,2205,465023,fd421846,60,2,120
5062,2206,476006,fd445677,243,1,243
5063,2206,476006,fd266703,205,1,205
5064,2207,25213,fd937748,94,1,94
5065,2208,393228,fd867514,125,2,250
5066,2208,393228,fd858233,166,1,166
5067,2208,393228,fd858233,166,1,166
5068,2208,393228,fd858233,166,2,332
5069,2209,264536,fd422797,156,1,156
5070,2209,264536,fd84851,172,1,172
5071,2209,264536,fd323755,130,1,130
5072,2210,60312,fd493543,300,1,300
5073,2210,60312,fd337355,154,2,308
5074,2211,214298,fd739445,155,1,155
5075,2211,214298,fd685423,272,1,272
5076,2211,214298,fd95951,316,1,316
5077,2212,385922,fd687136,76,2,152
5078,2212,385922,fd687136,76,2,152
5079,2212,385922,fd687136,76,1,76
5080,2213,268658,fd600881,180,1,180
5081,2213,268658,fd600881,180,2,360
5082,2213,268658,fd934812,152,2,304
5083,2214,113220,fd653611,240,2,480
5084,2214,113220,fd503661,151,1,151
5085,2214,113220,fd879690,202,1,202
5086,2215,492883,fd745695,67,1,67
5087,2216,570685,fd1038979,92,1,92
5088,2216,570685,fd72333,92,1,92
5089,2217,252450,fd797972,208,1,208
5090,2217,252450,fd1016222,104,1,104
5091,2218,16623,fd905091,204,1,204
5092,2218,16623,fd905091,204,1,204
5093,2218,16623,fd939362,174,1,174
5094,2218,16623,fd644995,71,1,71
5095,2219,351321,fd156173,317,2,634
5096,2220,462957,fd37422,94,1,94
5097,2220,462957,fd550183,97,1,97
5098,2220,462957,fd124384,57,1,57
5099,2221,33251,fd431742,765,2,1530
5100,2222,354044,fd39438,80,1,80
5101,2222,354044,fd39439,70,1,70
5102,2222,354044,fd39440,90,3,270
5103,2222,354044,fd39439,70,1,70
5104,2223,5358,fd123514,395,1,395
5105,2223,5358,fd286120,592,1,592
5106,2224,477504,fd334586,347,1,347
5107,2225,439084,fd894558,51,1,51
5108,2225,439084,fd894558,51,1,51
5109,2226,530259,fd397960,146,1,146
5110,2226,530259,fd53096,177,1,177
5111,2226,530259,fd1005883,91,1,91
5112,2226,530259,fd322988,110,1,110
5113,2227,114367,fd55898,81,1,81
5114,2227,114367,fd570770,49,1,49
5115,2228,73677,fd51681,80,1,80
5116,2229,161540,fd293755,163,1,163
5117,2230,183885,fd813107,247,1,247
5118,2230,183885,fd332162,204,1,204
5119,2230,183885,fd54365,112,2,224
5120,2230,183885,fd171606,104,1,104
5121,2230,183885,fd332162,204,1,204
5122,2231,516532,fd231051,66,1,66
5123,2231,516532,fd27272,42,3,126
5124,2232,8777,fd137571,175,3,525
5125,2232,8777,fd474722,204,1,204
5126,2233,72137,fd680772,168,1,168
5127,2234,576593,fd506004,145,3,435
5128,2235,178234,fd679510,154,1,154
5129,2236,454351,fd500383,436,1,436
5130,2236,454351,fd487634,393,1,393
5131,2237,297636,fd353994,170,1,170
5132,2238,561416,fd455279,162,1,162
5133,2238,561416,fd558891,217,1,217
5134,2238,561416,fd455279,162,1,162
5135,2239,489022,fd708494,141,1,141
5136,2240,36457,fd646750,563,1,563
5137,2240,36457,fd45940,583,1,583
5138,2240,36457,fd646750,563,1,563
5139,2240,36457,fd574190,409,1,409
5140,2241,346023,fd449920,81,1,81
5141,2242,155811,fd939389,113,1,113
5142,2242,155811,fd362566,52,1,52
5143,2242,155811,fd659819,104,1,104
5144,2242,155811,fd659819,104,2,208
5145,2243,515470,fd993244,71,1,71
5146,2244,330083,fd149865,135,1,135
5147,2244,330083,fd683155,433,2,866
5148,2244,330083,fd111370,238,1,238
5149,2244,330083,fd810878,213,1,213
5150,2245,420453,fd561932,210,1,210
5151,2246,332828,fd668601,170,1,170
5152,2246,332828,fd668601,170,1,170
5153,2247,45871,fd162933,296,1,296
5154,2248,283093,fd680755,340,1,340
5155,2248,283093,fd634665,415,1,415
5156,2248,283093,fd529504,508,2,1016
5157,2248,283093,fd820312,237,2,474
5158,2249,119192,fd960954,66,2,132
5159,2249,119192,fd665359,193,1,193
5160,2249,119192,fd343066,214,1,214
5161,2250,379487,fd262810,309,1,309
5162,2250,379487,fd789514,136,1,136
5163,2250,379487,fd631023,241,2,482
5164,2250,379487,fd262810,309,1,309
5165,2251,219750,fd886633,115,1,115
5166,2251,219750,fd886633,115,1,115
5167,2252,328716,fd527390,162,2,324
5168,2252,328716,fd884250,167,2,334
5169,2253,506324,fd912078,745,1,745
5170,2253,506324,fd122035,60,1,60
5171,2253,506324,fd912101,345,1,345
5172,2253,506324,fd93953,245,2,490
5173,2253,506324,fd912077,600,1,600
5174,2254,220734,fd614677,113,1,113
5175,2255,239374,fd585177,97,1,97
5176,2255,239374,fd888568,78,1,78
5177,2256,572886,fd71020,81,1,81
5178,2257,436125,fd500821,91,2,182
5179,2258,525730,fd1017214,56,1,56
5180,2258,525730,fd783350,173,1,173
5181,2258,525730,fd767301,50,1,50
5182,2258,525730,fd93636,91,1,91
5183,2258,525730,fd1017214,56,1,56
5184,2259,46352,fd22477,184,3,552
5185,2259,46352,fd128953,321,1,321
5186,2259,46352,fd20232,181,1,181
5187,2260,566397,fd821964,245,2,490
5188,2260,566397,fd169421,238,1,238
5189,2260,566397,fd598338,185,1,185
5190,2260,566397,fd598338,185,1,185
5191,2261,493701,fd908705,179,1,179
5192,2261,493701,fd396496,82,1,82
5193,2262,480919,fd496307,50,1,50
5194,2262,480919,fd998602,76,2,152
5195,2263,404730,fd692522,48,1,48
5196,2264,530125,fd805106,176,1,176
5197,2264,530125,fd1013142,118,1,118
5198,2265,50227,fd909808,274,3,822
5199,2265,50227,fd689354,202,1,202
5200,2265,50227,fd1023845,477,1,477
5201,2265,50227,fd909808,274,1,274
5202,2265,50227,fd702845,311,1,311
5203,2265,50227,fd909808,274,1,274
5204,2266,166239,fd792965,278,1,278
5205,2267,284047,fd592371,153,1,153
5206,2267,284047,fd592371,153,1,153
5207,2268,227165,fd632639,53,1,53
5208,2268,227165,fd137446,75,1,75
5209,2268,227165,fd137446,75,1,75
5210,2269,62241,fd661163,195,1,195
5211,2269,62241,fd7089,171,1,171
5212,2269,62241,fd186999,117,1,117
5213,2270,146304,fd823477,293,1,293
5214,2271,229934,fd240153,80,1,80
5215,2272,93231,fd106534,141,2,282
5216,2272,93231,fd379461,120,1,120
5217,2272,93231,fd379461,120,1,120
5218,2272,93231,fd381961,142,1,142
5219,2272,93231,fd381961,142,1,142
5220,2273,385097,fd769073,112,2,224
5221,2273,385097,fd386828,135,2,270
5222,2274,184633,fd76137,315,1,315
5223,2274,184633,fd299722,362,2,724
5224,2274,184633,fd344880,303,2,606
5225,2275,84082,fd68270,156,2,312
5226,2275,84082,fd67328,179,1,179
5227,2275,84082,fd944321,248,1,248
5228,2276,201477,fd129440,217,1,217
5229,2276,201477,fd279015,93,1,93
5230,2276,201477,fd176804,178,2,356
5231,2277,82158,fd1037975,144,3,432
5232,2277,82158,fd1037839,123,1,124
5233,2277,82158,fd64854,1215,1,1215
5234,2278,75407,fd11864,375,1,375
5235,2278,75407,fd110302,259,1,259
5236,2279,535233,fd173064,101,1,101
5237,2279,535233,fd321897,191,1,191
5238,2279,535233,fd652326,130,1,130
5239,2279,535233,fd401467,71,2,142
5240,2280,441969,fd141949,168,1,168
5241,2280,441969,fd644809,170,1,170
5242,2280,441969,fd671441,141,1,141
5243,2281,30516,fd564958,34,1,34
5244,2281,30516,fd195333,54,1,54
5245,2281,30516,fd195333,54,1,54
5246,2282,128454,fd956433,180,1,180
5247,2283,469133,fd337338,337,1,337
5248,2283,469133,fd419064,299,1,299
5249,2283,469133,fd1021544,217,1,217
5250,2283,469133,fd1021544,217,1,217
5251,2284,82498,fd917215,545,1,545
5252,2284,82498,fd430047,310,1,310
5253,2284,82498,fd845225,526,1,526
5254,2284,82498,fd147036,397,1,397
5255,2284,82498,fd471702,610,1,610
5256,2284,82498,fd147036,397,2,794
5257,2285,186155,fd263619,176,1,176
5258,2285,186155,fd614789,158,1,158
5259,2286,131351,fd801456,91,1,91
5260,2287,543814,fd1009929,443,1,443
5261,2287,543814,fd157966,356,1,356
5262,2287,543814,fd534859,248,1,248
5263,2287,543814,fd1009929,443,2,886
5264,2287,543814,fd663042,201,1,201
5265,2288,481396,fd382873,196,1,196
5266,2288,481396,fd382873,196,1,196
5267,2288,481396,fd382873,196,1,196
5268,2288,481396,fd851956,146,1,146
5269,2288,481396,fd799433,141,1,141
5270,2289,28768,fd342212,107,1,107
5271,2289,28768,fd658249,355,1,355
5272,2290,371650,fd380814,117,1,117
5273,2291,218676,fd386383,60,1,60
5274,2291,218676,fd726476,56,1,56
5275,2291,218676,fd726476,56,1,56
5276,2292,430685,fd104931,73,1,73
5277,2292,430685,fd125132,65,1,65
5278,2293,462251,fd794595,108,1,108
5279,2293,462251,fd708497,250,2,500
5280,2293,462251,fd719082,150,1,150
5281,2293,462251,fd794595,108,1,108
5282,2294,524703,fd171788,40,1,40
5283,2295,439480,fd458375,421,1,421
5284,2295,439480,fd157838,131,1,131
5285,2295,439480,fd458375,421,1,421
5286,2296,88475,fd789387,255,1,255
5287,2297,225046,fd324445,141,1,141
5288,2298,362815,fd390813,110,2,220
5289,2298,362815,fd759940,167,1,167
5290,2298,362815,fd390813,110,1,110
5291,2299,574838,fd74701,89,1,89
5292,2300,394151,fd383612,111,1,111
5293,2301,564249,fd33951,205,1,205
5294,2301,564249,fd391484,82,1,82
5295,2301,564249,fd42979,184,2,368
5296,2302,453721,fd76812,85,1,85
5297,2302,453721,fd41480,90,1,90
5298,2302,453721,fd1008840,78,1,78
5299,2302,453721,fd514952,110,1,110
5300,2302,453721,fd703151,56,1,56
5301,2303,216571,fd48533,190,2,380
5302,2303,216571,fd469301,259,3,777
5303,2303,216571,fd48549,205,1,205
5304,2304,238145,fd250065,226,2,452
5305,2304,238145,fd742244,455,1,455
5306,2305,118983,fd662748,74,1,74
5307,2305,118983,fd559111,145,1,145
5308,2306,385992,fd191955,121,1,121
5309,2306,385992,fd735991,172,1,172
5310,2306,385992,fd501603,173,1,173
5311,2307,497915,fd716534,80,1,80
5312,2307,497915,fd1045134,198,1,198
5313,2308,491916,fd124965,77,1,77
5314,2308,491916,fd124965,77,1,77
5315,2309,393107,fd89214,211,1,211
5316,2310,178573,fd60753,65,1,65
5317,2310,178573,fd377512,101,3,303
5318,2310,178573,fd193486,88,2,176
5319,2311,40612,fd208497,98,2,196
5320,2311,40612,fd223785,239,1,239
5321,2312,340084,fd7160,235,1,235
5322,2312,340084,fd464808,353,3,1059
5323,2312,340084,fd384163,350,1,350
5324,2312,340084,fd487114,104,1,104
5325,2313,135542,fd865456,110,2,220
5326,2314,11800,fd497640,244,1,244
5327,2314,11800,fd211704,115,1,115
5328,2315,374364,fd678108,93,1,93
5329,2316,34345,fd177963,269,1,269
5330,2316,34345,fd923794,167,1,167
5331,2317,493874,fd916901,213,1,213
5332,2317,493874,fd198340,262,1,262
5333,2317,493874,fd167513,545,1,545
5334,2318,376213,fd1002352,72,1,72
5335,2319,383041,fd828494,520,1,520
5336,2319,383041,fd828494,520,2,1040
5337,2320,466399,fd150287,98,1,98
5338,2320,466399,fd683141,75,1,75
5339,2320,466399,fd734852,78,1,78
5340,2320,466399,fd397967,97,1,97
5341,2321,529641,fd529709,127,1,127
5342,2322,420733,fd955824,238,1,238
5343,2322,420733,fd910704,409,1,409
5344,2323,433607,fd877638,140,2,280
5345,2323,433607,fd48639,81,2,162
5346,2323,433607,fd543158,124,1,124
5347,2323,433607,fd556252,150,1,150
5348,2323,433607,fd927938,125,1,125
5349,2323,433607,fd854411,91,2,182
5350,2324,20349,fd652254,235,1,235
5351,2324,20349,fd206294,151,1,151
5352,2324,20349,fd881754,109,2,218
5353,2324,20349,fd331319,264,1,264
5354,2325,475384,fd660674,101,1,101
5355,2326,483114,fd981081,108,2,216
5356,2326,483114,fd316488,118,1,118
5357,2327,369723,fd463373,169,1,169
5358,2327,369723,fd204273,60,1,60
5359,2328,565962,fd902681,223,1,223
5360,2329,16696,fd829200,281,2,562
5361,2329,16696,fd855786,196,1,196
5362,2330,295,fd453459,25,1,25
5363,2330,295,fd454752,399,1,399
5364,2330,295,fd1006585,319,2,638
5365,2330,295,fd1006590,375,1,375
5366,2331,72308,fd406807,132,1,132
5367,2332,478883,fd222409,78,3,234
5368,2332,478883,fd825151,125,1,125
5369,2333,260295,fd480635,143,1,143
5370,2333,260295,fd673251,81,1,81
5371,2334,50237,fd906777,89,1,89
5372,2334,50237,fd906777,89,1,89
5373,2335,293868,fd158569,74,1,74
5374,2335,293868,fd676569,192,1,192
5375,2336,242064,fd286400,105,1,105
5376,2336,242064,fd583232,102,1,102
5377,2337,59495,fd434949,169,1,169
5378,2337,59495,fd512397,111,1,111
5379,2337,59495,fd434949,169,1,169
5380,2337,59495,fd754149,356,2,712
5381,2338,317666,fd215192,163,2,326
5382,2339,389551,fd127415,113,1,113
5383,2340,493860,fd474945,190,1,190
5384,2340,493860,fd980698,220,1,220
5385,2340,493860,fd109876,210,2,420
5386,2341,232793,fd706320,178,1,178
5387,2342,20385,fd808518,86,1,86
5388,2342,20385,fd155286,130,1,130
5389,2343,483407,fd1013374,106,1,106
5390,2343,483407,fd604201,121,2,242
5391,2344,400061,fd178130,130,1,130
5392,2344,400061,fd505731,120,1,120
5393,2344,400061,fd483243,127,1,127
5394,2344,400061,fd104537,126,1,126
5395,2345,526278,fd261215,499,1,499
5396,2345,526278,fd792475,703,3,2109
5397,2345,526278,fd226934,834,1,834
5398,2346,158660,fd233246,166,1,166
5399,2347,91969,fd227543,192,1,192
5400,2348,105515,fd6300,160,1,160
5401,2348,105515,fd80732,260,1,260
5402,2349,245093,fd187024,115,1,115
5403,2350,5247,fd148871,162,1,162
5404,2350,5247,fd342101,164,1,164
5405,2351,104165,fd41599,36,1,36
5406,2352,196998,fd501402,204,1,204
5407,2352,196998,fd477803,77,1,77
5408,2353,130928,fd333276,139,1,139
5409,2354,428839,fd233409,198,1,198
5410,2354,428839,fd798545,210,2,420
5411,2355,309720,fd3797,299,1,299
5412,2355,309720,fd29,220,1,220
5413,2356,541606,fd609341,105,1,105
5414,2357,398527,fd809,169,1,169
5415,2357,398527,fd175892,70,2,140
5416,2357,398527,fd2461,175,1,175
5417,2358,305122,fd732614,172,1,172
5418,2358,305122,fd435685,140,1,140
5419,2358,305122,fd732614,172,1,172
5420,2359,510170,fd71519,156,1,156
5421,2360,436398,fd62223,173,1,173
5422,2360,436398,fd764746,75,1,75
5423,2361,216710,fd823646,93,1,93
5424,2362,436813,fd5816,199,1,199
5425,2362,436813,fd108959,320,1,320
5426,2363,11316,fd350923,518,1,518
5427,2363,11316,fd350923,518,2,1036
5428,2363,11316,fd299900,633,1,633
5429,2364,385510,fd955695,114,1,114
5430,2364,385510,fd983054,82,2,164
5431,2364,385510,fd807840,61,3,183
5432,2364,385510,fd468743,158,1,158
5433,2365,238672,fd496613,144,1,144
5434,2366,310208,fd108587,165,2,330
5435,2366,310208,fd1017259,104,1,104
5436,2367,166516,fd928408,44,2,88
5437,2368,403449,fd383621,142,1,142
5438,2368,403449,fd758568,147,1,147
5439,2368,403449,fd590447,155,2,310
5440,2368,403449,fd811042,66,1,66
5441,2368,403449,fd758568,147,1,147
5442,2369,450729,fd692861,73,1,73
5443,2369,450729,fd219081,180,1,180
5444,2370,464522,fd798926,248,1,248
5445,2371,16395,fd887626,90,1,90
5446,2372,488768,fd39328,93,1,93
5447,2373,558939,fd703815,109,2,218
5448,2373,558939,fd601629,116,1,116
5449,2374,36514,fd95428,69,1,69
5450,2375,109512,fd569377,150,1,150
5451,2375,109512,fd611146,128,1,128
5452,2376,413445,fd313961,66,1,66
5453,2377,407187,fd704781,50,1,50
5454,2377,407187,fd775279,125,1,125
5455,2377,407187,fd833691,175,1,175
5456,2377,407187,fd272477,110,1,110
5457,2378,63899,fd99431,223,2,446
5458,2378,63899,fd54499,172,1,172
5459,2379,526776,fd907944,174,1,174
5460,2379,526776,fd907944,174,1,174
5461,2380,4221,fd307077,174,1,174
5462,2380,4221,fd319122,213,2,426
5463,2380,4221,fd319122,213,1,213
5464,2380,4221,fd836581,149,2,298
5465,2380,4221,fd1010061,237,1,237
5466,2381,490909,fd145890,168,1,168
5467,2381,490909,fd23681,239,1,239
5468,2382,235820,fd636001,248,1,248
5469,2382,235820,fd580159,482,1,482
5470,2382,235820,fd729286,452,1,452
5471,2383,505739,fd418916,113,1,113
5472,2383,505739,fd219480,169,1,169
5473,2384,479222,fd584316,80,1,80
5474,2384,479222,fd1024451,253,1,253
5475,2385,34968,fd165896,258,1,258
5476,2386,60269,fd19918,215,1,215
5477,2386,60269,fd65772,74,2,148
5478,2386,60269,fd230091,109,1,109
5479,2386,60269,fd6500,158,1,158
5480,2387,112612,fd41301,84,1,84
5481,2388,456099,fd837131,187,1,187
5482,2388,456099,fd89075,266,1,266
5483,2388,456099,fd689755,186,1,186
5484,2389,562073,fd887896,124,3,372
5485,2390,412859,fd841404,419,1,419
5486,2390,412859,fd100502,219,1,219
5487,2390,412859,fd100570,133,1,134
5488,2391,100356,fd341684,90,1,90
5489,2391,100356,fd321164,68,1,68
5490,2392,346797,fd137942,172,1,172
5491,2392,346797,fd137942,172,1,172
5492,2392,346797,fd512730,159,3,477
5493,2393,221631,fd577561,207,1,207
5494,2393,221631,fd898761,241,3,723
5495,2393,221631,fd419464,207,1,207
5496,2393,221631,fd898084,129,1,129
5497,2393,221631,fd91946,156,2,312
5498,2394,24884,fd468935,116,2,232
5499,2395,20337,fd809731,122,1,122
5500,2395,20337,fd996200,156,1,156
5501,2395,20337,fd97112,79,1,79
5502,2396,568206,fd378339,309,1,309
5503,2396,568206,fd184453,206,1,206
5504,2397,455034,fd436421,64,1,64
5505,2397,455034,fd29950,58,1,58
5506,2398,94159,fd840303,100,1,100
5507,2398,94159,fd840303,100,1,100
5508,2398,94159,fd475824,67,1,67
5509,2398,94159,fd150939,123,1,123
5510,2399,413573,fd513677,71,1,71
5511,2399,413573,fd315339,148,1,148
5512,2399,413573,fd538176,106,1,106
5513,2399,413573,fd315339,148,1,148
5514,2400,345075,fd187518,134,1,134
5515,2400,345075,fd129733,105,1,105
5516,2400,345075,fd187518,134,1,134
5517,2400,345075,fd129733,105,1,105
5518,2401,108139,fd106622,261,2,522
5519,2402,54543,fd801416,468,1,468
5520,2402,54543,fd879264,606,1,606
5521,2403,226246,fd648969,189,1,189
5522,2403,226246,fd132717,74,1,74
5523,2404,48128,fd885595,192,1,192
5524,2405,397872,fd257883,94,1,94
5525,2405,397872,fd64458,170,1,170
5526,2405,397872,fd796295,211,1,211
5527,2405,397872,fd64458,170,2,340
5528,2406,500443,fd895637,197,1,197
5529,2406,500443,fd216355,125,1,125
5530,2407,402923,fd38127,70,1,70
5531,2408,62303,fd141658,118,1,118
5532,2408,62303,fd66917,70,2,140
5533,2409,76625,fd848031,197,1,197
5534,2409,76625,fd889394,340,1,340
5535,2410,172606,fd478962,98,1,98
5536,2411,554106,fd900991,994,1,994
5537,2411,554106,fd578658,374,1,374
5538,2412,104818,fd423370,348,1,348
5539,2412,104818,fd828544,249,2,498
5540,2413,392695,fd970633,101,1,101
5541,2414,7012,fd176111,215,1,215
5542,2415,3796,fd540294,149,1,149
5543,2415,3796,fd562762,265,1,265
5544,2416,368348,fd957276,81,1,81
5545,2416,368348,fd435475,53,2,106
5546,2416,368348,fd192202,56,2,112
5547,2417,438321,fd797997,79,2,158
5548,2417,438321,fd664799,167,1,167
5549,2417,438321,fd477972,114,1,114
5550,2418,15354,fd121251,213,1,213
5551,2418,15354,fd121251,213,1,213
5552,2418,15354,fd875344,182,1,182
5553,2419,384086,fd1020606,98,2,196
5554,2419,384086,fd90216,166,1,166
5555,2420,551074,fd340776,85,1,85
5556,2421,171661,fd596830,88,2,176
5557,2421,171661,fd615324,99,3,297
5558,2421,171661,fd30895,40,1,40
5559,2422,130888,fd961328,152,1,152
5560,2422,130888,fd81285,272,1,272
5561,2422,130888,fd228068,141,1,141
5562,2422,130888,fd1033003,299,2,598
5563,2422,130888,fd663455,195,1,195
5564,2423,173550,fd854212,67,1,67
5565,2424,294962,fd717625,287,2,574
5566,2424,294962,fd425105,174,1,174
5567,2425,1757,fd478308,264,1,264
5568,2426,470493,fd509679,83,1,83
5569,2426,470493,fd656826,138,2,276
5570,2426,470493,fd945714,172,1,172
5571,2427,491530,fd248460,299,1,299
5572,2427,491530,fd248446,229,1,229
5573,2428,359996,fd653356,132,1,132
5574,2428,359996,fd64580,62,1,62
5575,2428,359996,fd653356,132,1,132
5576,2429,89964,fd621061,117,2,234
5577,2430,439223,fd67036,506,1,506
5578,2430,439223,fd13473,714,1,714
5579,2431,18167,fd574237,75,1,75
5580,2431,18167,fd30601,127,1,127
5581,2431,18167,fd898588,85,2,170
5582,2431,18167,fd347659,74,1,74
5583,2432,67272,fd418853,206,2,412
5584,2432,67272,fd418853,206,1,206
5585,2432,67272,fd418853,206,1,206
5586,2432,67272,fd968151,251,1,251
5587,2433,81190,fd418454,268,1,268
5588,2433,81190,fd498070,104,1,104
5589,2433,81190,fd126652,127,2,254
5590,2433,81190,fd918973,243,1,243
5591,2433,81190,fd632924,132,1,132
5592,2434,213466,fd377315,138,1,138
5593,2434,213466,fd936126,181,1,181
5594,2434,213466,fd411157,72,3,216
5595,2434,213466,fd346508,222,1,222
5596,2435,33040,fd52868,140,1,140
5597,2435,33040,fd52868,140,1,140
5598,2436,79653,fd648069,148,1,148
5599,2436,79653,fd1006531,314,2,628
5600,2437,255651,fd8513,375,1,375
5601,2437,255651,fd15543,595,1,595
5602,2438,367950,fd212124,247,1,247
5603,2438,367950,fd449993,465,1,465
5604,2439,488924,fd822258,53,3,159
5605,2440,462298,fd481544,135,1,135
5606,2440,462298,fd593679,133,1,133
5607,2441,319067,fd148262,60,1,60
5608,2441,319067,fd222318,71,1,71
5609,2441,319067,fd86568,172,1,172
5610,2441,319067,fd76169,152,1,152
5611,2442,316877,fd60316,95,1,95
5612,2442,316877,fd736490,115,1,115
5613,2442,316877,fd522656,123,1,123
5614,2443,477059,fd159602,88,1,88
5615,2443,477059,fd914797,167,1,167
5616,2443,477059,fd159602,88,1,88
5617,2444,168347,fd724395,41,2,82
5618,2445,236663,fd88527,232,1,232
5619,2445,236663,fd200723,634,1,634
5620,2446,350560,fd47097,109,1,109
5621,2446,350560,fd11753,189,1,189
5622,2446,350560,fd715618,239,1,239
5623,2446,350560,fd1179,139,1,139
5624,2446,350560,fd47097,109,1,109
5625,2447,135797,fd8188,45,1,45
5626,2447,135797,fd450923,35,1,35
5627,2448,340321,fd496667,409,1,409
5628,2449,446719,fd48137,236,1,236
5629,2449,446719,fd415022,88,2,176
5630,2449,446719,fd768490,90,2,180
5631,2449,446719,fd415707,231,1,231
5632,2450,143751,fd684536,485,1,485
5633,2450,143751,fd100440,429,1,429
5634,2450,143751,fd176559,379,1,379
5635,2450,143751,fd641848,598,1,598
5636,2451,110856,fd536044,481,1,481
5637,2452,71419,fd896511,104,1,104
5638,2452,71419,fd677922,118,1,118
5639,2453,414549,fd866133,65,1,65
5640,2454,446279,fd599354,37,1,37
5641,2455,447401,fd16404,149,1,149
5642,2456,388736,fd22308,93,3,279
5643,2457,279873,fd363404,95,1,95
5644,2458,532375,fd321924,146,1,146
5645,2458,532375,fd321924,146,1,146
5646,2458,532375,fd395340,105,1,105
5647,2459,481867,fd532842,386,1,386
5648,2459,481867,fd532842,386,1,386
5649,2460,62943,fd213,160,1,160
5650,2461,382186,fd815395,170,1,170
5651,2461,382186,fd242821,100,2,200
5652,2461,382186,fd823837,60,2,120
5653,2462,442740,fd91734,412,1,412
5654,2463,9478,fd214567,153,1,153
5655,2463,9478,fd214567,153,1,153
5656,2464,469741,fd635075,106,1,106
5657,2464,469741,fd859691,244,1,244
5658,2464,469741,fd370532,108,1,108
5659,2465,238584,fd322502,106,2,212
5660,2465,238584,fd160686,141,1,141
5661,2466,100868,fd553824,145,1,145
5662,2466,100868,fd562260,136,1,136
5663,2466,100868,fd162441,89,2,178
5664,2467,45048,fd130823,150,1,150
5665,2467,45048,fd130824,225,1,225
5666,2467,45048,fd130828,112,1,112
5667,2467,45048,fd130825,337,2,675
5668,2468,547056,fd392304,123,1,123
5669,2468,547056,fd873009,52,1,52
5670,2469,416860,fd530860,241,1,241
5671,2469,416860,fd193769,227,1,227
5672,2470,456652,fd2624,240,1,240
5673,2470,456652,fd4182,120,1,120
5674,2471,44149,fd991929,573,2,1146
5675,2471,44149,fd961233,237,1,237
5676,2472,230460,fd1026835,238,1,238
5677,2473,464469,fd992388,199,1,199
5678,2473,464469,fd600982,257,1,257
5679,2473,464469,fd843264,170,1,170
5680,2474,506446,fd6515,64,1,64
5681,2474,506446,fd522755,87,1,87
5682,2474,506446,fd847126,61,1,61
5683,2474,506446,fd847126,61,1,61
5684,2474,506446,fd882596,37,2,74
5685,2474,506446,fd522755,87,1,87
5686,2475,115875,fd325411,225,1,225
5687,2476,29224,fd98681,137,1,137
5688,2477,107382,fd904810,53,1,53
5689,2478,433304,fd3835,90,1,90
5690,2479,355776,fd578960,67,1,67
5691,2479,355776,fd57293,48,1,48
5692,2479,355776,fd651994,41,1,41
5693,2480,558102,fd529229,98,2,196
5694,2481,82965,fd1000134,56,1,56
5695,2481,82965,fd182529,55,2,110
5696,2482,467568,fd364044,48,2,96
5697,2483,360054,fd288138,88,1,88
5698,2483,360054,fd238602,69,1,69
5699,2484,516980,fd916416,114,1,114
5700,2484,516980,fd115397,193,1,193
5701,2485,23582,fd855623,183,1,183
5702,2485,23582,fd228616,354,1,354
5703,2486,385077,fd627032,124,1,124
5704,2486,385077,fd600522,94,1,94
5705,2486,385077,fd388461,125,1,125
5706,2487,63849,fd402225,217,2,434
5707,2488,24289,fd403137,238,1,238
5708,2488,24289,fd397343,94,1,94
5709,2489,439728,fd98773,216,1,216
5710,2490,151043,fd3644,148,2,296
5711,2491,454738,fd849451,326,1,326
5712,2492,183217,fd640712,367,1,367
5713,2493,116112,fd1079,155,1,155
5714,2493,116112,fd821453,189,1,189
5715,2494,117249,fd11180,40,2,80
5716,2494,117249,fd4014,180,1,180
5717,2495,571804,fd23587,248,1,248
5718,2495,571804,fd23587,248,1,248
5719,2495,571804,fd1041629,254,1,254
5720,2496,16101,fd727741,88,1,88
5721,2496,16101,fd645807,101,2,202
5722,2497,34220,fd783891,205,1,205
5723,2497,34220,fd933393,107,1,107
5724,2498,492250,fd859991,130,2,260
5725,2498,492250,fd699690,166,1,166
5726,2498,492250,fd719531,234,2,468
5727,2499,421479,fd746486,82,1,82
5728,2500,547384,fd652651,115,1,115
5729,2500,547384,fd644237,102,1,102
5730,2501,305926,fd730938,171,1,171
5731,2502,223942,fd695789,132,1,132
5732,2502,223942,fd1044077,46,1,46
5733,2503,525822,fd183358,152,1,152
5734,2503,525822,fd479117,170,1,170
5735,2504,499215,fd31847,212,1,212
5736,2504,499215,fd97692,97,1,97
5737,2505,383529,fd164474,221,1,221
5738,2505,383529,fd1024270,342,1,342
5739,2505,383529,fd1024270,342,2,684
5740,2505,383529,fd162810,130,2,260
5741,2505,383529,fd1024270,342,1,342
5742,2506,449966,fd295090,73,1,73
5743,2506,449966,fd473881,79,1,79
5744,2507,309303,fd12437,63,1,63
5745,2507,309303,fd751572,92,1,92
5746,2508,570127,fd308759,310,1,310
5747,2508,570127,fd77749,347,1,347
5748,2509,2811,fd906959,69,1,69
5749,2510,467303,fd757063,173,1,173
5750,2510,467303,fd856579,174,1,174
5751,2511,25624,fd793988,266,1,266
5752,2511,25624,fd796571,189,1,189
5753,2512,56553,fd127545,231,1,231
5754,2513,386220,fd239221,76,1,76
5755,2513,386220,fd398749,198,1,198
5756,2514,69444,fd955467,152,2,304
5757,2515,200863,fd102560,80,1,80
5758,2515,200863,fd225766,97,3,291
5759,2515,200863,fd52194,103,3,309
5760,2515,200863,fd640638,136,1,136
5761,2515,200863,fd640638,136,1,136
5762,2515,200863,fd640638,136,1,136
5763,2516,47800,fd302584,449,1,449
5764,2516,47800,fd222852,100,1,100
5765,2516,47800,fd222900,100,1,100
5766,2516,47800,fd222852,100,1,100
5767,2516,47800,fd302582,349,1,349
5768,2517,480493,fd894027,132,1,132
5769,2517,480493,fd680053,187,1,187
5770,2518,219,fd24652,269,1,269
5771,2518,219,fd850662,265,2,530
5772,2518,219,fd850739,300,1,300
5773,2518,219,fd41661,192,1,192
5774,2518,219,fd110205,149,1,149
5775,2518,219,fd16478,296,1,296
5776,2519,436936,fd725300,56,1,56
5777,2519,436936,fd92156,83,1,83
5778,2520,577908,fd268356,153,1,153
5779,2520,577908,fd659867,163,1,163
5780,2521,39292,fd659399,139,1,139
5781,2522,504894,fd354210,205,1,205
5782,2523,30241,fd424001,302,1,302
5783,2524,325695,fd140128,158,1,158
5784,2524,325695,fd415467,165,1,165
5785,2524,325695,fd415467,165,1,165
5786,2524,325695,fd133821,259,2,518
5787,2524,325695,fd726142,263,1,263
5788,2524,325695,fd859620,198,1,198
5789,2525,171127,fd831656,324,1,324
5790,2525,171127,fd423546,179,1,179
5791,2525,171127,fd701994,193,1,193
5792,2526,141073,fd399871,75,1,75
5793,2526,141073,fd987048,98,2,196
5794,2526,141073,fd942489,113,2,226
5795,2526,141073,fd908233,162,1,162
5796,2526,141073,fd837722,102,2,204
5797,2527,142362,fd41604,139,1,139
5798,2527,142362,fd1010491,126,1,126
5799,2527,142362,fd557250,69,1,69
5800,2528,53834,fd110123,200,1,200
5801,2529,455374,fd584198,128,1,128
5802,2529,455374,fd763292,139,1,139
5803,2529,455374,fd517147,172,2,344
5804,2530,514485,fd471040,124,2,248
5805,2530,514485,fd632029,65,2,130
5806,2530,514485,fd855772,168,1,168
5807,2530,514485,fd628373,147,1,147
5808,2531,534605,fd892334,132,1,132
5809,2531,534605,fd730924,54,2,108
5810,2531,534605,fd370268,70,1,70
5811,2532,306690,fd903517,260,1,260
5812,2533,419000,fd847865,187,1,187
5813,2533,419000,fd41776,173,1,173
5814,2534,75087,fd40180,52,1,52
5815,2534,75087,fd311360,69,1,69
5816,2534,75087,fd19602,36,2,72
5817,2535,325145,fd833988,278,2,556
5818,2535,325145,fd532836,202,1,202
5819,2536,95484,fd211893,268,2,536
5820,2537,377939,fd596301,111,1,111
5821,2537,377939,fd273862,151,2,302
5822,2538,475179,fd521150,178,1,178
5823,2539,428365,fd482442,240,1,240
5824,2539,428365,fd482442,240,1,240
5825,2539,428365,fd50087,78,3,234
5826,2539,428365,fd50087,78,1,78
5827,2539,428365,fd104925,210,1,210
5828,2540,372774,fd949180,194,2,388
5829,2541,422017,fd91810,144,1,144
5830,2541,422017,fd664478,170,1,170
5831,2541,422017,fd91810,144,1,144
5832,2542,388352,fd842053,216,1,216
5833,2542,388352,fd602367,156,1,156
5834,2542,388352,fd683567,250,1,250
5835,2543,154028,fd640039,127,1,127
5836,2543,154028,fd627553,223,1,223
5837,2544,3454,fd840819,310,1,310
5838,2544,3454,fd840925,350,1,350
5839,2544,3454,fd840830,370,1,370
5840,2544,3454,fd840922,250,2,500
5841,2545,63275,fd401165,119,1,119
5842,2545,63275,fd119506,195,1,195
5843,2546,352818,fd640391,81,1,81
5844,2547,123881,fd25333,201,1,201
5845,2548,495185,fd386083,199,3,597
5846,2548,495185,fd851299,91,1,91
5847,2548,495185,fd499887,203,1,203
5848,2549,3639,fd830201,146,1,146
5849,2549,3639,fd768099,106,1,106
5850,2550,550666,fd308842,55,1,55
5851,2550,550666,fd547138,107,1,107
5852,2551,31359,fd590,82,1,82
5853,2551,31359,fd493535,122,1,122
5854,2552,25525,fd141904,80,1,80
5855,2552,25525,fd963250,97,1,97
5856,2552,25525,fd416778,57,1,57
5857,2552,25525,fd416778,57,1,57
5858,2552,25525,fd306523,99,2,198
5859,2552,25525,fd963250,97,1,97
5860,2553,427572,fd640708,113,1,113
5861,2553,427572,fd450387,59,1,59
5862,2553,427572,fd89561,57,1,57
5863,2554,336610,fd487384,172,1,172
5864,2554,336610,fd176040,166,1,166
5865,2554,336610,fd105809,55,1,55
5866,2555,369684,fd74914,248,1,248
5867,2555,369684,fd198175,163,1,163
5868,2556,314144,fd274712,136,1,136
5869,2557,240526,fd755678,102,1,102
5870,2558,381365,fd555582,115,1,115
5871,2558,381365,fd618061,115,2,230
5872,2559,344023,fd54542,148,1,148
5873,2559,344023,fd115803,129,1,129
5874,2560,196034,fd1019612,26,1,26
5875,2560,196034,fd534517,53,1,53
5876,2561,511898,fd209986,195,1,195
5877,2561,511898,fd70906,268,1,268
5878,2561,511898,fd688988,223,1,223
5879,2562,3209,fd839483,100,2,200
5880,2562,3209,fd839487,110,2,220
5881,2562,3209,fd557597,100,1,100
5882,2562,3209,fd839477,95,1,95
5883,2563,119435,fd70204,177,1,177
5884,2563,119435,fd70204,177,1,177
5885,2564,349144,fd76301,480,1,480
5886,2564,349144,fd1005077,480,1,480
5887,2565,213310,fd300859,189,1,189
5888,2565,213310,fd862448,76,1,76
5889,2566,510564,fd896351,379,1,379
5890,2566,510564,fd235674,214,3,642
5891,2566,510564,fd675035,309,1,309
5892,2566,510564,fd96973,370,1,370
5893,2566,510564,fd587927,299,1,299
5894,2566,510564,fd825165,138,1,138
5895,2567,298066,fd730741,69,1,69
5896,2567,298066,fd730741,69,2,138
5897,2567,298066,fd530463,135,1,135
5898,2567,298066,fd530463,135,1,135
5899,2568,447090,fd793703,83,1,83
5900,2568,447090,fd987817,71,1,71
5901,2569,575772,fd8906,80,1,80
5902,2569,575772,fd733458,100,1,100
5903,2570,154089,fd114318,70,1,70
5904,2570,154089,fd7364,216,1,216
5905,2571,141571,fd68228,176,1,176
5906,2572,69529,fd654902,72,1,72
5907,2572,69529,fd6050,218,2,436
5908,2573,338490,fd314242,87,1,87
5909,2573,338490,fd951951,222,1,222
5910,2573,338490,fd432482,187,1,187
5911,2573,338490,fd154078,78,1,78
5912,2574,8392,fd14401,158,1,158
5913,2574,8392,fd561796,344,1,344
5914,2574,8392,fd55018,294,1,294
5915,2574,8392,fd670226,247,2,494
5916,2575,416401,fd500289,54,1,54
5917,2575,416401,fd259510,161,1,161
5918,2575,416401,fd259510,161,2,322
5919,2575,416401,fd269218,176,1,176
5920,2576,382536,fd1274,239,2,478
5921,2577,125513,fd108819,126,3,378
5922,2578,11528,fd997108,249,2,498
5923,2578,11528,fd55658,166,1,166
5924,2578,11528,fd195559,429,1,429
5925,2579,127071,fd802145,127,1,127
5926,2579,127071,fd512588,101,1,101
5927,2580,60791,fd645719,113,2,226
5928,2581,458424,fd757265,122,1,122
5929,2582,50711,fd902860,245,1,245
5930,2583,242388,fd737457,137,1,137
5931,2583,242388,fd991884,136,1,136
5932,2584,307810,fd456529,156,1,156
5933,2585,540169,fd795584,84,1,84
5934,2586,425176,fd1027577,44,1,44
5935,2586,425176,fd8106,58,3,174
5936,2587,376727,fd31077,106,2,212
5937,2587,376727,fd339624,123,2,246
5938,2588,433093,fd43471,53,1,53
5939,2588,433093,fd44531,83,1,83
5940,2589,426546,fd392286,86,2,172
5941,2590,560413,fd1692,120,1,120
5942,2591,253161,fd327362,70,1,70
5943,2592,513484,fd6857,110,1,110
5944,2592,513484,fd351994,80,1,80
5945,2593,100337,fd202250,101,1,101
5946,2593,100337,fd776933,112,1,112
5947,2594,549915,fd447269,163,2,326
5948,2595,149682,fd677309,87,1,87
5949,2595,149682,fd287067,51,1,51
5950,2596,460070,fd829496,171,3,513
5951,2596,460070,fd233231,86,3,258
5952,2596,460070,fd415135,149,1,149
5953,2597,444879,fd743843,129,1,129
5954,2598,241310,fd1005316,185,1,185
5955,2599,453159,fd888822,82,1,82
5956,2600,526678,fd592332,105,2,210
5957,2600,526678,fd94076,84,1,84
5958,2600,526678,fd77469,169,1,169
5959,2601,549346,fd831271,63,1,63
5960,2602,19942,fd373084,355,2,710
5961,2602,19942,fd34710,109,1,109
5962,2602,19942,fd129356,182,2,364
5963,2602,19942,fd373084,355,1,355
5964,2603,334930,fd878358,89,1,89
5965,2603,334930,fd180157,92,1,92
5966,2603,334930,fd349721,154,1,154
5967,2604,310601,fd442445,140,1,140
5968,2604,310601,fd442448,120,1,120
5969,2605,60525,fd1011647,170,2,340
5970,2605,60525,fd347356,145,2,290
5971,2606,279452,fd495813,224,1,224
5972,2607,167249,fd26031,140,1,140
5973,2607,167249,fd820387,62,2,124
5974,2607,167249,fd26031,140,1,140
5975,2608,501951,fd531759,91,1,91
5976,2608,501951,fd531759,91,1,91
5977,2609,4979,fd2461,269,2,538
5978,2609,4979,fd42880,279,1,279
5979,2610,380718,fd88562,265,3,795
5980,2610,380718,fd760901,266,1,266
5981,2611,400156,fd157542,264,1,264
5982,2612,60035,fd92380,80,1,80
5983,2612,60035,fd928301,138,2,276
5984,2612,60035,fd205939,55,2,110
5985,2612,60035,fd92380,80,1,80
5986,2613,136266,fd84236,116,1,116
5987,2613,136266,fd854396,136,1,136
5988,2613,136266,fd469578,117,1,117
5989,2613,136266,fd854396,136,1,136
5990,2614,83134,fd655413,137,1,137
5991,2614,83134,fd1048434,195,2,390
5992,2614,83134,fd11514,195,1,195
5993,2615,233117,fd144035,133,1,133
5994,2616,368307,fd103719,73,2,146
5995,2616,368307,fd863685,102,3,306
5996,2617,498622,fd209485,75,3,225
5997,2618,572475,fd811031,85,1,85
5998,2618,572475,fd890834,59,1,59
5999,2619,12165,fd705911,253,1,253
6000,2619,12165,fd705911,253,1,253
6001,2619,12165,fd946099,347,1,347
6002,2619,12165,fd1010846,206,2,412
6003,2620,283218,fd730970,248,1,248
6004,2620,283218,fd311329,227,1,227
6005,2621,382135,fd314237,166,3,498
6006,2621,382135,fd450880,110,1,110
6007,2622,415054,fd370155,62,1,62
6008,2622,415054,fd1006320,149,1,149
6009,2623,500769,fd987166,169,1,169
6010,2624,365185,fd322943,95,3,285
6011,2625,368239,fd675706,154,1,154
6012,2625,368239,fd856866,210,1,210
6013,2626,229113,fd604530,158,1,158
6014,2626,229113,fd633790,182,1,182
6015,2627,509852,fd800950,68,1,68
6016,2628,405025,fd16913,184,1,184
6017,2628,405025,fd332198,130,1,130
6018,2629,430970,fd716706,134,1,134
6019,2629,430970,fd103260,196,3,588
6020,2629,430970,fd750794,86,1,86
6021,2630,101286,fd241573,318,1,318
6022,2631,49194,fd837111,49,1,49
6023,2632,279305,fd956520,223,1,223
6024,2633,69966,fd139544,64,1,64
6025,2633,69966,fd139544,64,1,64
6026,2633,69966,fd819326,111,2,222
6027,2634,1488,fd394967,220,1,220
6028,2635,530419,fd450474,125,1,125
6029,2636,59171,fd44399,538,1,538
6030,2637,208103,fd898632,173,2,346
6031,2637,208103,fd612110,131,1,131
6032,2637,208103,fd215178,156,2,312
6033,2637,208103,fd285800,183,1,183
6034,2637,208103,fd612110,131,1,131
6035,2637,208103,fd898632,173,1,173
6036,2638,257824,fd993005,78,1,78
6037,2639,119412,fd212419,98,1,98
6038,2639,119412,fd992445,78,1,78
6039,2639,119412,fd56120,145,1,145
6040,2639,119412,fd992445,78,3,234
6041,2639,119412,fd3430,124,1,124
6042,2640,43348,fd126441,304,1,304
6043,2640,43348,fd320373,124,2,248
6044,2641,405631,fd961248,181,1,181
6045,2641,405631,fd245454,81,1,81
6046,2641,405631,fd856786,81,1,81
6047,2641,405631,fd300348,140,1,140
6048,2641,405631,fd245454,81,1,81
6049,2641,405631,fd865957,128,1,128
6050,2642,333112,fd1041461,120,1,120
6051,2643,536144,fd247913,95,1,95
6052,2644,76984,fd950282,234,1,234
6053,2644,76984,fd125477,142,1,142
6054,2645,391914,fd497271,202,1,202
6055,2645,391914,fd1018773,146,2,292
6056,2645,391914,fd360764,156,1,156
6057,2645,391914,fd824040,212,2,424
6058,2646,550238,fd357483,106,1,106
6059,2646,550238,fd185959,39,1,39
6060,2647,427234,fd174887,115,1,115
6061,2647,427234,fd340891,239,2,478
6062,2648,245167,fd681122,73,1,73
6063,2648,245167,fd681122,73,1,73
6064,2649,486605,fd939968,249,1,249
6065,2650,17101,fd368473,294,1,294
6066,2650,17101,fd52763,186,1,186
6067,2650,17101,fd52763,186,2,372
6068,2651,124433,fd742824,103,1,103
6069,2651,124433,fd773906,108,3,324
6070,2651,124433,fd671174,86,1,86
6071,2652,172925,fd945690,190,1,190
6072,2652,172925,fd370987,206,1,206
6073,2653,2483,fd478352,68,1,68
6074,2654,490190,fd773769,114,1,114
6075,2654,490190,fd556087,239,2,478
6076,2655,210619,fd185535,85,1,85
6077,2655,210619,fd751800,75,1,75
6078,2656,343112,fd95429,179,1,179
6079,2656,343112,fd95429,179,1,179
6080,2656,343112,fd350849,246,1,246
6081,2657,153718,fd559452,56,1,56
6082,2657,153718,fd393094,51,1,51
6083,2657,153718,fd147124,76,1,76
6084,2658,296054,fd353879,165,2,330
6085,2658,296054,fd401472,183,1,183
6086,2658,296054,fd353879,165,1,165
6087,2658,296054,fd688501,285,1,285
6088,2658,296054,fd619573,219,1,219
6089,2659,210892,fd1003086,281,1,281
6090,2659,210892,fd264318,353,1,353
6091,2660,424032,fd909625,132,1,132
6092,2660,424032,fd909625,132,1,132
6093,2660,424032,fd315599,85,1,85
6094,2661,73401,fd111526,408,1,408
6095,2661,73401,fd708977,219,2,438
6096,2662,285419,fd291085,165,1,165
6097,2662,285419,fd889193,55,1,55
6098,2662,285419,fd291085,165,1,165
6099,2662,285419,fd868098,136,1,136
6100,2663,441763,fd133572,191,1,191
6101,2663,441763,fd456293,255,1,255
6102,2663,441763,fd195884,270,1,270
6103,2663,441763,fd133572,191,2,382
6104,2663,441763,fd133572,191,1,191
6105,2664,365781,fd57547,250,1,250
6106,2664,365781,fd910,50,2,100
6107,2664,365781,fd122496,80,1,80
6108,2665,338099,fd10439,185,1,185
6109,2665,338099,fd808704,242,1,242
6110,2666,307810,fd308190,163,1,163
6111,2666,307810,fd125167,207,1,207
6112,2667,529772,fd825879,184,1,184
6113,2668,54758,fd295392,194,1,194
6114,2668,54758,fd182006,213,1,213
6115,2668,54758,fd1047511,143,2,286
6116,2668,54758,fd841832,173,1,173
6117,2668,54758,fd1047511,143,1,143
6118,2669,266102,fd560829,90,1,90
6119,2669,266102,fd306834,111,1,111
6120,2669,266102,fd765158,173,1,173
6121,2670,389493,fd543401,114,1,114
6122,2670,389493,fd427187,164,1,164
6123,2671,356879,fd794808,163,2,326
6124,2671,356879,fd937284,193,1,193
6125,2671,356879,fd455311,187,1,187
6126,2671,356879,fd120588,221,1,221
6127,2672,23875,fd722563,122,1,122
6128,2672,23875,fd99640,144,2,288
6129,2673,207669,fd4783,343,1,343
6130,2674,113238,fd627628,245,1,245
6131,2674,113238,fd740423,84,1,84
6132,2675,527289,fd1003610,151,1,151
6133,2675,527289,fd341443,81,2,162
6134,2676,124208,fd975079,151,2,302
6135,2676,124208,fd922474,173,2,346
6136,2677,256895,fd879520,208,1,208
6137,2677,256895,fd751877,137,1,137
6138,2677,256895,fd247288,344,1,344
6139,2678,121587,fd215675,76,1,76
6140,2679,145248,fd793889,187,3,561
6141,2680,196127,fd249396,429,1,429
6142,2680,196127,fd249396,429,1,429
6143,2680,196127,fd996383,364,1,364
6144,2681,5671,fd1041009,83,1,83
6145,2681,5671,fd914627,42,1,42
6146,2682,46302,fd192058,299,1,299
6147,2683,441963,fd503938,117,3,351
6148,2683,441963,fd422592,51,1,51
6149,2683,441963,fd503938,117,1,117
6150,2684,71869,fd440361,106,1,106
6151,2684,71869,fd859208,268,1,268
6152,2684,71869,fd508519,274,1,274
6153,2684,71869,fd508519,274,1,274
6154,2684,71869,fd440361,106,1,106
6155,2684,71869,fd859208,268,1,268
6156,2685,478888,fd217560,438,1,438
6157,2685,478888,fd151351,304,1,304
6158,2685,478888,fd371736,309,2,618
6159,2686,383787,fd861867,113,1,113
6160,2687,149472,fd209166,125,1,125
6161,2687,149472,fd1009944,139,1,139
6162,2687,149472,fd67719,137,1,137
6163,2687,149472,fd209166,125,1,125
6164,2687,149472,fd888761,218,1,218
6165,2687,149472,fd531661,207,1,207
6166,2688,481578,fd10282,350,1,350
6167,2689,113741,fd638357,60,1,60
6168,2689,113741,fd762942,78,1,78
6169,2689,113741,fd762942,78,1,78
6170,2689,113741,fd682667,137,1,137
6171,2689,113741,fd446949,83,1,83
6172,2689,113741,fd819754,61,1,61
6173,2690,488886,fd350184,65,1,65
6174,2690,488886,fd660677,42,1,42
6175,2691,425288,fd196664,140,1,140
6176,2691,425288,fd813364,86,1,86
6177,2692,288268,fd56644,83,1,83
6178,2692,288268,fd1042323,74,1,74
6179,2692,288268,fd605304,57,3,171
6180,2693,492025,fd372040,25,2,50
6181,2693,492025,fd372041,20,1,20
6182,2693,492025,fd372040,25,1,25
6183,2694,385275,fd477046,134,1,134
6184,2694,385275,fd156153,159,2,318
6185,2695,279738,fd827328,121,2,242
6186,2695,279738,fd517462,135,1,135
6187,2696,381077,fd93490,90,2,180
6188,2696,381077,fd40404,87,1,87
6189,2696,381077,fd118228,89,1,89
6190,2696,381077,fd822125,120,2,240
6191,2697,81121,fd757715,169,2,338
6192,2697,81121,fd79,60,1,60
6193,2698,15565,fd201410,438,1,438
6194,2699,532934,fd674617,122,2,244
6195,2699,532934,fd142328,184,1,184
6196,2700,396066,fd883769,327,1,327
6197,2701,523702,fd520165,111,1,111
6198,2701,523702,fd143794,108,1,108
6199,2702,207579,fd195235,61,1,61
6200,2702,207579,fd1007677,127,1,127
6201,2703,416428,fd235271,82,1,82
6202,2703,416428,fd16815,60,1,60
6203,2704,92551,fd72380,252,1,252
6204,2704,92551,fd857258,312,1,312
6205,2705,202179,fd164311,129,1,129
6206,2705,202179,fd370106,61,1,61
6207,2705,202179,fd763230,57,1,57
6208,2705,202179,fd708409,79,1,79
6209,2705,202179,fd708409,79,1,79
6210,2706,554291,fd104524,202,1,202
6211,2707,397018,fd627550,102,1,102
6212,2707,397018,fd152991,154,1,154
6213,2708,565137,fd35599,79,1,79
6214,2709,515458,fd878886,235,1,235
6215,2709,515458,fd728358,229,1,229
6216,2710,62874,fd639844,76,1,76
6217,2710,62874,fd242471,101,3,303
6218,2710,62874,fd17311,66,3,198
6219,2711,124544,fd291901,146,1,146
6220,2711,124544,fd502391,142,1,142
6221,2711,124544,fd147160,240,1,240
6222,2711,124544,fd176749,125,1,125
6223,2712,411809,fd974030,191,1,191
6224,2712,411809,fd300253,118,1,118
6225,2712,411809,fd766768,152,1,152
6226,2713,205416,fd675787,123,1,123
6227,2713,205416,fd14247,253,1,253
6228,2713,205416,fd14247,253,1,253
6229,2714,41036,fd63195,343,1,343
6230,2715,123456,fd519197,212,1,212
6231,2715,123456,fd657600,269,1,269
6232,2716,227237,fd23099,164,1,164
6233,2717,157585,fd831132,111,1,111
6234,2717,157585,fd276386,169,1,169
6235,2717,157585,fd560670,125,2,250
6236,2717,157585,fd101233,148,1,148
6237,2717,157585,fd708428,90,1,90
6238,2717,157585,fd560670,125,1,125
6239,2718,446337,fd1033604,378,1,378
6240,2718,446337,fd604155,607,1,607
6241,2719,558106,fd79619,40,1,40
6242,2719,558106,fd79619,40,3,120
6243,2720,439390,fd261579,152,1,152
6244,2720,439390,fd786823,97,1,97
6245,2721,141473,fd699364,189,1,189
6246,2722,40439,fd810763,57,1,57
6247,2723,312520,fd500292,74,1,74
6248,2724,155941,fd341319,249,2,498
6249,2724,155941,fd75368,189,1,189
6250,2724,155941,fd309386,93,1,93
6251,2725,353558,fd231964,170,1,170
6252,2726,453143,fd390761,273,1,273
6253,2727,203171,fd72117,90,1,90
6254,2727,203171,fd47929,99,1,99
6255,2728,77471,fd850843,191,1,191
6256,2728,77471,fd132441,158,1,158
6257,2729,364842,fd659058,212,1,212
6258,2729,364842,fd108844,144,1,144
6259,2730,456314,fd6019,160,1,160
6260,2731,392728,fd1026877,167,1,167
6261,2731,392728,fd889255,146,1,146
6262,2732,143751,fd641848,598,1,598
6263,2732,143751,fd775056,329,1,329
6264,2733,191347,fd868561,52,1,52
6265,2733,191347,fd809715,58,1,58
6266,2733,191347,fd853035,85,1,85
6267,2734,469265,fd79418,146,2,292
6268,2734,469265,fd180383,131,2,262
6269,2734,469265,fd718905,224,1,224
6270,2734,469265,fd1020591,186,1,186
6271,2734,469265,fd180383,131,1,131
6272,2735,353995,fd471006,82,1,82
6273,2735,353995,fd95329,54,1,54
6274,2736,17304,fd213313,138,1,138
6275,2736,17304,fd213313,138,1,138
6276,2737,28376,fd129051,254,1,254
6277,2737,28376,fd1038236,103,1,103
6278,2737,28376,fd161525,242,1,242
6279,2737,28376,fd575161,265,1,265
6280,2738,111426,fd887788,234,2,468
6281,2739,2008,fd189734,82,1,82
6282,2740,129427,fd609589,171,1,171
6283,2740,129427,fd929012,54,1,54
6284,2740,129427,fd434473,78,1,78
6285,2740,129427,fd929012,54,1,54
6286,2741,368072,fd746329,108,3,324
6287,2742,530059,fd873474,219,1,219
6288,2743,543846,fd76374,266,1,266
6289,2743,543846,fd608438,132,1,132
6290,2743,543846,fd608438,132,1,132
6291,2743,543846,fd1027954,80,1,80
6292,2744,494981,fd211421,114,2,228
6293,2744,494981,fd813110,116,1,116
6294,2745,539253,fd5569,94,1,94
6295,2745,539253,fd5569,94,1,94
6296,2746,399496,fd142497,197,1,197
6297,2746,399496,fd165042,314,2,628
6298,2746,399496,fd169632,208,3,624
6299,2747,115799,fd890785,127,2,254
6300,2747,115799,fd807002,63,2,126
6301,2747,115799,fd890785,127,1,127
6302,2748,521683,fd482404,106,1,106
6303,2748,521683,fd636154,118,1,118
6304,2748,521683,fd943595,228,1,228
6305,2748,521683,fd332730,180,2,360
6306,2748,521683,fd943595,228,2,456
6307,2748,521683,fd757680,86,3,258
6308,2749,42418,fd889078,103,1,103
6309,2750,135573,fd729999,175,1,175
6310,2750,135573,fd170840,213,1,213
6311,2750,135573,fd729999,175,2,350
6312,2751,262051,fd1041172,424,1,424
6313,2751,262051,fd115182,163,2,326
6314,2751,262051,fd1012036,312,1,312
6315,2751,262051,fd665370,230,1,230
6316,2752,204476,fd503241,372,2,744
6317,2752,204476,fd503241,372,1,372
6318,2753,138451,fd906092,102,1,102
6319,2753,138451,fd86663,136,1,136
6320,2753,138451,fd900083,60,1,60
6321,2754,62942,fd119124,110,1,110
6322,2755,106011,fd319206,82,1,82
6323,2756,490587,fd800946,94,1,94
6324,2756,490587,fd1004895,88,2,176
6325,2757,32498,fd370330,322,1,322
6326,2757,32498,fd370330,322,1,322
6327,2758,403281,fd723315,143,1,143
6328,2758,403281,fd118353,201,1,201
6329,2758,403281,fd301115,92,1,92
6330,2758,403281,fd131217,99,1,99
6331,2759,549045,fd270640,65,1,65
6332,2760,331753,fd834321,80,1,80
6333,2760,331753,fd677662,30,1,30
6334,2760,331753,fd808525,34,1,34
6335,2760,331753,fd677662,30,1,30
6336,2761,80294,fd251579,120,1,120
6337,2761,80294,fd913331,97,2,194
6338,2762,424260,fd1015487,80,1,80
6339,2762,424260,fd80577,71,1,71
6340,2763,8418,fd336786,246,2,492
6341,2763,8418,fd337162,207,1,207
6342,2763,8418,fd783846,109,1,109
6343,2764,241250,fd707207,147,1,147
6344,2764,241250,fd169942,59,1,59
6345,2765,402471,fd55044,337,1,337
6346,2766,506222,fd466363,92,1,92
6347,2766,506222,fd867473,83,1,83
6348,2766,506222,fd28764,65,1,65
6349,2767,500320,fd937148,354,1,354
6350,2768,246640,fd788490,117,1,117
6351,2768,246640,fd883917,229,1,229
6352,2769,348426,fd1201,158,1,158
6353,2769,348426,fd843672,273,1,273
6354,2770,304559,fd832672,178,1,178
6355,2770,304559,fd538340,320,1,320
6356,2771,351485,fd854803,213,1,213
6357,2771,351485,fd840513,156,1,156
6358,2771,351485,fd254063,310,1,310
6359,2772,409785,fd55737,127,1,127
6360,2773,457541,fd397086,149,1,149
6361,2773,457541,fd35621,313,1,313
6362,2774,122334,fd879050,110,1,110
6363,2774,122334,fd801618,205,1,205
6364,2774,122334,fd879050,110,1,110
6365,2774,122334,fd147908,227,1,227
6366,2775,356695,fd880830,95,1,95
6367,2775,356695,fd678762,175,2,350
6368,2775,356695,fd880830,95,1,95
6369,2775,356695,fd880830,95,1,95
6370,2775,356695,fd840731,151,1,151
6371,2775,356695,fd731041,235,1,235
6372,2776,67560,fd183423,170,1,170
6373,2776,67560,fd817085,148,1,148
6374,2777,120164,fd1032793,164,3,492
6375,2777,120164,fd818964,228,1,228
6376,2778,388424,fd589465,220,1,220
6377,2779,317817,fd358367,109,1,109
6378,2779,317817,fd456883,248,1,248
6379,2780,159029,fd450653,151,1,151
6380,2780,159029,fd319071,218,1,218
6381,2780,159029,fd877587,286,1,286
6382,2780,159029,fd182580,307,3,921
6383,2780,159029,fd58696,343,1,343
6384,2780,159029,fd58696,343,1,343
6385,2781,125353,fd794920,59,1,59
6386,2782,9017,fd331799,177,1,177
6387,2782,9017,fd6325,119,1,119
6388,2782,9017,fd701959,288,1,288
6389,2782,9017,fd27634,178,2,356
6390,2782,9017,fd224031,134,1,134
6391,2783,78484,fd570426,210,1,210
6392,2783,78484,fd1261,290,3,870
6393,2783,78484,fd5466,350,2,700
6394,2784,411452,fd776305,283,1,283
6395,2784,411452,fd930703,293,1,293
6396,2785,326891,fd694639,226,1,226
6397,2785,326891,fd747198,424,1,424
6398,2785,326891,fd694639,226,1,226
6399,2786,68420,fd471205,506,1,506
6400,2786,68420,fd958960,451,1,451
6401,2786,68420,fd958960,451,1,451
6402,2786,68420,fd958960,451,1,451
6403,2787,52942,fd117972,351,1,351
6404,2787,52942,fd525113,596,1,596
6405,2788,62065,fd466919,99,1,99
6406,2788,62065,fd259106,122,2,244
6407,2788,62065,fd259106,122,2,244
6408,2788,62065,fd586769,120,1,120
6409,2788,62065,fd179507,59,1,59
6410,2789,242064,fd115280,92,2,184
6411,2790,107699,fd535135,116,1,116
6412,2790,107699,fd364359,261,1,261
6413,2790,107699,fd476976,218,1,218
6414,2791,414218,fd476423,107,1,107
6415,2791,414218,fd790257,202,1,202
6416,2792,399565,fd77504,102,1,102
6417,2792,399565,fd223599,124,1,124
6418,2792,399565,fd721140,61,1,61
6419,2792,399565,fd1031780,125,1,125
6420,2792,399565,fd687880,82,1,82
6421,2793,69737,fd832012,136,2,272
6422,2794,308300,fd828496,244,1,244
6423,2795,354726,fd710475,103,1,103
6424,2796,453631,fd160988,161,2,322
6425,2797,432676,fd353342,134,1,134
6426,2797,432676,fd589170,97,2,194
6427,2797,432676,fd869026,119,1,119
6428,2798,365147,fd656677,265,1,265
6429,2798,365147,fd182185,80,2,160
6430,2799,300087,fd1009257,84,1,84
6431,2799,300087,fd242265,115,1,115
6432,2800,41796,fd211829,291,1,291
6433,2800,41796,fd211829,291,1,291
6434,2801,10669,fd827202,249,1,249
6435,2801,10669,fd244,107,1,107
6436,2802,238448,fd17748,128,1,128
6437,2802,238448,fd17748,128,3,384
6438,2802,238448,fd909132,112,1,112
6439,2803,550501,fd305402,193,1,193
6440,2803,550501,fd856638,127,1,127
6441,2804,473465,fd291129,161,1,161
6442,2804,473465,fd708996,135,1,135
6443,2805,336159,fd502343,75,2,150
6444,2805,336159,fd335913,102,2,204
6445,2806,476906,fd897807,140,2,280
6446,2806,476906,fd320556,113,1,113
6447,2806,476906,fd16544,207,1,207
6448,2807,210667,fd33876,220,1,220
6449,2807,210667,fd3567,80,1,80
6450,2808,470174,fd748299,300,1,300
6451,2808,470174,fd262445,152,2,304
6452,2809,527602,fd1041498,186,1,186
6453,2809,527602,fd432925,70,1,70
6454,2809,527602,fd79374,211,1,211
6455,2810,102573,fd494748,153,1,153
6456,2810,102573,fd499807,98,1,98
6457,2811,577759,fd634410,200,1,200
6458,2812,474260,fd1045805,123,3,369
6459,2812,474260,fd661132,91,1,91
6460,2812,474260,fd776839,238,1,238
6461,2812,474260,fd776839,238,2,476
6462,2813,427170,fd640033,125,2,250
6463,2813,427170,fd755419,193,1,193
6464,2813,427170,fd222352,218,1,218
6465,2813,427170,fd84915,95,1,95
6466,2814,492098,fd370357,95,1,95
6467,2814,492098,fd854734,267,1,267
6468,2815,14736,fd682652,166,2,332
6469,2815,14736,fd194456,222,1,222
6470,2816,217697,fd515529,130,1,130
6471,2816,217697,fd754434,240,3,720
6472,2817,536274,fd905440,97,1,97
6473,2817,536274,fd994897,173,2,346
6474,2818,440637,fd1009268,246,1,246
6475,2819,330550,fd126616,249,1,249
6476,2819,330550,fd248896,200,1,200
6477,2820,146102,fd533744,115,1,115
6478,2821,523245,fd501403,172,2,344
6479,2821,523245,fd166860,142,1,142
6480,2822,426656,fd121375,219,1,219
6481,2822,426656,fd51395,123,1,123
6482,2822,426656,fd121375,219,1,219
6483,2822,426656,fd121375,219,1,219
6484,2823,488691,fd357295,66,1,66
6485,2824,26301,fd674992,295,1,295
6486,2824,26301,fd15179,245,1,245
6487,2825,120121,fd1020420,160,1,160
6488,2825,120121,fd991870,185,1,185
6489,2826,123939,fd207174,338,2,676
6490,2827,561414,fd690782,74,1,74
6491,2827,561414,fd69801,181,1,181
6492,2828,351392,fd46703,212,1,212
6493,2829,215444,fd748269,155,1,155
6494,2829,215444,fd67330,92,1,92
6495,2830,430730,fd877533,360,1,360
6496,2830,430730,fd967178,300,1,300
6497,2830,430730,fd967120,449,1,449
6498,2831,532467,fd673849,148,1,148
6499,2831,532467,fd160535,121,1,121
6500,2832,534973,fd828433,227,1,227
6501,2832,534973,fd49112,103,2,206
6502,2833,271047,fd161427,36,1,36
6503,2833,271047,fd889077,89,1,89
6504,2833,271047,fd161427,36,1,36
6505,2834,921,fd126640,193,1,193
6506,2835,340004,fd1000817,50,1,50
6507,2835,340004,fd530867,73,1,73
6508,2836,30826,fd20452,141,1,141
6509,2836,30826,fd285247,280,1,280
6510,2837,548205,fd54318,104,1,104
6511,2837,548205,fd65490,67,1,67
6512,2838,547526,fd165787,81,1,81
6513,2839,385290,fd674086,63,1,63
6514,2839,385290,fd1045235,40,1,40
6515,2840,159500,fd471125,51,1,51
6516,2841,363635,fd678391,149,1,149
6517,2841,363635,fd664542,148,1,148
6518,2842,123739,fd667256,143,1,143
6519,2843,214728,fd506393,160,1,160
6520,2843,214728,fd273652,63,2,126
6521,2843,214728,fd273652,63,1,63
6522,2844,132021,fd1022081,176,1,176
6523,2844,132021,fd607706,124,1,124
6524,2844,132021,fd335443,202,3,606
6525,2845,468929,fd1043197,40,3,120
6526,2845,468929,fd48819,25,1,25
6527,2845,468929,fd48819,25,1,25
6528,2845,468929,fd368507,69,1,69
6529,2846,545802,fd220165,150,1,150
6530,2846,545802,fd524288,166,3,498
6531,2846,545802,fd80430,63,1,63
6532,2847,322540,fd64691,215,1,215
6533,2847,322540,fd572908,140,1,140
6534,2847,322540,fd627479,80,1,80
6535,2848,225512,fd881696,134,1,134
6536,2848,225512,fd649258,159,2,318
6537,2849,208617,fd839104,184,2,368
6538,2849,208617,fd592326,136,1,136
6539,2849,208617,fd919139,94,1,94
6540,2850,145671,fd294298,98,1,98
6541,2850,145671,fd17729,76,1,76
6542,2851,52521,fd181459,179,1,179
6543,2851,52521,fd277533,104,1,104
6544,2852,37410,fd949134,589,2,1178
6545,2853,378010,fd70466,259,1,259
6546,2853,378010,fd388528,200,1,200
6547,2853,378010,fd763430,99,1,99
6548,2854,50510,fd383148,175,1,175
6549,2855,252172,fd320417,104,1,104
6550,2855,252172,fd849955,161,1,161
6551,2856,497726,fd241750,72,1,72
6552,2857,504350,fd47234,220,1,220
6553,2857,504350,fd452853,110,1,110
6554,2857,504350,fd207124,180,1,180
6555,2858,65812,fd960974,153,1,153
6556,2859,386204,fd504014,237,1,237
6557,2859,386204,fd321858,437,2,874
6558,2860,332417,fd149927,173,1,173
6559,2860,332417,fd129622,104,3,312
6560,2861,49582,fd288681,133,1,133
6561,2861,49582,fd494420,93,2,186
6562,2861,49582,fd834189,38,1,38
6563,2861,49582,fd288681,133,1,133
6564,2861,49582,fd834189,38,1,38
6565,2862,468767,fd165836,90,1,90
6566,2862,468767,fd771340,80,1,80
6567,2862,468767,fd916359,85,1,85
6568,2863,381365,fd566347,81,1,81
6569,2864,262051,fd486641,324,1,324
6570,2864,262051,fd1012036,312,1,312
6571,2865,518413,fd106913,107,1,107
6572,2865,518413,fd735056,125,1,125
6573,2866,504388,fd9820,70,1,70
6574,2866,504388,fd372581,121,1,121
6575,2867,434502,fd392893,211,1,211
6576,2868,49083,fd51764,112,1,112
6577,2869,569636,fd648583,86,1,86
6578,2869,569636,fd700568,175,1,175
6579,2869,569636,fd700568,175,1,175
6580,2869,569636,fd488319,122,1,122
6581,2869,569636,fd582994,87,1,87
6582,2870,156235,fd834119,202,1,202
6583,2870,156235,fd54452,132,2,264
6584,2870,156235,fd105190,151,1,151
6585,2871,198458,fd408033,50,1,50
6586,2871,198458,fd911646,176,1,176
6587,2871,198458,fd911646,176,1,176
6588,2871,198458,fd911646,176,1,176
6589,2872,100721,fd219326,313,1,313
6590,2872,100721,fd591185,355,1,355
6591,2872,100721,fd591185,355,2,710
6592,2873,523861,fd288841,159,1,159
6593,2873,523861,fd3744,53,1,53
6594,2873,523861,fd288841,159,1,159
6595,2873,523861,fd663586,64,1,64
6596,2873,523861,fd663586,64,1,64
6597,2873,523861,fd212754,116,1,116
6598,2874,568065,fd746706,80,1,80
6599,2874,568065,fd419150,66,1,66
6600,2875,3454,fd12785,130,1,130
6601,2875,3454,fd46,100,1,100
6602,2875,3454,fd1044144,110,1,110
6603,2876,340054,fd1019947,42,1,42
6604,2876,340054,fd49567,75,1,75
6605,2877,450286,fd469387,83,1,83
6606,2877,450286,fd207494,88,1,88
6607,2877,450286,fd555997,63,1,63
6608,2878,573617,fd673795,50,1,50
6609,2879,39753,fd292237,99,1,99
6610,2880,407775,fd290766,94,1,94
6611,2880,407775,fd479556,174,1,174
6612,2880,407775,fd509002,235,1,235
6613,2881,444521,fd92526,151,2,302
6614,2881,444521,fd446308,147,1,147
6615,2881,444521,fd444847,208,1,208
6616,2882,551161,fd374909,138,2,276
6617,2882,551161,fd305924,60,1,60
6618,2883,32915,fd90596,220,1,220
6619,2883,32915,fd58700,290,1,290
6620,2884,407032,fd777129,39,1,39
6621,2884,407032,fd5576,105,1,105
6622,2884,407032,fd706208,90,1,90
6623,2884,407032,fd232905,106,1,106
6624,2885,276253,fd915594,130,2,260
6625,2886,12361,fd578687,160,1,160
6626,2886,12361,fd149531,168,1,168
6627,2887,407387,fd340772,111,1,111
6628,2887,407387,fd49398,321,1,321
6629,2888,327489,fd240046,210,3,630
6630,2889,230058,fd592188,305,1,305
6631,2889,230058,fd543559,292,2,584
6632,2889,230058,fd763355,238,1,238
6633,2890,555443,fd452372,185,2,370
6634,2891,505575,fd240214,77,2,154
6635,2891,505575,fd57480,107,1,107
6636,2891,505575,fd850457,136,1,136
6637,2892,496275,fd118170,146,2,292
6638,2892,496275,fd118170,146,1,146
6639,2892,496275,fd680420,140,1,140
6640,2892,496275,fd499182,81,1,81
6641,2892,496275,fd980893,130,2,260
6642,2893,515308,fd68344,308,1,308
6643,2893,515308,fd117999,420,3,1260
6644,2893,515308,fd645678,493,1,493
6645,2894,369402,fd81139,136,1,136
6646,2894,369402,fd987013,171,1,171
6647,2894,369402,fd450863,136,1,136
6648,2894,369402,fd127953,55,1,55
6649,2894,369402,fd127953,55,1,55
6650,2895,346556,fd320416,178,1,178
6651,2896,512274,fd196738,105,1,105
6652,2896,512274,fd196738,105,1,105
6653,2896,512274,fd890870,81,1,81
6654,2896,512274,fd890870,81,1,81
6655,2896,512274,fd61767,167,1,167
6656,2896,512274,fd155311,56,1,56
6657,2897,199109,fd659718,68,1,68
6658,2897,199109,fd492157,119,1,119
6659,2897,199109,fd492157,119,1,119
6660,2898,548449,fd524131,130,1,130
6661,2898,548449,fd524157,139,1,139
6662,2899,15870,fd986599,169,1,169
6663,2900,434764,fd296386,127,1,127
6664,2900,434764,fd764194,129,1,129
6665,2901,455055,fd275767,34,3,102
6666,2901,455055,fd837770,66,2,132
6667,2902,371651,fd824512,50,1,50
6668,2902,371651,fd242959,51,1,51
6669,2902,371651,fd914722,172,3,516
6670,2903,471924,fd951002,128,1,128
6671,2904,506943,fd372054,565,1,565
6672,2904,506943,fd133972,431,1,431
6673,2905,351341,fd756641,257,3,771
6674,2906,392476,fd877601,157,1,157
6675,2906,392476,fd1029000,57,2,114
6676,2907,321967,fd161830,76,1,76
6677,2907,321967,fd366201,120,1,120
6678,2908,397947,fd268672,49,1,49
6679,2908,397947,fd746756,75,1,75
6680,2909,252218,fd169228,60,1,60
6681,2909,252218,fd768347,80,2,160
6682,2909,252218,fd991434,180,3,540
6683,2909,252218,fd871611,74,2,148
6684,2910,253640,fd207068,102,1,102
6685,2910,253640,fd158728,136,1,136
6686,2911,455305,fd250679,324,1,324
6687,2911,455305,fd128137,178,2,356
6688,2911,455305,fd829821,365,1,365
6689,2912,64528,fd29606,300,1,300
6690,2912,64528,fd988155,259,2,518
6691,2913,3016,fd542109,189,1,189
6692,2914,372905,fd300633,175,2,350
6693,2914,372905,fd463600,94,1,94
6694,2915,69409,fd522689,124,1,124
6695,2915,69409,fd313567,133,1,133
6696,2916,173550,fd385374,61,1,61
6697,2916,173550,fd42159,54,2,108
6698,2916,173550,fd854212,67,1,67
6699,2916,173550,fd42159,54,1,54
6700,2917,449218,fd383627,112,1,112
6701,2918,519252,fd706523,230,1,231
6702,2919,526907,fd632829,132,1,132
6703,2919,526907,fd600592,173,3,519
6704,2919,526907,fd332927,241,1,241
6705,2919,526907,fd332927,241,1,241
6706,2919,526907,fd889517,112,1,112
6707,2920,495263,fd259932,84,1,84
6708,2921,181612,fd159441,71,1,71
6709,2921,181612,fd750661,68,3,204
6710,2922,445385,fd952537,116,1,116
6711,2922,445385,fd463444,60,1,60
6712,2922,445385,fd50177,109,1,109
6713,2923,83768,fd769469,119,2,238
6714,2923,83768,fd909320,86,2,172
6715,2923,83768,fd455896,148,1,148
6716,2924,384026,fd360927,107,3,321
6717,2924,384026,fd43131,251,1,251
6718,2924,384026,fd644268,200,1,200
6719,2925,407034,fd315073,133,1,133
6720,2925,407034,fd522718,219,1,219
6721,2925,407034,fd345934,166,1,166
6722,2926,316119,fd734124,213,1,213
6723,2927,19922,fd1037922,138,1,138
6724,2927,19922,fd574379,108,1,108
6725,2928,524056,fd357405,100,1,100
6726,2928,524056,fd357405,100,1,100
6727,2928,524056,fd472623,142,1,142
6728,2929,305763,fd2754,63,1,63
6729,2929,305763,fd108833,257,1,257
6730,2929,305763,fd109017,383,3,1149
6731,2930,369414,fd592426,145,1,145
6732,2930,369414,fd753272,123,1,123
6733,2930,369414,fd847942,207,1,207
6734,2931,496674,fd261085,144,1,144
6735,2931,496674,fd190875,109,1,109
6736,2931,496674,fd190875,109,1,109
6737,2931,496674,fd684639,88,1,88
6738,2931,496674,fd652083,95,1,95
6739,2932,197864,fd241897,94,2,188
6740,2932,197864,fd227410,92,1,92
6741,2932,197864,fd912501,104,1,104
6742,2933,32244,fd302644,141,1,141
6743,2933,32244,fd627264,173,2,346
6744,2933,32244,fd587222,134,3,402
6745,2933,32244,fd149627,89,2,178
6746,2934,411352,fd1042304,217,1,217
6747,2935,102985,fd1037832,58,1,58
6748,2935,102985,fd555305,107,1,107
6749,2935,102985,fd325808,130,1,130
6750,2935,102985,fd517558,50,1,50
6751,2935,102985,fd1002866,115,1,115
6752,2936,108067,fd172715,146,1,146
6753,2936,108067,fd767048,191,1,191
6754,2937,74578,fd68492,80,1,80
6755,2938,21615,fd925035,347,1,347
6756,2938,21615,fd177651,354,1,354
6757,2938,21615,fd177651,354,1,354
6758,2939,243513,fd223712,54,1,54
6759,2939,243513,fd87951,57,1,57
6760,2940,284683,fd829758,835,1,835
6761,2940,284683,fd829758,835,1,835
6762,2940,284683,fd829758,835,1,835
6763,2941,450948,fd483554,39,3,117
6764,2942,13253,fd803189,145,1,145
6765,2942,13253,fd33092,265,2,530
6766,2942,13253,fd509991,111,1,111
6767,2942,13253,fd312409,94,2,188
6768,2943,25401,fd520109,244,2,488
6769,2943,25401,fd520109,244,1,244
6770,2943,25401,fd63441,196,1,196
6771,2944,223206,fd24170,487,1,487
6772,2944,223206,fd488778,355,1,355
6773,2944,223206,fd24170,487,1,487
6774,2944,223206,fd330408,494,1,494
6775,2945,421779,fd365948,173,1,173
6776,2945,421779,fd71201,182,2,364
6777,2945,421779,fd482325,307,1,307
6778,2945,421779,fd482325,307,2,614
6779,2945,421779,fd365948,173,1,173
6780,2946,522998,fd961202,258,2,516
6781,2947,565912,fd1019949,99,1,99
6782,2947,565912,fd1019947,99,1,99
6783,2947,565912,fd1019940,120,1,120
6784,2948,269508,fd675157,368,1,368
6785,2948,269508,fd24035,407,1,407
6786,2948,269508,fd88534,226,1,226
6787,2948,269508,fd24035,407,1,407
6788,2948,269508,fd88534,226,1,226
6789,2948,269508,fd644307,136,2,272
6790,2949,540542,fd421617,52,1,52
6791,2950,391477,fd575369,229,2,458
6792,2951,262486,fd48485,75,1,75
6793,2951,262486,fd48485,75,1,75
6794,2952,458784,fd18021,170,2,340
6795,2953,382943,fd587105,55,1,55
6796,2953,382943,fd587105,55,1,55
6797,2953,382943,fd851989,93,1,93
6798,2953,382943,fd188498,93,1,93
6799,2953,382943,fd702557,154,1,154
6800,2953,382943,fd353294,134,1,134
6801,2954,167955,fd59559,123,1,123
6802,2954,167955,fd562983,79,1,79
6803,2955,225845,fd1046731,58,2,116
6804,2955,225845,fd18175,92,1,92
6805,2956,347327,fd524911,85,1,85
6806,2956,347327,fd1012877,178,1,178
6807,2957,460886,fd364473,75,1,75
6808,2957,460886,fd418554,113,2,226
6809,2958,410270,fd487307,183,1,183
6810,2958,410270,fd365998,255,1,255
6811,2958,410270,fd487307,183,1,183
6812,2959,381505,fd482045,231,2,462
6813,2959,381505,fd482045,231,2,462
6814,2960,356863,fd861011,231,1,231
6815,2961,50809,fd182697,398,1,398
6816,2961,50809,fd539984,181,1,181
6817,2962,249448,fd34846,157,1,157
6818,2962,249448,fd889120,164,1,164
6819,2962,249448,fd747263,246,2,492
6820,2963,552091,fd169464,95,1,95
6821,2963,552091,fd169464,95,1,95
6822,2963,552091,fd837101,125,1,125
6823,2963,552091,fd126550,299,1,299
6824,2963,552091,fd779289,226,1,226
6825,2964,73724,fd894600,140,2,280
6826,2964,73724,fd397481,179,2,358
6827,2964,73724,fd222338,80,1,80
6828,2964,73724,fd404413,184,1,184
6829,2965,26457,fd52046,261,1,261
6830,2965,26457,fd119603,231,1,231
6831,2966,65321,fd48126,121,1,121
6832,2966,65321,fd2626,100,1,100
6833,2966,65321,fd923875,40,1,40
6834,2966,65321,fd821436,107,1,107
6835,2967,571780,fd794005,51,1,51
6836,2968,358818,fd588991,230,1,230
6837,2968,358818,fd352825,258,1,258
6838,2968,358818,fd636528,103,1,103
6839,2968,358818,fd681234,124,1,124
6840,2969,372730,fd261257,171,1,171
6841,2970,313767,fd266362,166,1,166
6842,2970,313767,fd471185,111,1,111
6843,2971,271892,fd15948,289,1,289
6844,2972,564557,fd1008907,224,3,672
6845,2972,564557,fd121229,89,1,89
6846,2973,455628,fd598848,156,1,156
6847,2974,556775,fd334511,135,1,135
6848,2975,444440,fd413672,129,1,129
6849,2975,444440,fd413672,129,1,129
6850,2976,367011,fd889539,105,1,105
6851,2977,397317,fd185998,208,1,208
6852,2977,397317,fd379975,137,1,137
6853,2977,397317,fd410852,219,2,438
6854,2978,509133,fd261358,155,1,155
6855,2978,509133,fd111917,141,1,141
6856,2978,509133,fd112009,145,1,145
6857,2979,447399,fd179784,209,1,209
6858,2979,447399,fd67658,239,1,239
6859,2980,429633,fd718961,162,1,162
6860,2980,429633,fd673619,68,1,68
6861,2980,429633,fd101135,129,1,129
6862,2980,429633,fd718961,162,1,162
6863,2980,429633,fd810200,132,1,132
6864,2981,310966,fd975179,177,1,177
6865,2981,310966,fd363465,247,1,247
6866,2981,310966,fd648919,147,1,147
6867,2982,570796,fd50878,142,1,142
6868,2982,570796,fd774387,142,1,142
6869,2982,570796,fd516955,285,1,285
6870,2982,570796,fd7773,142,1,142
6871,2983,31135,fd909493,136,3,408
6872,2983,31135,fd792534,124,1,124
6873,2983,31135,fd792534,124,1,124
6874,2984,91744,fd354559,56,1,56
6875,2984,91744,fd220130,60,1,60
6876,2984,91744,fd406284,69,2,138
6877,2984,91744,fd323605,84,1,84
6878,2985,355108,fd603894,367,1,367
6879,2985,355108,fd995352,428,1,428
6880,2985,355108,fd603894,367,1,367
6881,2985,355108,fd1004646,257,1,257
6882,2986,394318,fd809782,229,1,229
6883,2986,394318,fd890578,193,1,193
6884,2987,574416,fd369925,83,2,166
6885,2988,548312,fd533385,155,3,465
6886,2989,2563,fd172233,30,1,30
6887,2989,2563,fd1017446,65,1,65
6888,2990,50238,fd548218,80,1,80
6889,2990,50238,fd548218,80,1,80
6890,2991,480230,fd53821,260,3,780
6891,2992,328297,fd22552,129,1,129
6892,2992,328297,fd137557,172,2,344
6893,2992,328297,fd896701,179,1,179
6894,2993,391795,fd574506,216,1,216
6895,2993,391795,fd103500,125,1,125
6896,2993,391795,fd103500,125,1,125
6897,2993,391795,fd15966,171,1,171
6898,2993,391795,fd640882,102,2,204
6899,2993,391795,fd514520,65,1,65
6900,2994,64686,fd933144,171,2,342
6901,2994,64686,fd500280,101,1,101
6902,2994,64686,fd341684,117,1,117
6903,2994,64686,fd341684,117,1,117
6904,2995,132393,fd974530,120,1,120
6905,2995,132393,fd834799,150,1,150
6906,2996,380459,fd948195,35,2,70
6907,2996,380459,fd270721,33,1,33
6908,2997,549863,fd387469,144,2,288
6909,2997,549863,fd425944,94,1,94
6910,2997,549863,fd331820,102,1,102
6911,2998,2055,fd572296,155,1,155
6912,2998,2055,fd173136,151,1,151
6913,2998,2055,fd54289,208,1,208
6914,2999,491178,fd915929,92,2,184
6915,2999,491178,fd419383,119,1,119
6916,2999,491178,fd419383,119,1,119
6917,3000,1286,fd487524,187,1,187
6918,3000,1286,fd839734,225,1,225
6919,3001,517016,fd286766,143,1,143
6920,3001,517016,fd54881,100,1,100
6921,3001,517016,fd1024136,85,2,170
6922,3001,517016,fd575716,173,1,173
6923,3001,517016,fd978161,88,1,88
6924,3002,383133,fd935945,69,1,69
6925,3002,383133,fd555887,27,1,27
6926,3002,383133,fd40438,38,2,76
6927,3002,383133,fd487720,30,1,30
6928,3003,244368,fd436012,299,1,299
6929,3003,244368,fd79801,125,1,125
6930,3004,80611,fd61840,252,1,252
6931,3004,80611,fd61840,252,1,252
6932,3004,80611,fd1010228,227,2,454
6933,3005,286470,fd791356,205,1,205
6934,3005,286470,fd55163,205,1,205
6935,3005,286470,fd889949,100,1,100
6936,3005,286470,fd274392,165,2,330
6937,3006,530399,fd251556,82,1,82
6938,3007,413986,fd171586,128,1,128
6939,3007,413986,fd424047,205,1,205
6940,3007,413986,fd171586,128,1,128
6941,3008,423577,fd565718,180,2,360
6942,3008,423577,fd557349,187,1,187
6943,3009,84506,fd275858,36,1,36
6944,3009,84506,fd634878,79,2,158
6945,3010,32139,fd64823,92,1,92
6946,3010,32139,fd399096,178,1,178
6947,3010,32139,fd386856,306,1,306
6948,3011,139597,fd507139,215,1,215
6949,3011,139597,fd364216,200,1,200
6950,3012,38755,fd861207,270,1,270
6951,3012,38755,fd908389,684,3,2052
6952,3012,38755,fd861207,270,1,270
6953,3012,38755,fd908389,684,1,684
6954,3012,38755,fd836680,355,1,355
6955,3013,13275,fd38624,159,1,159
6956,3013,13275,fd910199,162,1,162
6957,3013,13275,fd540391,353,1,353
6958,3014,1884,fd484802,269,1,269
6959,3015,25497,fd6296,174,1,174
6960,3016,223941,fd54180,102,1,102
6961,3016,223941,fd288869,182,1,182
6962,3017,502937,fd321130,273,1,273
6963,3018,373097,fd857137,375,1,375
6964,3018,373097,fd857137,375,1,375
6965,3019,218353,fd541536,206,1,206
6966,3019,218353,fd170779,260,2,520
6967,3020,517372,fd871287,147,1,147
6968,3020,517372,fd697096,111,1,111
6969,3021,21212,fd41480,422,1,422
6970,3021,21212,fd41480,422,1,422
6971,3022,298824,fd397116,87,1,87
6972,3022,298824,fd50578,88,2,176
6973,3022,298824,fd167733,171,1,171
6974,3023,223167,fd106958,399,1,399
6975,3023,223167,fd106979,599,1,599
6976,3023,223167,fd106986,799,1,799
6977,3023,223167,fd106970,579,1,579
6978,3023,223167,fd404526,200,1,200
6979,3024,318776,fd984543,126,1,126
6980,3024,318776,fd285950,105,2,210
6981,3024,318776,fd485399,222,1,222
6982,3025,264825,fd39465,111,1,111
6983,3025,264825,fd669125,94,1,94
6984,3026,369534,fd433116,55,1,55
6985,3026,369534,fd1015522,68,1,68
6986,3027,268871,fd476457,70,1,70
6987,3027,268871,fd165179,97,1,97
6988,3028,564707,fd492036,80,1,80
6989,3029,404384,fd131568,110,1,110
6990,3029,404384,fd416259,225,1,225
6991,3030,361887,fd504397,106,1,106
6992,3030,361887,fd122593,120,1,120
6993,3030,361887,fd870542,172,1,172
6994,3030,361887,fd780520,146,1,146
6995,3031,434693,fd636258,191,1,191
6996,3032,153779,fd574204,88,2,176
6997,3033,380682,fd654942,279,1,279
6998,3034,39088,fd398748,222,1,222
6999,3034,39088,fd795019,224,1,224
7000,3035,123739,fd472701,71,1,71
7001,3036,485499,fd70400,172,1,172
7002,3036,485499,fd256075,202,1,202
7003,3036,485499,fd745355,95,2,190
7004,3036,485499,fd70400,172,1,172
7005,3037,44140,fd44626,143,1,143
7006,3037,44140,fd21561,143,1,143
7007,3037,44140,fd169955,93,1,93
7008,3038,78554,fd397124,51,3,153
7009,3038,78554,fd145781,153,1,153
7010,3039,273822,fd836601,161,1,161
7011,3040,319019,fd404522,306,1,306
7012,3041,313969,fd590740,154,1,154
7013,3041,313969,fd489900,127,1,127
7014,3042,398681,fd95821,102,1,102
7015,3042,398681,fd316562,159,1,159
7016,3042,398681,fd702267,53,1,53
7017,3043,128468,fd604208,117,1,117
7018,3043,128468,fd871606,85,1,85
7019,3043,128468,fd514846,104,1,104
7020,3044,443510,fd366006,70,1,70
7021,3045,52149,fd226658,165,1,165
7022,3045,52149,fd52191,90,1,90
7023,3046,55894,fd187929,65,1,65
7024,3046,55894,fd890625,65,2,130
7025,3046,55894,fd7255,95,1,95
7026,3047,31369,fd717116,249,1,249
7027,3047,31369,fd358629,99,1,99
7028,3047,31369,fd322530,186,1,186
7029,3048,464906,fd498200,101,1,101
7030,3049,77040,fd104522,238,1,238
7031,3049,77040,fd597374,285,1,285
7032,3050,223630,fd269031,96,2,192
7033,3051,309753,fd115908,49,1,49
7034,3051,309753,fd887946,68,1,68
7035,3052,491082,fd312387,243,1,243
7036,3052,491082,fd651578,191,1,191
7037,3052,491082,fd248209,263,1,263
7038,3053,78969,fd389943,119,1,119
7039,3053,78969,fd540091,177,1,177
7040,3053,78969,fd389943,119,2,238
7041,3054,536781,fd337939,240,1,240
7042,3054,536781,fd1042565,104,1,104
7043,3054,536781,fd429193,140,1,140
7044,3055,521080,fd624239,381,2,762
7045,3055,521080,fd95499,296,1,296
7046,3055,521080,fd51825,491,1,491
7047,3055,521080,fd624239,381,1,381
7048,3056,477024,fd956826,69,1,69
7049,3056,477024,fd522685,173,1,173
7050,3056,477024,fd658404,116,1,116
7051,3056,477024,fd956826,69,1,69
7052,3056,477024,fd1009970,69,1,69
7053,3056,477024,fd547903,165,1,165
7054,3057,113649,fd757272,167,2,334
7055,3058,248432,fd11212,132,1,132
7056,3059,378618,fd397941,67,1,67
7057,3059,378618,fd273769,118,1,118
7058,3059,378618,fd636274,74,1,74
7059,3060,438663,fd53673,204,1,204
7060,3060,438663,fd217800,270,1,270
7061,3061,486020,fd780438,122,1,122
7062,3062,510065,fd223761,222,1,222
7063,3062,510065,fd481183,112,1,112
7064,3063,457017,fd665387,91,1,91
7065,3063,457017,fd186323,96,1,96
7066,3063,457017,fd85809,87,1,87
7067,3063,457017,fd665387,91,1,91
7068,3064,218398,fd295769,173,1,173
7069,3065,22393,fd131248,69,1,69
7070,3065,22393,fd793898,146,1,146
7071,3066,49771,fd238630,61,1,61
7072,3066,49771,fd27560,110,3,330
7073,3066,49771,fd818898,47,1,47
7074,3067,6717,fd1025199,163,1,163
7075,3067,6717,fd423721,191,3,573
7076,3068,150456,fd121867,235,1,235
7077,3069,334501,fd195275,51,2,102
7078,3070,534855,fd263656,60,1,60
7079,3071,433673,fd111088,263,1,263
7080,3071,433673,fd60329,202,1,202
7081,3071,433673,fd647371,129,1,129
7082,3071,433673,fd636272,229,1,229
7083,3072,388272,fd450784,51,1,51
7084,3073,467794,fd167,266,1,266
7085,3073,467794,fd265497,164,1,164
7086,3073,467794,fd583709,177,1,177
7087,3074,461908,fd361262,217,1,217
7088,3074,461908,fd892910,85,1,85
7089,3074,461908,fd114053,120,1,120
7090,3075,424252,fd289341,169,1,169
7091,3075,424252,fd176384,70,1,70
7092,3076,529949,fd114075,153,1,153
7093,3076,529949,fd960435,171,2,342
7094,3076,529949,fd647458,103,1,103
7095,3077,562150,fd937428,161,1,161
7096,3078,157034,fd568087,62,3,186
7097,3078,157034,fd162656,109,1,109
7098,3079,65506,fd55077,229,1,229
7099,3079,65506,fd55173,95,1,95
7100,3080,129883,fd391400,158,1,158
7101,3081,425352,fd782849,129,1,129
7102,3081,425352,fd586920,330,1,330
7103,3081,425352,fd434692,146,1,146
7104,3082,100049,fd749603,159,1,159
7105,3082,100049,fd986473,98,1,98
7106,3083,258360,fd916398,217,1,217
7107,3083,258360,fd365913,122,1,122
7108,3083,258360,fd841656,200,1,200
7109,3084,547350,fd640718,136,1,136
7110,3085,116850,fd852838,43,1,43
7111,3085,116850,fd294728,39,2,78
7112,3086,517017,fd656766,137,1,137
7113,3087,46357,fd5650,116,1,116
7114,3088,447832,fd992552,115,1,115
7115,3089,472607,fd307939,194,1,194
7116,3089,472607,fd531739,270,1,270
7117,3090,224430,fd41404,368,1,368
7118,3090,224430,fd587184,360,1,360
7119,3091,57940,fd437917,231,1,231
7120,3091,57940,fd76870,173,1,173
7121,3091,57940,fd839752,146,1,146
7122,3091,57940,fd839752,146,2,292
7123,3092,103808,fd794835,153,1,153
7124,3092,103808,fd85441,269,1,269
7125,3093,442301,fd779580,115,1,115
7126,3093,442301,fd437313,69,1,69
7127,3094,513960,fd495114,103,1,103
7128,3094,513960,fd400316,148,2,296
7129,3095,360437,fd189946,355,1,355
7130,3095,360437,fd76837,291,1,291
7131,3095,360437,fd711064,327,2,654
7132,3095,360437,fd711064,327,1,327
7133,3096,534563,fd701972,30,1,30
7134,3096,534563,fd701985,30,1,30
7135,3097,440674,fd657574,80,1,80
7136,3097,440674,fd79883,72,1,72
7137,3098,251979,fd5284,64,1,64
7138,3098,251979,fd381671,26,1,26
7139,3099,177302,fd515779,116,1,116
7140,3100,327463,fd984759,335,1,335
7141,3100,327463,fd249158,260,1,260
7142,3101,39088,fd33544,90,1,90
7143,3102,332217,fd665051,89,1,89
7144,3102,332217,fd294424,122,3,366
7145,3103,373749,fd574788,120,1,120
7146,3103,373749,fd651673,157,1,157
7147,3103,373749,fd574788,120,1,120
7148,3103,373749,fd651673,157,1,157
7149,3103,373749,fd574788,120,1,120
7150,3103,373749,fd574788,120,1,120
7151,3104,39077,fd753996,139,1,139
7152,3105,195319,fd696329,164,1,164
7153,3106,453469,fd467759,116,1,116
7154,3107,117048,fd825972,59,2,118
7155,3108,255435,fd84689,177,1,177
7156,3108,255435,fd84689,177,2,354
7157,3108,255435,fd837008,153,2,306
7158,3109,453375,fd82632,224,3,672
7159,3110,112399,fd572014,449,1,449
7160,3111,142269,fd18045,304,1,304
7161,3111,142269,fd18045,304,1,304
7162,3111,142269,fd554552,102,1,102
7163,3111,142269,fd533396,173,1,173
7164,3111,142269,fd176932,286,1,286
7165,3112,456284,fd468297,317,2,634
7166,3113,196446,fd435589,150,1,150
7167,3113,196446,fd841651,115,2,230
7168,3113,196446,fd790973,159,1,159
7169,3114,443912,fd754166,106,1,106
7170,3115,150409,fd523375,87,1,87
7171,3115,150409,fd523375,87,3,261
7172,3115,150409,fd868226,163,3,489
7173,3115,150409,fd1034367,167,1,167
7174,3115,150409,fd601604,132,1,132
7175,3116,484914,fd35736,250,1,250
7176,3116,484914,fd952276,225,1,225
7177,3116,484914,fd565531,145,1,145
7178,3116,484914,fd245754,125,1,125
7179,3116,484914,fd932108,255,1,255
7180,3117,383069,fd680049,67,1,67
7181,3117,383069,fd819545,131,1,131
7182,3118,45822,fd265428,199,1,199
7183,3119,556783,fd779709,170,1,170
7184,3119,556783,fd344670,181,1,181
7185,3119,556783,fd779709,170,1,170
7186,3119,556783,fd779709,170,1,170
7187,3119,556783,fd50226,257,1,257
7188,3119,556783,fd344670,181,1,181
7189,3120,95926,fd680544,218,1,218
7190,3120,95926,fd86656,178,1,178
7191,3121,487589,fd663800,75,1,75
7192,3121,487589,fd663800,75,1,75
7193,3122,9763,fd594250,69,2,138
7194,3122,9763,fd908109,120,1,120
7195,3123,381338,fd8209,175,2,350
7196,3123,381338,fd967118,526,1,526
7197,3123,381338,fd8209,175,1,175
7198,3123,381338,fd8209,175,1,175
7199,3124,200110,fd100908,201,1,201
7200,3125,322018,fd800925,124,2,248
7201,3125,322018,fd228270,118,1,118
7202,3126,575602,fd100538,171,1,171
7203,3126,575602,fd43563,92,1,92
7204,3126,575602,fd100538,171,1,171
7205,3127,411488,fd58214,118,1,118
7206,3127,411488,fd572097,99,1,99
7207,3128,394403,fd347643,336,1,336
7208,3128,394403,fd755189,269,1,269
7209,3128,394403,fd211218,114,1,114
7210,3128,394403,fd347826,257,1,257
7211,3129,58460,fd788118,239,2,478
7212,3129,58460,fd788118,239,1,239
7213,3129,58460,fd179822,119,1,119
7214,3130,156695,fd785812,105,1,105
7215,3130,156695,fd785812,105,1,105
7216,3130,156695,fd579729,303,1,303
7217,3130,156695,fd638674,102,1,102
7218,3131,247131,fd929672,330,2,660
7219,3131,247131,fd321044,339,1,339
7220,3131,247131,fd420587,283,1,283
7221,3132,225112,fd426227,91,1,91
7222,3132,225112,fd70792,98,1,98
7223,3133,222385,fd870563,83,2,166
7224,3133,222385,fd682047,162,1,162
7225,3134,526457,fd508537,104,1,104
7226,3135,182950,fd499759,173,1,173
7227,3135,182950,fd139652,51,1,51
7228,3135,182950,fd499759,173,2,346
7229,3136,34387,fd257181,92,1,92
7230,3136,34387,fd325369,142,1,142
7231,3136,34387,fd940758,147,2,294
7232,3136,34387,fd794233,158,2,316
7233,3136,34387,fd325369,142,2,284
7234,3137,333423,fd102222,20,1,20
7235,3137,333423,fd582860,80,1,80
7236,3138,5880,fd422919,140,1,140
7237,3138,5880,fd137382,168,1,168
7238,3139,143648,fd745922,148,1,148
7239,3139,143648,fd174391,223,2,446
7240,3140,355763,fd907055,95,1,95
7241,3140,355763,fd934597,50,1,50
7242,3140,355763,fd30477,84,1,84
7243,3140,355763,fd823004,34,1,34
7244,3141,125208,fd534502,214,2,428
7245,3141,125208,fd823991,132,3,396
7246,3141,125208,fd666974,173,1,173
7247,3142,481900,fd680170,114,1,114
7248,3142,481900,fd680170,114,1,114
7249,3142,481900,fd398674,204,3,612
7250,3142,481900,fd134523,81,2,162
7251,3142,481900,fd980622,201,1,201
7252,3142,481900,fd34056,235,1,235
7253,3143,214604,fd861560,425,1,425
7254,3143,214604,fd861548,239,1,239
7255,3143,214604,fd861549,355,2,710
7256,3144,214565,fd674385,97,1,97
7257,3145,289269,fd791021,188,1,188
7258,3145,289269,fd992390,248,1,248
7259,3145,289269,fd791065,248,1,248
7260,3145,289269,fd264256,258,1,258
7261,3145,289269,fd290,98,1,98
7262,3146,405854,fd1013137,449,1,449
7263,3146,405854,fd3430,139,1,139
7264,3146,405854,fd81267,129,1,129
7265,3147,92584,fd942509,119,3,357
7266,3148,397165,fd773673,236,1,236
7267,3148,397165,fd718854,165,1,165
7268,3148,397165,fd491538,258,1,258
7269,3148,397165,fd491538,258,1,258
7270,3149,278354,fd392240,174,1,174
7271,3149,278354,fd962690,113,1,113
7272,3150,521978,fd189827,137,1,137
7273,3151,212504,fd191631,182,1,182
7274,3151,212504,fd774728,132,1,132
7275,3152,222267,fd453187,144,1,144
7276,3152,222267,fd167031,187,1,187
7277,3152,222267,fd167031,187,1,187
7278,3153,107918,fd220365,87,3,261
7279,3153,107918,fd908814,55,1,55
7280,3153,107918,fd23205,33,1,33
7281,3154,406196,fd194010,119,1,119
7282,3155,99234,fd425612,109,1,109
7283,3156,490012,fd671973,61,1,61
7284,3156,490012,fd615860,177,2,354
7285,3156,490012,fd185338,169,1,169
7286,3156,490012,fd569286,58,2,116
7287,3157,333360,fd309421,158,1,158
7288,3157,333360,fd836445,165,1,165
7289,3157,333360,fd309421,158,1,158
7290,3157,333360,fd309421,158,1,158
7291,3158,144648,fd378739,76,2,152
7292,3159,486472,fd840285,93,1,93
7293,3159,486472,fd415489,214,1,214
7294,3160,343108,fd859098,87,1,87
7295,3160,343108,fd980159,83,1,83
7296,3161,349091,fd799513,165,1,165
7297,3161,349091,fd633818,134,2,268
7298,3161,349091,fd633818,134,1,134
7299,3162,237738,fd722967,117,1,117
7300,3162,237738,fd631912,74,1,74
7301,3163,473557,fd619352,161,2,322
7302,3163,473557,fd619357,173,1,174
7303,3163,473557,fd619361,123,1,124
7304,3163,473557,fd619293,286,1,286
7305,3164,33194,fd198665,210,1,210
7306,3165,89742,fd422626,121,1,121
7307,3165,89742,fd539647,55,1,55
7308,3165,89742,fd221883,83,1,83
7309,3166,76382,fd579069,35,1,35
7310,3166,76382,fd233023,43,1,43
7311,3167,85243,fd181578,95,1,95
7312,3167,85243,fd181578,95,1,95
7313,3167,85243,fd27896,184,1,184
7314,3167,85243,fd936237,213,2,426
7315,3168,103975,fd513898,308,3,924
7316,3168,103975,fd123365,126,1,126
7317,3168,103975,fd513898,308,1,308
7318,3168,103975,fd182149,342,1,342
7319,3169,215919,fd836692,138,1,138
7320,3169,215919,fd181673,120,1,120
7321,3169,215919,fd661355,133,1,133
7322,3169,215919,fd181673,120,1,120
7323,3170,467608,fd292593,152,1,152
7324,3171,28777,fd649630,181,1,181
7325,3171,28777,fd649630,181,1,181
7326,3171,28777,fd28599,263,2,526
7327,3171,28777,fd788450,201,1,201
7328,3171,28777,fd318808,357,1,357
7329,3172,541051,fd658043,81,1,81
7330,3173,163393,fd136921,61,1,61
7331,3174,389101,fd276894,203,2,406
7332,3174,389101,fd564541,164,1,164
7333,3174,389101,fd276894,203,1,203
7334,3174,389101,fd539236,123,1,123
7335,3175,373846,fd246503,166,1,166
7336,3176,410663,fd79365,132,1,132
7337,3177,399171,fd142879,235,1,235
7338,3177,399171,fd1210,90,1,90
7339,3178,534589,fd803432,132,1,132
7340,3178,534589,fd801842,82,1,82
7341,3178,534589,fd803432,132,1,132
7342,3178,534589,fd182157,167,1,167
7343,3178,534589,fd271024,111,1,111
7344,3179,559357,fd17055,168,1,168
7345,3179,559357,fd246537,68,1,68
7346,3180,179782,fd391155,269,1,269
7347,3180,179782,fd951950,122,1,122
7348,3180,179782,fd828379,216,1,216
7349,3180,179782,fd908212,227,2,454
7350,3181,29212,fd249312,322,1,322
7351,3182,253513,fd137615,258,3,774
7352,3182,253513,fd238237,243,1,243
7353,3183,517846,fd17,154,1,154
7354,3183,517846,fd39622,138,1,138
7355,3184,559158,fd886911,303,1,303
7356,3185,18636,fd251305,262,1,262
7357,3185,18636,fd251305,262,1,262
7358,3186,205007,fd817937,214,1,214
7359,3186,205007,fd862497,98,1,98
7360,3187,217294,fd1028668,305,1,305
7361,3187,217294,fd515859,282,1,282
7362,3187,217294,fd1028668,305,1,305
7363,3187,217294,fd175487,283,1,283
7364,3187,217294,fd931983,164,1,164
7365,3187,217294,fd707850,206,1,206
7366,3188,171130,fd1024385,115,1,115
7367,3188,171130,fd450421,450,1,450
7368,3189,97604,fd726415,153,1,153
7369,3189,97604,fd149322,54,2,108
7370,3189,97604,fd1031315,114,1,114
7371,3189,97604,fd1005371,151,1,151
7372,3190,220136,fd99704,84,1,84
7373,3190,220136,fd364430,87,1,87
7374,3191,527732,fd108506,442,1,442
7375,3192,10367,fd762550,102,2,204
7376,3193,342643,fd211815,541,1,541
7377,3193,342643,fd818654,359,1,359
7378,3194,261222,fd346783,173,1,173
7379,3194,261222,fd978823,91,1,91
7380,3195,281908,fd1035857,342,1,342
7381,3195,281908,fd953786,248,1,248
7382,3196,5175,fd1048314,584,1,584
7383,3197,376477,fd421177,93,1,93
7384,3197,376477,fd74429,106,1,106
7385,3198,227727,fd899236,95,1,95
7386,3198,227727,fd370554,68,1,68
7387,3199,20777,fd634877,338,1,338
7388,3199,20777,fd984988,123,1,123
7389,3199,20777,fd984988,123,2,246
7390,3199,20777,fd634877,338,2,676
7391,3199,20777,fd170706,306,1,306
7392,3200,361887,fd641659,129,1,129
7393,3200,361887,fd641659,129,1,129
7394,3200,361887,fd641659,129,1,129
7395,3200,361887,fd870542,172,2,344
7396,3201,482780,fd680038,107,3,321
7397,3202,350129,fd6304,180,1,180
7398,3203,36990,fd450913,350,1,350
7399,3203,36990,fd117729,212,1,212
7400,3204,404793,fd273299,101,1,101
7401,3204,404793,fd273299,101,2,202
7402,3205,323782,fd254024,98,2,196
7403,3205,323782,fd746286,141,1,141
7404,3206,80234,fd2368,219,1,219
7405,3207,324585,fd107628,125,1,125
7406,3207,324585,fd814679,161,1,161
7407,3207,324585,fd1008915,123,1,123
7408,3207,324585,fd283005,284,1,284
7409,3208,444478,fd535497,145,1,145
7410,3209,48889,fd571523,208,1,208
7411,3210,201170,fd593676,69,1,69
7412,3210,201170,fd192161,80,1,80
7413,3211,253001,fd492419,74,1,74
7414,3211,253001,fd680206,123,1,123
7415,3212,421533,fd947144,101,1,101
7416,3212,421533,fd1008439,98,1,98
7417,3213,557048,fd33344,123,1,123
7418,3214,132820,fd279121,131,1,131
7419,3215,51056,fd660597,116,1,116
7420,3215,51056,fd379662,41,1,41
7421,3216,340163,fd52596,195,1,195
7422,3216,340163,fd575209,175,2,350
7423,3216,340163,fd52596,195,1,195
7424,3217,22254,fd127347,286,1,286
7425,3218,167870,fd852431,142,1,142
7426,3219,417545,fd890429,107,1,107
7427,3220,337888,fd834074,55,1,55
7428,3221,362799,fd505898,101,1,101
7429,3221,362799,fd872986,109,1,109
7430,3222,77586,fd408812,88,1,88
7431,3223,59611,fd225166,252,2,504
7432,3224,37107,fd419454,134,1,134
7433,3224,37107,fd885555,94,1,94
7434,3224,37107,fd997383,121,1,121
7435,3224,37107,fd478879,76,1,76
7436,3225,5897,fd324816,115,1,115
7437,3226,193441,fd2591,269,1,269
7438,3226,193441,fd32493,160,1,160
7439,3226,193441,fd2603,309,1,309
7440,3227,42943,fd832022,167,1,167
7441,3227,42943,fd692795,273,3,819
7442,3228,430327,fd2981,220,1,220
7443,3229,32024,fd338876,121,1,121
7444,3229,32024,fd167023,135,1,135
7445,3229,32024,fd338876,121,1,121
7446,3230,424403,fd72577,222,1,222
7447,3230,424403,fd768926,241,1,241
7448,3231,423904,fd143458,234,1,234
7449,3231,423904,fd888250,205,1,205
7450,3231,423904,fd194517,236,1,236
7451,3231,423904,fd605105,89,3,267
7452,3232,59556,fd274293,65,2,130
7453,3232,59556,fd547927,177,1,177
7454,3233,21815,fd358298,389,1,389
7455,3233,21815,fd911229,264,2,528
7456,3234,323668,fd786380,111,1,111
7457,3235,438155,fd735148,207,1,207
7458,3235,438155,fd164669,168,1,168
7459,3235,438155,fd196831,188,1,188
7460,3236,65125,fd163841,87,1,87
7461,3236,65125,fd534474,113,1,113
7462,3237,479184,fd66381,86,1,86
7463,3237,479184,fd750731,135,1,135
7464,3237,479184,fd750731,135,1,135
7465,3238,434081,fd47091,90,1,90
7466,3239,31371,fd655092,436,1,436
7467,3239,31371,fd120217,393,1,393
7468,3239,31371,fd301579,361,1,361
7469,3239,31371,fd164768,436,2,872
7470,3240,408706,fd849394,388,1,388
7471,3240,408706,fd856500,150,1,150
7472,3241,234864,fd75394,118,2,236
7473,3242,343828,fd837295,85,2,170
7474,3243,85902,fd116678,187,2,374
7475,3244,403519,fd226991,310,1,310
7476,3245,565983,fd188016,226,1,226
7477,3246,76231,fd890191,107,1,107
7478,3246,76231,fd583187,205,1,205
7479,3246,76231,fd204609,237,1,237
7480,3246,76231,fd204609,237,1,237
7481,3247,467736,fd297000,437,1,437
7482,3247,467736,fd757827,323,1,323
7483,3247,467736,fd297000,437,1,437
7484,3247,467736,fd5442,443,1,443
7485,3248,542488,fd154335,206,2,412
7486,3249,543694,fd44342,104,2,208
7487,3249,543694,fd420197,73,1,73
7488,3250,338685,fd71737,123,1,123
7489,3251,216570,fd465517,153,1,153
7490,3251,216570,fd21250,317,1,317
7491,3251,216570,fd465517,153,1,153
7492,3252,491902,fd793798,126,1,126
7493,3253,376727,fd537822,205,1,205
7494,3253,376727,fd31077,106,1,106
7495,3254,91977,fd936023,144,1,144
7496,3255,544997,fd489900,103,1,103
7497,3256,123616,fd42969,167,1,167
7498,3257,197864,fd172438,127,1,127
7499,3257,197864,fd850474,153,2,306
7500,3257,197864,fd26875,62,1,62
7501,3258,131840,fd1022703,45,1,45
7502,3258,131840,fd22870,39,1,39
7503,3259,376952,fd456987,180,1,180
7504,3259,376952,fd687173,99,1,99
7505,3259,376952,fd106948,200,2,400
7506,3259,376952,fd651908,139,1,139
7507,3260,301284,fd967657,61,1,61
7508,3260,301284,fd826899,91,1,91
7509,3261,302341,fd634119,130,1,130
7510,3261,302341,fd634119,130,2,260
7511,3261,302341,fd865660,153,1,153
7512,3262,516031,fd387117,224,1,224
7513,3262,516031,fd111024,213,1,213
7514,3262,516031,fd768262,125,3,375
7515,3262,516031,fd450069,160,1,160
7516,3262,516031,fd710925,223,1,223
7517,3263,264198,fd780990,115,1,115
7518,3263,264198,fd79749,147,2,294
7519,3264,8660,fd643205,190,1,190
7520,3264,8660,fd182270,76,1,76
7521,3264,8660,fd643205,190,1,190
7522,3264,8660,fd643205,190,1,190
7523,3265,570850,fd370278,202,1,202
7524,3265,570850,fd370278,202,1,202
7525,3266,205966,fd727489,278,1,278
7526,3267,173862,fd848005,229,1,229
7527,3267,173862,fd104535,294,1,294
7528,3268,46955,fd27087,134,1,134
7529,3268,46955,fd747755,129,1,129
7530,3268,46955,fd661272,136,1,136
7531,3269,291781,fd921113,215,1,215
7532,3269,291781,fd202218,426,2,852
7533,3269,291781,fd867832,582,1,582
7534,3270,366968,fd993433,113,1,113
7535,3270,366968,fd440639,265,1,265
7536,3271,462784,fd5445,275,1,275
7537,3271,462784,fd4014,269,1,269
7538,3271,462784,fd4302,299,1,299
7539,3272,278580,fd1033658,260,1,260
7540,3272,278580,fd1033604,250,1,250
7541,3273,13280,fd104326,51,1,51
7542,3273,13280,fd555744,44,1,44
7543,3273,13280,fd687036,74,2,148
7544,3274,504004,fd807581,148,1,148
7545,3275,461549,fd49638,192,3,576
7546,3275,461549,fd364049,66,2,132
7547,3275,461549,fd765455,82,1,82
7548,3275,461549,fd512008,135,1,135
7549,3276,368957,fd831896,120,3,360
7550,3276,368957,fd831896,120,1,120
7551,3277,527516,fd115044,226,1,226
7552,3277,527516,fd471294,243,1,243
7553,3278,218909,fd129439,87,2,174
7554,3278,218909,fd505576,151,1,151
7555,3278,218909,fd129439,87,1,87
7556,3279,347702,fd829932,107,1,107
7557,3279,347702,fd76245,94,2,188
7558,3279,347702,fd76245,94,1,94
7559,3279,347702,fd829932,107,1,107
7560,3280,446568,fd803427,211,1,212
7561,3281,64991,fd456972,21,1,21
7562,3281,64991,fd349494,50,1,50
7563,3282,542732,fd581671,221,1,221
7564,3282,542732,fd471019,279,1,279
7565,3283,363551,fd806772,161,1,161
7566,3283,363551,fd543675,297,1,297
7567,3283,363551,fd319447,369,1,369
7568,3284,260350,fd2754,60,3,180
7569,3284,260350,fd255816,240,1,240
7570,3284,260350,fd5445,170,1,170
7571,3284,260350,fd54511,189,1,189
7572,3285,412742,fd248139,61,1,61
7573,3285,412742,fd836541,155,1,155
7574,3285,412742,fd874254,131,1,131
7575,3286,172197,fd911151,222,1,222
7576,3287,220196,fd621604,65,1,65
7577,3288,54414,fd316333,166,1,167
7578,3288,54414,fd316388,138,3,414
7579,3289,151770,fd294370,147,2,294
7580,3289,151770,fd294370,147,3,441
7581,3289,151770,fd782322,162,1,162
7582,3289,151770,fd782322,162,2,324
7583,3290,355916,fd415039,105,1,105
7584,3291,171442,fd5358,111,1,111
7585,3291,171442,fd496229,134,1,134
7586,3292,417058,fd152745,23,1,23
7587,3293,328523,fd138024,109,1,109
7588,3293,328523,fd338520,90,1,90
7589,3293,328523,fd508601,101,1,101
7590,3294,390793,fd43421,172,1,172
7591,3294,390793,fd386371,100,1,100
7592,3295,550363,fd829306,166,1,166
7593,3295,550363,fd687224,153,1,153
7594,3295,550363,fd829306,166,1,166
7595,3296,521236,fd602054,149,1,149
7596,3296,521236,fd1022075,232,3,696
7597,3297,207538,fd800622,90,1,90
7598,3298,138896,fd103472,73,1,73
7599,3298,138896,fd116503,41,1,41
7600,3298,138896,fd43128,82,1,82
7601,3299,154880,fd813411,229,1,229
7602,3299,154880,fd915129,314,1,314
7603,3300,444139,fd640747,111,1,111
7604,3300,444139,fd981899,81,1,81
7605,3300,444139,fd307213,104,1,104
7606,3301,469341,fd45907,86,1,86
7607,3302,528622,fd308960,146,1,146
7608,3303,478258,fd5177,119,2,238
7609,3303,478258,fd5457,239,1,239
7610,3304,32592,fd1022522,214,1,214
7611,3304,32592,fd137699,243,1,243
7612,3304,32592,fd153934,117,1,117
7613,3305,11023,fd395235,100,2,200
7614,3306,535731,fd762559,174,1,174
7615,3306,535731,fd402826,117,1,117
7616,3307,99862,fd998622,192,1,192
7617,3307,99862,fd369550,131,1,131
7618,3308,421100,fd950805,178,2,356
7619,3308,421100,fd889698,167,1,167
7620,3308,421100,fd221408,104,1,104
7621,3309,526939,fd898711,188,1,188
7622,3309,526939,fd53130,136,2,272
7623,3310,258153,fd55291,61,1,61
7624,3311,96827,fd9191,309,1,309
7625,3311,96827,fd211144,157,2,314
7626,3311,96827,fd211144,157,1,157
7627,3312,544100,fd123574,258,1,258
7628,3312,544100,fd14398,242,1,242
7629,3313,576400,fd904992,85,1,85
7630,3313,576400,fd211933,85,2,170
7631,3314,422722,fd976752,173,1,173
7632,3314,422722,fd1042441,93,1,93
7633,3315,574587,fd37,130,1,130
7634,3315,574587,fd78004,20,2,40
7635,3316,317145,fd409600,208,2,416
7636,3316,317145,fd154444,364,1,364
7637,3316,317145,fd56596,314,1,314
7638,3316,317145,fd403146,233,1,233
7639,3316,317145,fd78990,186,1,186
7640,3316,317145,fd768843,376,1,376
7641,3317,345473,fd860877,147,1,147
7642,3317,345473,fd74383,95,2,190
7643,3318,538475,fd271281,182,2,364
7644,3318,538475,fd271281,182,1,182
7645,3319,404889,fd832202,117,1,117
7646,3319,404889,fd394623,172,1,172
7647,3319,404889,fd541933,107,1,107
7648,3320,15828,fd472900,321,1,321
7649,3321,304193,fd294889,110,1,110
7650,3321,304193,fd294889,110,1,110
7651,3322,395563,fd377517,81,1,81
7652,3322,395563,fd636852,43,1,43
7653,3322,395563,fd779190,116,1,116
7654,3322,395563,fd771118,72,1,72
7655,3322,395563,fd789011,118,1,118
7656,3323,360838,fd618522,151,1,151
7657,3323,360838,fd129894,175,2,350
7658,3324,407910,fd898483,81,2,162
7659,3324,407910,fd883789,34,1,34
7660,3324,407910,fd269445,31,1,31
7661,3325,464688,fd221037,339,1,339
7662,3325,464688,fd288197,248,1,248
7663,3326,395760,fd864848,215,1,215
7664,3326,395760,fd958664,70,1,70
7665,3326,395760,fd488295,181,1,181
7666,3326,395760,fd138445,166,1,166
7667,3327,112297,fd522081,331,1,331
7668,3327,112297,fd522081,331,1,331
7669,3328,97301,fd96708,58,1,58
7670,3328,97301,fd32824,74,2,148
7671,3328,97301,fd593673,34,1,34
7672,3328,97301,fd32824,74,1,74
7673,3328,97301,fd104860,75,1,75
7674,3328,97301,fd593673,34,1,34
7675,3329,35203,fd449673,138,2,276
7676,3330,577207,fd899454,83,1,83
7677,3331,82154,fd1046764,128,1,128
7678,3331,82154,fd816041,130,1,130
7679,3331,82154,fd274221,101,1,101
7680,3332,15909,fd604097,102,2,204
7681,3332,15909,fd229804,111,1,111
7682,3332,15909,fd1024073,228,1,228
7683,3333,160137,fd311444,134,1,134
7684,3333,160137,fd307727,178,2,356
7685,3334,477653,fd190108,316,1,316
7686,3334,477653,fd113835,337,3,1011
7687,3334,477653,fd190108,316,1,316
7688,3334,477653,fd177133,275,2,550
7689,3335,564514,fd564375,117,1,117
7690,3335,564514,fd124937,146,1,146
7691,3336,215195,fd892926,356,1,356
7692,3337,447017,fd972843,134,1,134
7693,3337,447017,fd692238,172,1,172
7694,3337,447017,fd204316,156,2,312
7695,3337,447017,fd266604,78,2,156
7696,3338,145856,fd557828,65,2,130
7697,3338,145856,fd11355,145,1,145
7698,3338,145856,fd1418,165,1,165
7699,3338,145856,fd55333,149,1,149
7700,3339,232104,fd95458,183,1,183
7701,3339,232104,fd663983,160,1,160
7702,3339,232104,fd587511,207,1,207
7703,3339,232104,fd891069,167,1,167
7704,3340,231627,fd352219,263,1,263
7705,3341,516197,fd868559,116,1,116
7706,3341,516197,fd828430,168,1,168
7707,3342,425022,fd318495,31,1,31
7708,3342,425022,fd224105,24,2,48
7709,3342,425022,fd800148,29,1,29
7710,3343,174784,fd1027471,129,1,129
7711,3343,174784,fd100392,79,1,79
7712,3343,174784,fd163460,53,1,53
7713,3343,174784,fd17181,110,1,110
7714,3343,174784,fd1015403,63,1,63
7715,3343,174784,fd117,53,1,53
7716,3344,554802,fd722505,57,3,171
7717,3344,554802,fd651161,85,2,170
7718,3344,554802,fd4623,52,1,52
7719,3345,440696,fd219496,70,1,70
7720,3345,440696,fd211127,133,1,133
7721,3345,440696,fd964226,117,1,117
7722,3345,440696,fd211127,133,1,133
7723,3346,476443,fd360114,109,1,109
7724,3346,476443,fd131253,106,1,106
7725,3346,476443,fd341767,153,1,153
7726,3346,476443,fd175061,98,1,98
7727,3347,559758,fd109,319,1,319
7728,3347,559758,fd963665,319,1,319
7729,3348,345337,fd1036499,106,2,212
7730,3348,345337,fd277396,109,1,109
7731,3348,345337,fd28563,62,1,62
7732,3348,345337,fd706392,58,1,58
7733,3349,466942,fd929750,60,1,60
7734,3349,466942,fd929747,60,1,60
7735,3350,50158,fd3794,242,1,242
7736,3350,50158,fd357795,530,1,530
7737,3350,50158,fd817,237,2,474
7738,3351,479784,fd420852,367,1,367
7739,3352,544604,fd22356,224,1,224
7740,3352,544604,fd169967,104,1,104
7741,3353,174170,fd175123,250,1,250
7742,3353,174170,fd39870,150,1,150
7743,3353,174170,fd172303,292,1,292
7744,3353,174170,fd590382,109,2,218
7745,3353,174170,fd833913,248,1,248
7746,3354,336671,fd870875,192,1,192
7747,3355,342304,fd560896,118,3,354
7748,3355,342304,fd342333,63,2,126
7749,3355,342304,fd949576,133,1,133
7750,3355,342304,fd836657,183,1,183
7751,3356,217156,fd76201,203,1,203
7752,3357,522941,fd51635,191,1,191
7753,3358,490816,fd862781,140,3,420
7754,3358,490816,fd624899,93,1,93
7755,3359,563641,fd685341,135,2,270
7756,3359,563641,fd557328,288,1,288
7757,3360,456755,fd335752,164,1,164
7758,3361,376933,fd964482,83,1,83
7759,3362,508767,fd566666,101,1,101
7760,3362,508767,fd489025,179,1,179
7761,3363,473358,fd441443,26,1,26
7762,3363,473358,fd129958,68,2,136
7763,3364,41092,fd120109,134,1,134
7764,3365,158984,fd576469,240,2,480
7765,3365,158984,fd425909,191,1,191
7766,3365,158984,fd576469,240,1,240
7767,3366,302868,fd2902,80,1,80
7768,3366,302868,fd2908,40,1,40
7769,3367,92690,fd3465,160,1,160
7770,3368,421198,fd860864,217,2,434
7771,3369,323208,fd7834,149,1,149
7772,3369,323208,fd497148,118,1,118
7773,3370,427714,fd104601,126,1,126
7774,3370,427714,fd102203,79,1,79
7775,3370,427714,fd104601,126,1,126
7776,3371,458701,fd191460,133,1,133
7777,3372,43857,fd481308,236,2,472
7778,3373,186257,fd391591,125,2,250
7779,3373,186257,fd713059,148,1,148
7780,3374,527803,fd55233,55,1,55
7781,3374,527803,fd488352,71,2,142
7782,3375,443799,fd500162,186,2,372
7783,3375,443799,fd254493,229,1,229
7784,3375,443799,fd110738,140,1,140
7785,3376,435582,fd1803,143,1,143
7786,3376,435582,fd1826,156,1,156
7787,3377,310962,fd97743,69,2,138
7788,3378,140073,fd961168,81,2,162
7789,3379,480735,fd729317,104,1,104
7790,3379,480735,fd879097,122,1,122
7791,3380,127526,fd147535,110,1,110
7792,3380,127526,fd178612,130,1,130
7793,3381,231683,fd934279,100,1,100
7794,3382,337997,fd843480,320,1,320
7795,3382,337997,fd933428,290,1,290
7796,3382,337997,fd933445,575,1,575
7797,3382,337997,fd933551,220,1,220
7798,3383,191946,fd450923,235,2,470
7799,3384,219608,fd567296,245,1,245
7800,3384,219608,fd210117,258,1,258
7801,3384,219608,fd166805,202,1,202
7802,3385,444914,fd863089,331,1,331
7803,3385,444914,fd29647,308,1,308
7804,3386,129221,fd48298,170,1,170
7805,3387,101230,fd505141,242,1,242
7806,3388,4586,fd762224,218,1,218
7807,3388,4586,fd170630,280,1,280
7808,3389,75721,fd52837,126,1,126
7809,3389,75721,fd477770,46,2,92
7810,3390,430333,fd707043,76,2,152
7811,3391,515955,fd223077,155,1,155
7812,3391,515955,fd422107,138,1,138
7813,3392,457749,fd727230,152,1,152
7814,3392,457749,fd720854,135,1,135
7815,3393,451172,fd915601,127,1,127
7816,3393,451172,fd744271,85,1,85
7817,3394,82407,fd711106,173,1,173
7818,3395,497993,fd1038979,196,1,196
7819,3395,497993,fd117563,262,2,524
7820,3395,497993,fd117563,262,1,262
7821,3396,290744,fd46988,119,1,119
7822,3396,290744,fd320707,56,1,56
7823,3396,290744,fd876618,119,1,119
7824,3397,467708,fd946768,162,2,324
7825,3397,467708,fd38064,213,1,213
7826,3398,395551,fd137149,95,1,95
7827,3398,395551,fd544576,103,1,103
7828,3398,395551,fd888249,166,1,166
7829,3398,395551,fd1024396,151,1,151
7830,3398,395551,fd726239,177,3,531
7831,3399,542674,fd76929,55,1,55
7832,3399,542674,fd59808,205,1,205
7833,3400,517225,fd485859,97,1,97
7834,3401,460058,fd30433,178,1,178
7835,3402,31111,fd374015,102,1,102
7836,3402,31111,fd374015,102,1,102
7837,3402,31111,fd197147,111,1,111
7838,3403,274783,fd561847,92,1,92
7839,3404,499816,fd213070,146,1,146
7840,3404,499816,fd566094,79,1,79
7841,3405,152743,fd741187,69,1,69
7842,3405,152743,fd39700,111,1,111
7843,3405,152743,fd46689,161,2,322
7844,3406,41203,fd159223,215,1,215
7845,3406,41203,fd619477,415,1,415
7846,3407,566284,fd467452,116,1,116
7847,3408,17755,fd77770,469,1,469
7848,3409,873,fd985426,92,2,184
7849,3410,510827,fd749337,53,1,53
7850,3411,59927,fd152167,120,1,120
7851,3411,59927,fd404121,133,1,133
7852,3412,432267,fd613110,230,1,230
7853,3412,432267,fd5814,135,1,135
7854,3413,237160,fd347440,331,2,662
7855,3414,558003,fd225236,251,1,251
7856,3414,558003,fd220119,172,1,172
7857,3415,496350,fd101894,210,2,420
7858,3415,496350,fd551965,60,2,120
7859,3415,496350,fd551959,250,1,250
7860,3415,496350,fd7719,280,1,280
7861,3416,159132,fd831228,149,1,149
7862,3417,69139,fd956614,107,1,107
7863,3417,69139,fd784069,98,1,98
7864,3417,69139,fd6902,43,1,43
7865,3418,39858,fd684030,170,1,170
7866,3418,39858,fd655963,135,2,270
7867,3419,9209,fd20963,120,1,120
7868,3419,9209,fd300271,153,1,153
7869,3419,9209,fd907731,154,1,154
7870,3419,9209,fd300271,153,1,153
7871,3419,9209,fd52668,163,1,163
7872,3420,316780,fd461518,209,1,209
7873,3420,316780,fd332811,318,1,318
7874,3421,204003,fd546111,83,1,83
7875,3421,204003,fd789998,117,1,117
7876,3421,204003,fd323079,73,1,73
7877,3422,450847,fd17675,351,1,351
7878,3422,450847,fd763282,274,1,274
7879,3423,240093,fd285388,176,1,176
7880,3423,240093,fd73945,125,1,125
7881,3423,240093,fd73945,125,2,250
7882,3423,240093,fd545972,107,2,214
7883,3424,326590,fd733270,332,1,332
7884,3424,326590,fd321698,284,1,284
7885,3424,326590,fd499649,213,1,213
7886,3425,66387,fd12861,281,1,281
7887,3425,66387,fd111659,198,3,594
7888,3426,21562,fd247485,133,1,133
7889,3426,21562,fd292655,158,1,158
7890,3426,21562,fd669590,158,1,158
7891,3427,463825,fd455392,78,1,78
7892,3428,373941,fd1025205,80,1,80
7893,3428,373941,fd468600,155,1,155
7894,3429,89880,fd270716,77,1,77
7895,3429,89880,fd573423,43,1,43
7896,3429,89880,fd270716,77,1,77
7897,3430,537485,fd534570,149,1,149
7898,3430,537485,fd534570,149,2,298
7899,3430,537485,fd163835,79,1,79
7900,3431,500448,fd756678,142,1,142
7901,3432,427200,fd179290,49,1,49
7902,3432,427200,fd818837,29,2,58
7903,3433,503606,fd1006340,175,1,175
7904,3433,503606,fd1006340,175,1,175
7905,3434,220052,fd128156,206,1,206
7906,3434,220052,fd680071,126,2,252
7907,3435,561846,fd474328,266,1,266
7908,3436,388350,fd45202,80,1,80
7909,3436,388350,fd533576,172,1,172
7910,3436,388350,fd353848,133,1,133
7911,3436,388350,fd336883,179,1,179
7912,3437,194713,fd406174,130,1,130
7913,3437,194713,fd197173,123,1,123
7914,3437,194713,fd406174,130,1,130
7915,3438,240709,fd922446,257,1,257
7916,3438,240709,fd61993,103,1,103
7917,3439,556278,fd227940,121,1,121
7918,3439,556278,fd612174,92,1,92
7919,3440,12401,fd166991,629,1,629
7920,3441,380666,fd832651,314,1,314
7921,3442,532037,fd415425,64,1,64
7922,3442,532037,fd528447,92,3,276
7923,3442,532037,fd87609,99,1,99
7924,3442,532037,fd563237,130,1,130
7925,3443,96840,fd473653,142,1,142
7926,3443,96840,fd37566,190,1,190
7927,3443,96840,fd857356,254,1,254
7928,3444,406529,fd985102,483,1,483
7929,3444,406529,fd87470,228,1,228
7930,3445,284839,fd244814,299,1,299
7931,3445,284839,fd656060,152,1,152
7932,3445,284839,fd144440,108,2,216
7933,3446,23947,fd179955,242,1,242
7934,3447,289843,fd44316,87,1,87
7935,3448,361794,fd416883,307,1,307
7936,3448,361794,fd41748,250,1,250
7937,3448,361794,fd41748,250,1,250
7938,3449,401449,fd711260,92,2,184
7939,3449,401449,fd510672,172,1,172
7940,3450,430074,fd556052,176,1,176
7941,3450,430074,fd713478,203,1,203
7942,3450,430074,fd325407,214,2,428
7943,3450,430074,fd284106,140,1,140
7944,3451,182975,fd18535,81,1,81
7945,3451,182975,fd486144,44,2,88
7946,3452,461894,fd1191,165,1,165
7947,3452,461894,fd940314,250,1,250
7948,3452,461894,fd940335,210,1,210
7949,3452,461894,fd3919,120,1,120
7950,3453,48157,fd449676,265,1,265
7951,3453,48157,fd444012,221,1,221
7952,3453,48157,fd689704,214,1,214
7953,3454,543930,fd516638,177,1,177
7954,3454,543930,fd981889,187,2,374
7955,3454,543930,fd579012,230,1,230
7956,3454,543930,fd516638,177,1,177
7957,3454,543930,fd523195,195,2,390
7958,3455,441358,fd685431,94,1,94
7959,3455,441358,fd895981,114,1,114
7960,3456,416515,fd40917,100,2,200
7961,3456,416515,fd937682,106,1,106
7962,3456,416515,fd779346,153,1,153
7963,3457,289970,fd276860,275,1,275
7964,3457,289970,fd530816,438,1,438
7965,3457,289970,fd742602,358,1,358
7966,3458,316023,fd826802,92,2,184
7967,3459,374678,fd874719,115,1,115
7968,3460,31488,fd599968,109,2,218
7969,3461,424520,fd36696,158,1,158
7970,3461,424520,fd36696,158,1,158
7971,3461,424520,fd792944,128,1,128
7972,3462,264942,fd556075,81,1,81
7973,3462,264942,fd691607,111,1,111
7974,3462,264942,fd274932,74,1,74
7975,3463,406059,fd835245,244,1,244
7976,3463,406059,fd98501,206,1,206
7977,3464,10275,fd538949,524,1,524
7978,3465,371393,fd116215,123,2,246
7979,3465,371393,fd866114,102,1,102
7980,3466,113368,fd198182,38,1,38
7981,3467,161710,fd230698,49,1,49
7982,3467,161710,fd104206,128,2,256
7983,3468,186179,fd176481,104,1,104
7984,3468,186179,fd1003488,232,1,232
7985,3468,186179,fd682009,199,3,597
7986,3469,525325,fd109975,172,1,172
7987,3469,525325,fd78113,75,1,75
7988,3469,525325,fd55656,121,1,121
7989,3469,525325,fd55656,121,1,121
7990,3469,525325,fd78113,75,1,75
7991,3470,72511,fd418481,82,2,164
7992,3470,72511,fd418481,82,1,82
7993,3471,369493,fd24031,161,3,483
7994,3472,290272,fd771928,179,1,179
7995,3472,290272,fd1011643,105,1,105
7996,3473,520781,fd898496,83,1,83
7997,3473,520781,fd125777,58,1,58
7998,3474,561015,fd260828,85,2,170
7999,3474,561015,fd879832,57,1,57
8000,3475,121172,fd997115,157,1,157
8001,3475,121172,fd997115,157,1,157
8002,3475,121172,fd148210,122,1,122
8003,3476,19293,fd101991,142,3,426
8004,3477,490369,fd115759,115,2,230
8005,3477,490369,fd912052,166,1,166
8006,3477,490369,fd389750,99,1,99
8007,3478,59611,fd121558,222,1,222
8008,3479,261499,fd1033695,331,1,331
8009,3479,261499,fd985182,205,1,205
8010,3479,261499,fd19821,241,1,241
8011,3480,129704,fd665962,355,2,710
8012,3480,129704,fd941300,230,2,460
8013,3481,232038,fd370450,218,1,218
8014,3482,474418,fd707010,225,2,450
8015,3483,332272,fd524913,454,1,454
8016,3483,332272,fd555908,800,1,800
8017,3484,471004,fd514877,534,1,534
8018,3485,546877,fd360641,141,1,141
8019,3485,546877,fd218002,111,1,111
8020,3485,546877,fd578858,121,1,121
8021,3485,546877,fd380442,117,1,117
8022,3486,568162,fd673584,66,2,132
8023,3486,568162,fd705263,58,1,58
8024,3486,568162,fd815658,130,1,130
8025,3486,568162,fd541244,53,1,53
8026,3487,60569,fd75510,174,1,174
8027,3488,461102,fd569056,154,1,154
8028,3489,480368,fd954615,145,1,145
8029,3489,480368,fd896375,103,2,206
8030,3489,480368,fd548157,157,1,157
8031,3490,413545,fd576029,74,1,74
8032,3490,413545,fd849068,78,1,78
8033,3491,50560,fd778301,76,2,152
8034,3491,50560,fd883414,62,1,62
8035,3492,21633,fd279101,144,3,432
8036,3492,21633,fd863348,80,1,80
8037,3493,101971,fd262907,143,1,143
8038,3493,101971,fd947017,115,1,115
8039,3493,101971,fd122092,93,1,93
8040,3493,101971,fd493582,124,1,124
8041,3494,78108,fd572626,146,1,146
8042,3494,78108,fd844257,196,1,196
8043,3494,78108,fd846022,230,1,230
8044,3495,513214,fd193307,293,1,293
8045,3496,576803,fd70386,79,1,79
8046,3496,576803,fd70367,55,1,55
8047,3496,576803,fd70383,85,1,85
8048,3496,576803,fd70353,18,1,18
8049,3497,354186,fd991955,91,3,273
8050,3498,569182,fd821425,111,2,222
8051,3499,525196,fd73533,105,1,105
8052,3499,525196,fd358768,77,1,77
8053,3500,486066,fd624144,128,1,128
8054,3500,486066,fd99357,260,1,260
8055,3500,486066,fd381833,346,2,692
8056,3501,110227,fd330881,133,1,133
8057,3502,53219,fd744531,166,3,498
8058,3502,53219,fd479377,127,1,127
8059,3503,462957,fd578340,125,1,125
8060,3504,520002,fd503480,78,1,78
8061,3504,520002,fd205343,145,1,145
8062,3505,23711,fd718359,314,1,314
8063,3505,23711,fd925963,160,1,160
8064,3505,23711,fd886422,128,1,128
8065,3505,23711,fd886422,128,1,128
8066,3506,48020,fd953480,203,1,203
8067,3506,48020,fd438186,243,1,243
8068,3507,489028,fd441088,246,1,246
8069,3507,489028,fd807430,201,1,201
8070,3507,489028,fd807430,201,1,201
8071,3508,74869,fd680867,261,1,261
8072,3508,74869,fd1009291,168,1,168
8073,3508,74869,fd680867,261,1,261
8074,3509,536776,fd588927,326,1,326
8075,3509,536776,fd73230,124,1,124
8076,3509,536776,fd588927,326,1,326
8077,3510,88230,fd833503,132,1,132
8078,3511,161306,fd42763,64,2,128
8079,3511,161306,fd573692,96,1,96
8080,3512,156623,fd883934,234,1,234
8081,3512,156623,fd562152,119,1,119
8082,3512,156623,fd819345,235,3,705
8083,3513,407292,fd817729,109,1,109
8084,3513,407292,fd340551,177,1,177
8085,3513,407292,fd176818,138,1,138
8086,3514,195315,fd768306,216,1,216
8087,3515,264262,fd857368,177,1,177
8088,3515,264262,fd1016669,375,1,375
8089,3516,428692,fd807057,151,1,151
8090,3516,428692,fd266444,239,1,239
8091,3516,428692,fd1010921,167,1,167
8092,3516,428692,fd368698,171,1,171
8093,3517,306386,fd318569,105,1,105
8094,3517,306386,fd1017679,90,2,180
8095,3517,306386,fd318569,105,1,105
8096,3517,306386,fd318749,141,1,141
8097,3518,510328,fd333490,418,2,836
8098,3518,510328,fd762788,427,1,427
8099,3519,438363,fd618454,141,1,141
8100,3520,501455,fd913832,109,1,109
8101,3521,155811,fd167544,154,2,308
8102,3521,155811,fd485648,179,1,179
8103,3521,155811,fd309802,131,3,393
8104,3521,155811,fd309802,131,3,393
8105,3522,46460,fd131674,79,1,79
8106,3522,46460,fd920398,122,1,122
8107,3522,46460,fd732081,173,1,173
8108,3523,314439,fd763626,96,1,96
8109,3523,314439,fd132268,89,1,89
8110,3524,10729,fd333122,372,2,744
8111,3525,180753,fd602361,160,1,160
8112,3525,180753,fd655210,518,1,518
8113,3525,180753,fd602361,160,2,320
8114,3525,180753,fd602361,160,1,160
8115,3526,54040,fd607861,104,2,208
8116,3526,54040,fd84232,170,1,170
8117,3526,54040,fd84232,170,1,170
8118,3526,54040,fd380496,89,2,178
8119,3527,391600,fd509940,123,1,123
8120,3527,391600,fd329419,205,1,205
8121,3528,446003,fd464088,68,1,68
8122,3528,446003,fd452802,88,1,88
8123,3528,446003,fd269112,79,1,79
8124,3528,446003,fd130531,97,1,97
8125,3528,446003,fd1011556,126,1,126
8126,3529,400746,fd322813,86,1,86
8127,3529,400746,fd97605,186,1,186
8128,3530,72403,fd276339,270,2,540
8129,3530,72403,fd56113,110,1,110
8130,3530,72403,fd276349,90,1,90
8131,3531,180045,fd171791,249,1,249
8132,3532,429590,fd956879,129,2,258
8133,3532,429590,fd612645,179,1,179
8134,3532,429590,fd804315,209,1,209
8135,3532,429590,fd956879,129,1,129
8136,3533,229586,fd542950,334,1,334
8137,3533,229586,fd107730,250,1,250
8138,3534,292783,fd566704,55,1,55
8139,3534,292783,fd763333,62,1,62
8140,3534,292783,fd174951,38,1,38
8141,3534,292783,fd763333,62,1,62
8142,3535,128493,fd442209,90,1,90
8143,3535,128493,fd128574,71,1,71
8144,3535,128493,fd512646,135,1,135
8145,3536,475505,fd697101,39,1,39
8146,3537,384559,fd124113,150,1,150
8147,3537,384559,fd546579,159,1,159
8148,3538,46458,fd1168,147,1,147
8149,3538,46458,fd39779,73,1,73
8150,3539,251431,fd186866,44,1,44
8151,3539,251431,fd94461,38,1,38
8152,3540,516622,fd218,39,1,39
8153,3540,516622,fd776208,125,1,125
8154,3541,379569,fd224228,188,2,376
8155,3541,379569,fd585366,81,1,81
8156,3541,379569,fd649555,170,1,170
8157,3541,379569,fd621742,233,1,233
8158,3542,44033,fd759647,118,2,236
8159,3543,35298,fd682333,153,2,306
8160,3543,35298,fd682333,153,1,153
8161,3544,39908,fd518009,53,3,159
8162,3545,217599,fd676999,214,1,214
8163,3545,217599,fd910417,260,1,260
8164,3546,487865,fd1008606,149,1,149
8165,3546,487865,fd707230,69,2,138
8166,3546,487865,fd707230,69,1,69
8167,3547,392031,fd745862,379,1,379
8168,3547,392031,fd1004315,229,3,687
8169,3547,392031,fd1004315,229,2,458
8170,3547,392031,fd471163,360,1,360
8171,3548,151947,fd794812,161,1,161
8172,3549,439223,fd419274,605,1,605
8173,3550,72201,fd50266,147,1,147
8174,3550,72201,fd82797,238,1,238
8175,3550,72201,fd801147,270,2,540
8176,3551,382475,fd35073,179,1,179
8177,3551,382475,fd568993,188,1,188
8178,3551,382475,fd568993,188,1,188
8179,3551,382475,fd466799,177,1,177
8180,3552,256892,fd627596,106,1,106
8181,3552,256892,fd58840,285,1,285
8182,3553,487533,fd923130,266,3,798
8183,3554,383323,fd803199,308,1,308
8184,3554,383323,fd650874,293,1,293
8185,3554,383323,fd834772,258,1,258
8186,3555,29934,fd167298,128,2,256
8187,3555,29934,fd39800,167,2,334
8188,3555,29934,fd720354,113,1,113
8189,3556,231456,fd211350,161,1,161
8190,3556,231456,fd110218,128,1,128
8191,3556,231456,fd110218,128,1,128
8192,3556,231456,fd326023,131,1,131
8193,3556,231456,fd839849,115,1,115
8194,3557,62987,fd801420,100,1,100
8195,3557,62987,fd385373,134,1,134
8196,3557,62987,fd386587,141,1,141
8197,3557,62987,fd58773,55,2,110
8198,3558,176737,fd10896,140,1,140
8199,3558,176737,fd44152,90,1,90
8200,3558,176737,fd2494,170,2,340
8201,3559,569551,fd848132,75,2,150
8202,3559,569551,fd527292,135,1,135
8203,3559,569551,fd416428,161,1,161
8204,3559,569551,fd848132,75,2,150
8205,3560,32592,fd156065,158,2,316
8206,3560,32592,fd177647,147,1,147
8207,3561,203852,fd300817,221,1,221
8208,3562,61913,fd31473,104,1,104
8209,3563,314743,fd270805,132,1,132
8210,3563,314743,fd888697,165,1,165
8211,3564,10360,fd637429,112,1,112
8212,3565,73279,fd349718,123,1,123
8213,3566,78044,fd854734,195,1,195
8214,3566,78044,fd791830,184,1,184
8215,3566,78044,fd549179,184,1,184
8216,3566,78044,fd259377,268,1,268
8217,3567,361802,fd643126,121,1,121
8218,3568,95411,fd1027636,111,1,111
8219,3568,95411,fd700912,256,1,256
8220,3569,511532,fd728201,323,1,323
8221,3569,511532,fd60542,259,1,259
8222,3569,511532,fd240214,143,3,429
8223,3569,511532,fd367309,330,1,330
8224,3570,58632,fd143349,206,1,206
8225,3570,58632,fd410113,170,1,170
8226,3571,257989,fd753303,125,1,125
8227,3571,257989,fd654676,163,1,163
8228,3571,257989,fd89839,108,1,108
8229,3572,220454,fd556487,70,1,70
8230,3572,220454,fd318760,42,1,42
8231,3572,220454,fd425238,38,1,38
8232,3573,561568,fd305499,152,1,152
8233,3574,143900,fd6865,149,1,149
8234,3574,143900,fd560883,254,2,508
8235,3575,453326,fd599697,147,2,294
8236,3576,117638,fd11469,314,1,314
8237,3576,117638,fd78246,57,1,57
8238,3576,117638,fd11498,268,1,268
8239,3576,117638,fd11449,308,1,308
8240,3576,117638,fd11466,287,1,287
8241,3576,117638,fd78204,280,1,280
8242,3577,376145,fd597968,189,1,189
8243,3577,376145,fd597968,189,1,189
8244,3578,496771,fd428908,147,1,147
8245,3579,504919,fd371730,113,3,339
8246,3579,504919,fd371730,113,1,113
8247,3580,542392,fd50307,140,1,140
8248,3580,542392,fd50313,200,1,200
8249,3581,491162,fd743796,164,1,164
8250,3582,446297,fd333502,332,1,332
8251,3582,446297,fd910788,235,1,235
8252,3582,446297,fd287616,288,1,288
8253,3582,446297,fd910788,235,1,235
8254,3583,286167,fd593852,185,1,185
8255,3583,286167,fd109280,327,1,327
8256,3584,333563,fd443992,124,1,124
8257,3585,563740,fd409063,133,1,133
8258,3586,71849,fd503948,163,1,163
8259,3586,71849,fd227984,72,1,72
8260,3587,468130,fd81521,101,1,101
8261,3587,468130,fd262439,208,2,416
8262,3587,468130,fd643569,220,1,220
8263,3588,219055,fd692020,68,1,68
8264,3589,377939,fd487520,104,1,104
8265,3589,377939,fd146818,112,1,112
8266,3589,377939,fd365481,80,1,80
8267,3589,377939,fd365481,80,3,240
8268,3589,377939,fd365481,80,1,80
8269,3589,377939,fd242278,180,1,180
8270,3590,57469,fd981891,141,2,282
8271,3590,57469,fd679428,205,1,205
8272,3591,318709,fd680365,168,2,336
8273,3592,64396,fd935581,120,1,120
8274,3592,64396,fd59272,176,1,176
8275,3592,64396,fd988650,151,1,151
8276,3592,64396,fd773200,138,1,138
8277,3593,231715,fd578923,107,2,214
8278,3594,176363,fd901791,125,2,250
8279,3594,176363,fd956794,166,1,166
8280,3594,176363,fd956794,166,1,166
8281,3595,146069,fd737889,172,2,344
8282,3595,146069,fd600538,500,2,1000
8283,3595,146069,fd979756,213,1,213
8284,3595,146069,fd808832,272,1,272
8285,3596,384759,fd652847,312,1,312
8286,3596,384759,fd652847,312,1,312
8287,3597,124178,fd120588,247,1,247
8288,3597,124178,fd855715,250,1,250
8289,3598,119572,fd680867,97,2,194
8290,3598,119572,fd547158,197,1,197
8291,3599,484349,fd900566,166,1,166
8292,3599,484349,fd831241,150,3,450
8293,3600,364644,fd644786,82,1,82
8294,3601,478303,fd868530,212,1,212
8295,3601,478303,fd86413,225,1,225
8296,3602,339287,fd194345,273,1,273
8297,3603,359615,fd669156,158,1,158
8298,3604,46718,fd340262,134,1,134
8299,3605,198802,fd674853,141,1,141
8300,3605,198802,fd83578,150,1,150
8301,3605,198802,fd674853,141,1,141
8302,3606,535314,fd764237,239,1,239
8303,3606,535314,fd764224,219,1,219
8304,3606,535314,fd162263,378,1,378
8305,3606,535314,fd162263,378,2,756
8306,3607,35054,fd1045259,254,1,254
8307,3607,35054,fd527,360,1,360
8308,3608,499254,fd1024021,276,1,276
8309,3608,499254,fd495554,104,1,104
8310,3609,64722,fd826789,149,1,149
8311,3610,513679,fd147928,270,1,270
8312,3610,513679,fd195508,269,1,269
8313,3610,513679,fd195508,269,3,807
8314,3610,513679,fd769893,154,1,154
8315,3611,197864,fd850474,153,1,153
8316,3612,335171,fd334341,208,1,208
8317,3613,10826,fd500290,195,1,195
8318,3613,10826,fd676959,75,1,75
8319,3613,10826,fd498359,64,1,64
8320,3613,10826,fd498359,64,1,64
8321,3614,539704,fd686949,178,1,178
8322,3615,289241,fd1030346,84,2,168
8323,3615,289241,fd422409,138,1,138
8324,3615,289241,fd297186,61,1,61
8325,3615,289241,fd30159,93,2,186
8326,3616,528353,fd442913,549,1,549
8327,3617,510335,fd684529,60,1,60
8328,3617,510335,fd684529,60,2,120
8329,3617,510335,fd820130,92,3,276
8330,3618,57565,fd31154,150,1,150
8331,3618,57565,fd800113,180,1,180
8332,3619,485000,fd550067,215,1,215
8333,3620,172853,fd358859,66,1,66
8334,3621,388002,fd709004,188,1,188
8335,3622,280572,fd828048,236,1,236
8336,3622,280572,fd823799,80,1,80
8337,3622,280572,fd203696,256,1,256
8338,3622,280572,fd1036401,224,1,224
8339,3623,471290,fd638159,224,1,224
8340,3623,471290,fd316327,221,3,663
8341,3624,513618,fd165002,89,1,89
8342,3625,210831,fd323976,82,1,82
8343,3626,571171,fd105196,26,2,52
8344,3627,489172,fd689489,204,1,204
8345,3627,489172,fd867945,101,1,101
8346,3628,571170,fd562161,222,1,222
8347,3628,571170,fd621453,127,1,127
8348,3629,105075,fd434651,152,1,152
8349,3629,105075,fd1031376,114,1,114
8350,3630,395563,fd890437,78,1,78
8351,3630,395563,fd789011,118,1,118
8352,3630,395563,fd779190,116,1,116
8353,3631,523037,fd43287,155,1,155
8354,3632,268704,fd991566,521,1,521
8355,3633,492045,fd701104,140,1,140
8356,3633,492045,fd55891,278,1,278
8357,3633,492045,fd669337,276,1,276
8358,3634,8785,fd866921,191,1,191
8359,3634,8785,fd420966,92,1,92
8360,3634,8785,fd483582,191,1,191
8361,3635,509158,fd10895,90,1,90
8362,3635,509158,fd652898,54,2,108
8363,3635,509158,fd180658,78,1,78
8364,3635,509158,fd652902,60,1,60
8365,3635,509158,fd645333,90,1,90
8366,3636,280839,fd983972,97,1,97
8367,3636,280839,fd539747,110,1,110
8368,3637,192172,fd149999,99,1,99
8369,3637,192172,fd149999,99,2,198
8370,3638,234897,fd461168,62,1,62
8371,3638,234897,fd330642,93,1,93
8372,3639,43415,fd624802,325,1,325
8373,3640,198176,fd907750,119,1,119
8374,3640,198176,fd224227,87,1,87
8375,3641,28656,fd763193,487,1,487
8376,3642,193703,fd503867,164,1,164
8377,3642,193703,fd586680,148,1,148
8378,3642,193703,fd130375,68,1,68
8379,3643,119416,fd40527,167,1,167
8380,3644,515359,fd726244,108,1,108
8381,3644,515359,fd214738,96,1,96
8382,3645,372898,fd118171,119,1,119
8383,3645,372898,fd67780,276,1,276
8384,3646,26682,fd158818,354,1,354
8385,3647,285922,fd689924,125,1,125
8386,3647,285922,fd49766,166,2,332
8387,3647,285922,fd976000,85,2,170
8388,3647,285922,fd49766,166,1,166
8389,3648,573708,fd199675,435,1,435
8390,3648,573708,fd141030,247,1,247
8391,3648,573708,fd549047,295,1,295
8392,3649,465283,fd417141,470,1,470
8393,3649,465283,fd357894,463,1,463
8394,3650,429402,fd661147,63,1,63
8395,3650,429402,fd661147,63,2,126
8396,3651,334669,fd984547,134,1,134
8397,3652,177704,fd172612,285,2,570
8398,3652,177704,fd172612,285,1,285
8399,3652,177704,fd647509,270,1,270
8400,3653,568170,fd312941,302,2,604
8401,3653,568170,fd95945,276,1,276
8402,3654,322494,fd456599,173,1,173
8403,3655,32139,fd815496,282,1,282
8404,3656,402822,fd898056,220,3,660
8405,3656,402822,fd673959,222,1,222
8406,3656,402822,fd9644,320,1,320
8407,3657,340377,fd141924,351,1,351
8408,3657,340377,fd295790,311,1,311
8409,3657,340377,fd855310,242,1,242
8410,3657,340377,fd242991,172,1,172
8411,3658,24985,fd528895,235,2,470
8412,3658,24985,fd970832,269,1,269
8413,3658,24985,fd919120,180,1,180
8414,3659,124718,fd570799,90,1,90
8415,3660,382250,fd834267,200,2,400
8416,3660,382250,fd34123,99,1,99
8417,3661,511392,fd512089,266,2,532
8418,3662,464907,fd396232,66,1,66
8419,3663,195311,fd917162,45,1,45
8420,3663,195311,fd917162,45,2,90
8421,3663,195311,fd37292,60,1,60
8422,3664,49822,fd50179,118,1,118
8423,3664,49822,fd50179,118,2,236
8424,3664,49822,fd146530,74,1,74
8425,3664,49822,fd394856,135,1,135
8426,3665,295764,fd453271,160,1,160
8427,3665,295764,fd453274,100,2,200
8428,3665,295764,fd449642,190,1,190
8429,3665,295764,fd4198,90,1,90
8430,3666,159049,fd962134,162,1,162
8431,3666,159049,fd891537,191,1,191
8432,3666,159049,fd108397,189,1,189
8433,3666,159049,fd440101,89,1,89
8434,3667,442098,fd135081,104,1,104
8435,3667,442098,fd787270,190,1,190
8436,3667,442098,fd68648,231,2,462
8437,3667,442098,fd358506,149,1,149
8438,3668,450481,fd482698,139,1,139
8439,3668,450481,fd725217,113,1,113
8440,3669,52262,fd247483,332,1,332
8441,3669,52262,fd466898,497,2,994
8442,3670,54746,fd458922,126,1,126
8443,3670,54746,fd352854,238,1,238
8444,3671,67427,fd973,171,1,171
8445,3671,67427,fd973,171,1,171
8446,3672,406202,fd327084,178,3,534
8447,3672,406202,fd853374,192,1,192
8448,3672,406202,fd738306,248,1,248
8449,3672,406202,fd327084,178,1,178
8450,3672,406202,fd853374,192,1,192
8451,3673,438132,fd580017,117,1,117
8452,3674,167640,fd674951,137,1,137
8453,3675,138584,fd586420,106,2,212
8454,3676,456799,fd79467,121,2,242
8455,3676,456799,fd670130,115,1,115
8456,3677,480893,fd858061,114,1,114
8457,3677,480893,fd858061,114,1,114
8458,3677,480893,fd391355,106,3,318
8459,3678,152774,fd814463,695,1,695
8460,3678,152774,fd814445,1595,1,1595
8461,3678,152774,fd814425,569,1,569
8462,3679,361335,fd575308,194,1,194
8463,3679,361335,fd1024348,64,2,128
8464,3680,79952,fd423163,57,1,57
8465,3681,69173,fd982863,210,1,210
8466,3682,327909,fd1046916,129,1,129
8467,3682,327909,fd108333,213,1,213
8468,3683,359202,fd345582,168,1,168
8469,3684,518301,fd986537,261,1,261
8470,3684,518301,fd306639,320,1,320
8471,3684,518301,fd94674,265,1,265
8472,3685,458954,fd595581,123,1,123
8473,3685,458954,fd595581,123,1,123
8474,3686,487249,fd964460,181,1,181
8475,3686,487249,fd939126,247,1,247
8476,3687,577427,fd323898,176,2,352
8477,3687,577427,fd880235,165,1,165
8478,3687,577427,fd323898,176,1,176
8479,3688,290181,fd135658,191,1,191
8480,3688,290181,fd135658,191,1,191
8481,3689,74879,fd88498,332,1,332
8482,3690,441836,fd757442,98,3,294
8483,3690,441836,fd4958,89,1,89
8484,3690,441836,fd111629,269,2,538
8485,3691,247269,fd355298,118,2,236
8486,3691,247269,fd329239,92,1,92
8487,3691,247269,fd355298,118,1,118
8488,3692,6387,fd14283,246,1,246
8489,3692,6387,fd864308,217,1,217
8490,3693,534495,fd946285,29,1,29
8491,3693,534495,fd946285,29,1,29
8492,3694,184996,fd208512,256,2,512
8493,3695,404381,fd259836,98,2,196
8494,3695,404381,fd46889,142,1,142
8495,3695,404381,fd675856,230,1,230
8496,3695,404381,fd1001018,166,1,166
8497,3695,404381,fd193466,156,1,156
8498,3696,19496,fd402739,167,1,167
8499,3697,215480,fd713478,329,1,329
8500,3697,215480,fd131292,273,1,273
8501,3698,64982,fd727374,204,1,204
8502,3699,454400,fd859077,362,1,362
8503,3699,454400,fd797378,131,1,131
8504,3700,381867,fd783934,334,1,334
8505,3701,96719,fd18201,110,1,110
8506,3701,96719,fd228862,85,1,85
8507,3702,10275,fd622063,412,2,824
8508,3702,10275,fd948744,292,1,292
8509,3703,552282,fd135114,189,2,378
8510,3703,552282,fd464421,101,1,101
8511,3704,224064,fd896024,171,2,342
8512,3705,264196,fd74044,212,1,212
8513,3705,264196,fd214707,102,1,102
8514,3705,264196,fd1036838,161,1,161
8515,3705,264196,fd1036838,161,1,161
8516,3706,6907,fd834754,229,1,229
8517,3706,6907,fd17646,145,1,145
8518,3706,6907,fd834726,189,1,189
8519,3707,474137,fd730922,76,1,76
8520,3707,474137,fd171325,94,1,94
8521,3708,118408,fd43984,85,2,170
8522,3709,442182,fd83666,116,1,116
8523,3709,442182,fd819392,122,3,366
8524,3709,442182,fd518218,88,1,88
8525,3710,121552,fd331638,92,1,92
8526,3711,423814,fd964915,208,1,208
8527,3712,1469,fd202392,117,1,117
8528,3713,42620,fd394028,27,1,27
8529,3714,232513,fd10745,315,1,315
8530,3714,232513,fd887783,295,2,590
8531,3715,564203,fd202546,133,1,133
8532,3716,205409,fd419663,203,1,203
8533,3716,205409,fd48805,217,1,217
8534,3716,205409,fd618337,84,1,84
8535,3717,458035,fd250229,126,1,126
8536,3717,458035,fd810954,124,1,124
8537,3717,458035,fd774729,138,1,138
8538,3718,496569,fd896085,35,1,35
8539,3719,376532,fd60784,180,1,180
8540,3719,376532,fd60775,100,1,100
8541,3719,376532,fd47270,80,1,80
8542,3720,24204,fd109902,222,3,666
8543,3720,24204,fd879197,269,1,269
8544,3721,30588,fd221328,135,1,135
8545,3721,30588,fd228039,120,3,360
8546,3722,324085,fd189951,219,1,219
8547,3723,7427,fd807565,115,1,115
8548,3723,7427,fd235019,168,1,168
8549,3723,7427,fd442363,134,1,134
8550,3723,7427,fd450192,104,1,104
8551,3724,42948,fd844450,218,1,218
8552,3724,42948,fd298822,313,1,313
8553,3724,42948,fd881188,328,1,328
8554,3725,134998,fd683014,66,1,66
8555,3726,394347,fd83755,280,1,280
8556,3727,468366,fd109453,193,1,193
8557,3727,468366,fd108829,161,1,161
8558,3727,468366,fd792162,99,1,99
8559,3727,468366,fd335640,126,1,126
8560,3728,71037,fd596198,150,1,150
8561,3728,71037,fd10486,174,2,348
8562,3728,71037,fd10486,174,1,174
8563,3728,71037,fd81277,121,2,242
8564,3728,71037,fd403503,110,1,110
8565,3728,71037,fd806348,113,1,113
8566,3729,335104,fd857431,198,1,198
8567,3729,335104,fd489031,304,1,304
8568,3729,335104,fd159272,150,1,150
8569,3729,335104,fd91733,139,2,278
8570,3730,497994,fd547128,210,1,210
8571,3730,497994,fd1962,98,3,294
8572,3731,437931,fd860954,259,2,518
8573,3731,437931,fd862901,158,1,158
8574,3732,158376,fd755673,194,1,194
8575,3732,158376,fd31288,144,1,144
8576,3733,377316,fd732527,141,1,141
8577,3734,46431,fd421179,200,3,600
8578,3734,46431,fd63106,170,1,170
8579,3735,142138,fd255,125,2,250
8580,3736,386863,fd78965,86,1,86
8581,3736,386863,fd173174,84,1,84
8582,3736,386863,fd1047057,166,1,166
8583,3737,45469,fd561567,173,1,173
8584,3737,45469,fd132535,262,1,262
8585,3738,463009,fd59898,147,1,147
8586,3739,569813,fd438449,541,1,541
8587,3739,569813,fd136970,418,1,418
8588,3739,569813,fd975663,594,1,594
8589,3739,569813,fd438449,541,1,541
8590,3740,556621,fd697114,213,2,426
8591,3740,556621,fd821381,249,1,249
8592,3741,247330,fd223343,116,1,116
8593,3741,247330,fd160532,90,1,90
8594,3742,512963,fd806870,98,2,196
8595,3742,512963,fd900401,63,1,63
8596,3742,512963,fd123584,43,1,43
8597,3743,395071,fd332941,185,2,370
8598,3743,395071,fd145230,89,1,89
8599,3743,395071,fd352783,94,1,94
8600,3744,477974,fd604274,130,1,130
8601,3744,477974,fd448511,70,1,70
8602,3744,477974,fd29500,51,1,51
8603,3745,283745,fd781695,103,2,206
8604,3746,159379,fd817895,99,1,99
8605,3746,159379,fd918416,73,2,146
8606,3746,159379,fd817895,99,2,198
8607,3746,159379,fd214715,158,1,158
8608,3746,159379,fd444120,143,1,143
8609,3746,159379,fd245888,117,1,117
8610,3747,120920,fd491336,77,1,77
8611,3748,422681,fd968189,79,1,79
8612,3748,422681,fd61418,154,1,154
8613,3748,422681,fd968189,79,1,79
8614,3749,93561,fd273361,174,1,174
8615,3749,93561,fd440375,134,1,134
8616,3749,93561,fd273361,174,1,174
8617,3749,93561,fd273361,174,1,174
8618,3750,296905,fd635693,97,1,97
8619,3751,58425,fd18370,160,1,160
8620,3751,58425,fd225519,200,2,400
8621,3751,58425,fd186437,200,1,200
8622,3751,58425,fd2731,170,1,170
8623,3752,210039,fd474399,209,1,209
8624,3752,210039,fd374774,248,1,248
8625,3753,175043,fd776174,400,1,400
8626,3753,175043,fd972057,308,1,308
8627,3753,175043,fd582070,334,2,668
8628,3753,175043,fd185459,453,1,453
8629,3754,391145,fd58247,110,1,110
8630,3755,103737,fd328345,131,1,131
8631,3756,98998,fd662104,185,1,185
8632,3756,98998,fd662104,185,3,555
8633,3756,98998,fd588604,183,1,183
8634,3756,98998,fd911019,221,1,221
8635,3757,88694,fd748718,266,1,266
8636,3757,88694,fd140042,158,1,158
8637,3757,88694,fd748718,266,1,266
8638,3758,534838,fd696462,182,1,182
8639,3758,534838,fd1018113,111,1,111
8640,3759,464876,fd183627,320,1,320
8641,3760,2530,fd81744,179,1,179
8642,3761,410351,fd702674,59,1,59
8643,3761,410351,fd205320,85,1,85
8644,3761,410351,fd299013,173,1,173
8645,3762,109118,fd457303,187,1,187
8646,3762,109118,fd100776,156,1,156
8647,3762,109118,fd457303,187,1,187
8648,3763,576542,fd278676,180,1,180
8649,3763,576542,fd471274,300,1,300
8650,3763,576542,fd1037266,412,3,1236
8651,3763,576542,fd295255,419,1,419
8652,3764,68554,fd932246,246,2,492
8653,3764,68554,fd299799,212,1,212
8654,3765,217809,fd734481,260,1,260
8655,3766,411262,fd148700,336,2,672
8656,3766,411262,fd456741,199,1,199
8657,3766,411262,fd456741,199,1,199
8658,3767,441890,fd419232,134,1,134
8659,3767,441890,fd915942,50,1,50
8660,3768,4599,fd76813,256,1,256
8661,3768,4599,fd557367,417,2,834
8662,3769,409648,fd187141,147,1,147
8663,3769,409648,fd1029537,83,1,83
8664,3769,409648,fd299007,62,1,62
8665,3769,409648,fd1029537,83,1,83
8666,3770,324733,fd325906,343,1,343
8667,3770,324733,fd51529,326,1,326
8668,3770,324733,fd278844,215,1,215
8669,3771,445148,fd147803,218,2,436
8670,3771,445148,fd452417,164,1,164
8671,3771,445148,fd19614,201,3,603
8672,3771,445148,fd104938,337,1,337
8673,3771,445148,fd26407,130,1,130
8674,3772,268064,fd71729,136,1,136
8675,3772,268064,fd329284,94,3,282
8676,3772,268064,fd712526,249,1,249
8677,3773,12458,fd452581,717,1,717
8678,3773,12458,fd1045828,640,1,640
8679,3774,161748,fd562001,128,1,128
8680,3774,161748,fd870875,262,1,262
8681,3775,293873,fd285737,103,1,103
8682,3775,293873,fd732085,302,1,302
8683,3775,293873,fd717325,302,2,604
8684,3775,293873,fd867290,266,1,266
8685,3776,157035,fd87416,90,1,90
8686,3776,157035,fd87416,90,1,90
8687,3777,521624,fd292805,93,2,186
8688,3777,521624,fd10823,180,1,180
8689,3778,311092,fd750505,130,1,130
8690,3778,311092,fd750505,130,2,260
8691,3778,311092,fd774901,104,2,208
8692,3779,412246,fd934807,131,1,131
8693,3780,368096,fd40065,187,1,187
8694,3780,368096,fd296938,283,2,566
8695,3781,368396,fd1003370,310,1,310
8696,3782,58913,fd460915,280,1,280
8697,3783,290184,fd169306,168,2,336
8698,3784,299110,fd72263,79,1,79
8699,3785,200638,fd879278,130,1,130
8700,3785,200638,fd879278,130,1,130
8701,3785,200638,fd864258,131,2,262
8702,3785,200638,fd193428,118,1,118
8703,3786,65133,fd695792,52,1,52
8704,3786,65133,fd695792,52,1,52
8705,3787,89185,fd4036,240,2,480
8706,3788,251099,fd476465,121,2,242
8707,3788,251099,fd186860,106,1,106
8708,3788,251099,fd581020,96,1,96
8709,3788,251099,fd116694,63,1,63
8710,3789,521870,fd532010,150,2,300
8711,3790,28164,fd899872,292,1,292
8712,3790,28164,fd1011647,395,1,395
8713,3791,198699,fd1005088,135,1,135
8714,3791,198699,fd1004378,91,1,91
8715,3792,403357,fd123348,241,1,241
8716,3792,403357,fd660244,191,1,191
8717,3792,403357,fd383489,100,1,100
8718,3792,403357,fd358703,150,1,150
8719,3793,563186,fd919105,25,1,25
8720,3793,563186,fd81718,68,1,68
8721,3794,430653,fd564708,236,1,236
8722,3795,146963,fd186392,65,2,130
8723,3795,146963,fd186386,60,2,120
8724,3795,146963,fd102795,70,1,70
8725,3795,146963,fd21917,40,1,40
8726,3796,488426,fd332543,144,1,144
8727,3796,488426,fd620089,223,1,223
8728,3796,488426,fd742701,109,1,109
8729,3797,493372,fd845789,152,1,152
8730,3798,248758,fd805124,27,1,27
8731,3798,248758,fd603942,55,1,55
8732,3798,248758,fd136283,73,1,73
8733,3799,332284,fd123072,110,1,110
8734,3800,126984,fd831320,122,1,122
8735,3800,126984,fd180859,198,2,396
8736,3801,37963,fd475888,89,1,89
8737,3801,37963,fd606560,185,1,185
8738,3802,2250,fd514887,402,1,402
8739,3802,2250,fd452755,364,1,364
8740,3803,520951,fd155030,183,1,183
8741,3803,520951,fd155030,183,1,183
8742,3804,14084,fd269842,78,1,78
8743,3804,14084,fd582922,35,1,35
8744,3805,249548,fd580532,51,1,51
8745,3806,94847,fd997367,102,1,102
8746,3807,123447,fd641558,179,1,179
8747,3807,123447,fd896102,122,1,122
8748,3808,432976,fd3419,243,1,243
8749,3809,94871,fd7758,135,1,135
8750,3809,94871,fd7758,135,1,135
8751,3809,94871,fd97382,121,1,121
8752,3810,407362,fd908708,50,1,50
8753,3810,407362,fd908723,70,1,70
8754,3811,530613,fd572592,141,3,423
8755,3812,28487,fd878232,200,1,200
8756,3812,28487,fd668929,126,1,126
8757,3812,28487,fd878232,200,1,200
8758,3812,28487,fd878232,200,1,200
8759,3812,28487,fd352677,161,1,161
8760,3812,28487,fd516911,116,1,116
8761,3813,444564,fd181660,206,2,412
8762,3813,444564,fd210784,139,2,278
8763,3813,444564,fd210784,139,3,417
8764,3814,360014,fd113063,344,1,344
8765,3814,360014,fd468960,254,1,254
8766,3815,120060,fd911622,226,1,226
8767,3815,120060,fd683586,96,1,96
8768,3815,120060,fd683586,96,1,96
8769,3816,419561,fd726212,274,1,274
8770,3816,419561,fd768687,314,1,314
8771,3816,419561,fd173064,200,1,200
8772,3816,419561,fd719450,266,1,266
8773,3817,534016,fd47253,264,1,264
8774,3817,534016,fd47253,264,2,528
8775,3817,534016,fd323665,221,2,442
8776,3817,534016,fd10505,182,1,182
8777,3818,424221,fd721552,109,1,109
8778,3818,424221,fd721552,109,1,109
8779,3818,424221,fd721552,109,3,327
8780,3818,424221,fd640250,220,1,220
8781,3818,424221,fd1043722,193,1,193
8782,3818,424221,fd1043722,193,1,193
8783,3819,489969,fd907062,120,2,240
8784,3820,175876,fd248706,45,2,90
8785,3820,175876,fd206518,84,1,84
8786,3820,175876,fd132624,61,1,61
8787,3820,175876,fd840167,50,2,100
8788,3820,175876,fd840167,50,1,50
8789,3820,175876,fd248706,45,1,45
8790,3821,19346,fd175803,335,1,335
8791,3821,19346,fd824064,231,1,231
8792,3821,19346,fd824064,231,1,231
8793,3822,94773,fd902941,78,1,78
8794,3823,156094,fd641938,260,1,260
8795,3823,156094,fd488922,346,3,1038
8796,3823,156094,fd36183,224,1,224
8797,3824,34512,fd270754,326,1,326
8798,3824,34512,fd916447,184,2,368
8799,3825,380288,fd1021036,86,2,172
8800,3825,380288,fd193999,63,1,63
8801,3825,380288,fd221938,39,1,39
8802,3825,380288,fd551772,64,1,64
8803,3825,380288,fd422518,101,1,101
8804,3826,258653,fd332975,34,1,34
8805,3827,70650,fd367895,182,1,182
8806,3828,323816,fd42933,109,2,218
8807,3828,323816,fd678970,198,1,198
8808,3829,523532,fd889050,78,1,78
8809,3829,523532,fd902527,89,1,89
8810,3829,523532,fd166874,40,2,80
8811,3830,122443,fd640363,126,1,126
8812,3830,122443,fd513392,157,1,157
8813,3830,122443,fd19894,140,1,140
8814,3830,122443,fd453923,92,1,92
8815,3831,538452,fd834409,137,1,137
8816,3831,538452,fd86492,104,1,104
8817,3832,512561,fd293618,107,1,107
8818,3832,512561,fd548955,75,2,150
8819,3832,512561,fd381469,155,1,155
8820,3832,512561,fd18501,118,1,118
8821,3833,32729,fd397164,72,1,72
8822,3833,32729,fd633404,46,1,46
8823,3834,56276,fd752789,157,1,157
8824,3834,56276,fd752789,157,1,157
8825,3835,349136,fd858774,347,2,694
8826,3836,543867,fd126574,108,1,108
8827,3836,543867,fd294768,153,2,306
8828,3836,543867,fd1018800,244,1,244
8829,3836,543867,fd153251,250,1,250
8830,3836,543867,fd294768,153,1,153
8831,3837,425016,fd750956,217,1,217
8832,3837,425016,fd647500,83,1,83
8833,3837,425016,fd647500,83,1,83
8834,3837,425016,fd8906,83,1,83
8835,3837,425016,fd750956,217,1,217
8836,3838,127697,fd298713,66,1,66
8837,3839,143728,fd661200,233,1,233
8838,3839,143728,fd99031,423,1,423
8839,3840,32064,fd442662,136,1,136
8840,3840,32064,fd309556,297,1,297
8841,3840,32064,fd309556,297,1,297
8842,3840,32064,fd224628,170,1,170
8843,3841,492745,fd249934,203,1,203
8844,3841,492745,fd608995,97,1,97
8845,3841,492745,fd608995,97,1,97
8846,3842,259176,fd1018380,199,1,199
8847,3842,259176,fd735773,176,1,176
8848,3842,259176,fd622539,72,1,72
8849,3843,147161,fd122442,260,2,520
8850,3843,147161,fd122442,260,1,260
8851,3843,147161,fd1012023,175,2,350
8852,3843,147161,fd738670,254,1,254
8853,3844,373264,fd2483,79,3,237
8854,3844,373264,fd154916,189,1,189
8855,3844,373264,fd330490,68,2,136
8856,3845,260932,fd299545,231,1,231
8857,3846,345855,fd27008,210,1,210
8858,3846,345855,fd634836,390,1,390
8859,3847,492452,fd253391,129,3,387
8860,3847,492452,fd134210,78,1,78
8861,3848,495228,fd617870,257,1,257
8862,3849,446849,fd880988,173,1,173
8863,3849,446849,fd548411,237,1,237
8864,3849,446849,fd175517,126,1,126
8865,3849,446849,fd548411,237,2,474
8866,3849,446849,fd175517,126,1,126
8867,3849,446849,fd738585,243,1,243
8868,3850,559438,fd119324,79,1,79
8869,3850,559438,fd274911,187,1,187
8870,3850,559438,fd274911,187,1,187
8871,3850,559438,fd488968,122,1,122
8872,3851,98070,fd444419,154,1,154
8873,3851,98070,fd347954,186,1,186
8874,3851,98070,fd259336,197,1,197
8875,3852,86443,fd1022928,85,1,85
8876,3852,86443,fd496656,32,1,32
8877,3853,259777,fd748735,78,1,78
8878,3853,259777,fd903547,99,1,99
8879,3854,141984,fd74658,245,1,245
8880,3854,141984,fd692536,250,1,250
8881,3854,141984,fd181707,134,1,134
8882,3854,141984,fd606950,141,1,141
8883,3854,141984,fd469009,204,1,204
8884,3855,163404,fd294251,129,1,129
8885,3855,163404,fd537655,126,1,126
8886,3856,379631,fd538995,66,1,66
8887,3857,29926,fd15187,147,1,147
8888,3858,43742,fd579263,326,1,326
8889,3858,43742,fd830022,141,1,141
8890,3858,43742,fd102322,325,2,650
8891,3858,43742,fd879576,130,1,130
8892,3858,43742,fd813703,186,2,372
8893,3859,333534,fd456182,144,1,144
8894,3860,228704,fd349008,320,1,320
8895,3860,228704,fd659985,409,1,409
8896,3860,228704,fd659985,409,1,409
8897,3861,93009,fd137852,244,1,244
8898,3861,93009,fd99328,258,1,258
8899,3861,93009,fd439314,316,1,316
8900,3861,93009,fd439314,316,1,316
8901,3862,374800,fd891346,122,1,122
8902,3862,374800,fd865962,121,2,242
8903,3862,374800,fd709999,59,1,59
8904,3862,374800,fd865962,121,1,121
8905,3863,263287,fd390807,98,1,98
8906,3863,263287,fd790900,169,1,169
8907,3863,263287,fd390807,98,1,98
8908,3863,263287,fd687580,101,1,101
8909,3864,130283,fd409002,111,1,111
8910,3865,536272,fd874180,102,2,204
8911,3865,536272,fd185776,145,1,145
8912,3865,536272,fd288106,180,1,180
8913,3865,536272,fd573978,121,2,242
8914,3866,247152,fd92729,359,1,359
8915,3867,315883,fd348780,81,2,162
8916,3868,202488,fd903808,170,2,340
8917,3869,518956,fd780877,437,1,437
8918,3870,91385,fd272414,222,1,222
8919,3870,91385,fd64389,81,1,81
8920,3871,44277,fd342868,173,2,346
8921,3872,514464,fd529513,89,1,89
8922,3873,1488,fd713698,149,1,149
8923,3874,410098,fd192592,81,1,81
8924,3874,410098,fd540085,52,1,52
8925,3875,554901,fd136312,621,1,621
8926,3875,554901,fd24805,425,1,425
8927,3876,204335,fd273700,116,2,232
8928,3876,204335,fd217577,69,1,69
8929,3877,103040,fd373455,92,1,92
8930,3878,31808,fd336989,282,2,564
8931,3878,31808,fd96844,339,1,339
8932,3878,31808,fd593828,204,1,204
8933,3879,510257,fd238634,63,1,63
8934,3880,192132,fd541439,170,1,170
8935,3880,192132,fd570772,216,1,216
8936,3880,192132,fd541439,170,1,170
8937,3881,62509,fd146945,180,1,180
8938,3882,303628,fd253848,313,3,939
8939,3882,303628,fd79757,180,1,180
8940,3883,109803,fd278149,243,1,243
8941,3883,109803,fd258718,267,1,267
8942,3883,109803,fd258718,267,3,801
8943,3883,109803,fd948705,326,1,326
8944,3884,26212,fd939447,267,2,534
8945,3884,26212,fd931748,92,1,92
8946,3885,479822,fd793865,136,3,408
8947,3885,479822,fd745863,51,2,102
8948,3886,501139,fd575802,74,3,222
8949,3886,501139,fd234770,118,1,118
8950,3886,501139,fd153363,94,1,94
8951,3886,501139,fd363367,145,1,145
8952,3886,501139,fd575802,74,1,74
8953,3887,565472,fd429072,339,1,339
8954,3887,565472,fd2346,280,1,280
8955,3888,65501,fd847133,153,1,153
8956,3888,65501,fd290214,198,3,594
8957,3889,478227,fd73733,35,1,35
8958,3889,478227,fd820146,24,1,24
8959,3890,14987,fd17139,295,1,295
8960,3890,14987,fd170758,218,1,218
8961,3891,521938,fd312367,240,1,240
8962,3891,521938,fd819189,229,1,229
8963,3891,521938,fd132014,216,2,432
8964,3891,521938,fd819189,229,1,229
8965,3892,494572,fd673951,148,1,148
8966,3892,494572,fd745392,178,1,178
8967,3893,234846,fd219555,70,1,70
8968,3894,419832,fd770714,199,2,398
8969,3895,501572,fd353480,85,1,85
8970,3896,49122,fd348116,84,1,84
8971,3896,49122,fd848484,129,1,129
8972,3897,450017,fd654821,181,2,362
8973,3897,450017,fd285135,237,2,474
8974,3898,219059,fd916191,34,1,34
8975,3898,219059,fd165512,61,1,61
8976,3899,353383,fd641870,97,1,97
8977,3899,353383,fd932514,59,1,59
8978,3899,353383,fd145863,117,1,117
8979,3900,63667,fd712889,230,1,230
8980,3900,63667,fd558403,75,2,150
8981,3900,63667,fd558403,75,2,150
8982,3900,63667,fd558403,75,2,150
8983,3901,55762,fd351585,298,1,298
8984,3901,55762,fd659843,336,1,336
8985,3901,55762,fd160740,247,2,494
8986,3901,55762,fd274412,234,1,234
8987,3901,55762,fd160740,247,1,247
8988,3901,55762,fd2098,172,1,172
8989,3902,429870,fd634216,24,2,48
8990,3902,429870,fd865108,38,2,76
8991,3903,201379,fd51295,166,1,166
8992,3904,126369,fd193805,71,2,142
8993,3904,126369,fd199516,135,1,135
8994,3904,126369,fd51656,67,1,67
8995,3905,20222,fd800932,186,1,186
8996,3905,20222,fd952757,343,1,343
8997,3906,329822,fd585129,120,2,240
8998,3907,291150,fd763332,275,2,550
8999,3907,291150,fd515826,182,2,364
9000,3908,313040,fd121398,43,1,43
9001,3908,313040,fd147017,119,1,119
9002,3908,313040,fd121398,43,1,43
9003,3908,313040,fd299060,65,1,65
9004,3908,313040,fd798642,114,2,228
9005,3909,456769,fd465420,136,1,136
9006,3909,456769,fd762567,173,1,173
9007,3909,456769,fd471109,112,1,112
9008,3909,456769,fd185484,137,1,137
9009,3910,378292,fd859970,176,1,176
9010,3910,378292,fd671970,189,1,189
9011,3911,397756,fd1005297,60,1,60
9012,3911,397756,fd1005285,390,1,390
9013,3911,397756,fd1005288,255,1,255
9014,3912,419422,fd245104,144,1,144
9015,3912,419422,fd835694,202,1,202
9016,3913,154015,fd889692,242,1,242
9017,3913,154015,fd832663,163,2,326
9018,3914,428246,fd404416,77,1,77
9019,3914,428246,fd636252,149,3,447
9020,3915,465896,fd367141,77,1,77
9021,3916,410958,fd114638,79,1,79
9022,3916,410958,fd522344,122,1,122
9023,3916,410958,fd842856,83,1,83
9024,3917,24986,fd679765,164,2,328
9025,3917,24986,fd679765,164,1,164
9026,3917,24986,fd852448,208,2,416
9027,3917,24986,fd373429,196,2,392
9028,3918,542935,fd868775,319,1,319
9029,3919,427463,fd30809,119,1,119
9030,3919,427463,fd767622,62,1,62
9031,3920,377939,fd596301,111,1,111
9032,3921,37512,fd423856,123,1,123
9033,3922,212504,fd670093,180,1,180
9034,3922,212504,fd227893,267,1,267
9035,3923,54604,fd40141,113,1,113
9036,3923,54604,fd852317,235,1,235
9037,3923,54604,fd676992,352,1,352
9038,3924,477959,fd498665,28,1,28
9039,3925,341279,fd263850,74,1,74
9040,3926,92555,fd320804,355,1,355
9041,3927,530831,fd228193,71,1,71
9042,3927,530831,fd568061,63,1,63
9043,3927,530831,fd767498,103,1,103
9044,3927,530831,fd475327,175,1,175
9045,3928,223759,fd60783,77,1,77
9046,3928,223759,fd181127,71,1,71
9047,3928,223759,fd60783,77,1,77
9048,3929,241296,fd293200,370,2,740
9049,3929,241296,fd234095,381,1,381
9050,3930,373962,fd103932,65,2,130
9051,3930,373962,fd1028695,66,2,132
9052,3930,373962,fd472978,94,1,94
9053,3931,93039,fd632983,156,1,156
9054,3931,93039,fd632983,156,1,156
9055,3931,93039,fd418888,136,1,136
9056,3932,298886,fd167825,120,1,120
9057,3933,156241,fd334971,91,1,91
9058,3933,156241,fd334971,91,1,91
9059,3934,390800,fd466077,125,1,125
9060,3934,390800,fd466077,125,1,125
9061,3935,384435,fd732753,130,1,130
9062,3935,384435,fd581629,267,1,267
9063,3936,409714,fd463326,107,2,214
9064,3937,555100,fd373004,296,2,592
9065,3937,555100,fd792661,189,2,378
9066,3938,389776,fd960430,30,1,30
9067,3939,543226,fd858885,180,1,180
9068,3939,543226,fd17181,82,1,82
9069,3940,12693,fd530950,56,1,56
9070,3940,12693,fd1042764,87,2,174
9071,3940,12693,fd36112,77,1,77
9072,3941,566353,fd567936,207,1,207
9073,3942,413035,fd435597,97,1,97
9074,3943,85333,fd541988,260,1,260
9075,3943,85333,fd900531,345,1,345
9076,3943,85333,fd680797,117,1,117
9077,3944,491521,fd612667,177,1,177
9078,3944,491521,fd183210,292,1,292
9079,3945,83839,fd884231,293,2,586
9080,3946,496801,fd599164,48,1,48
9081,3946,496801,fd635404,56,1,56
9082,3947,493901,fd809371,221,2,442
9083,3948,578092,fd919195,138,1,138
9084,3949,76397,fd5790,285,1,285
9085,3949,76397,fd111894,19,1,19
9086,3950,242443,fd47235,149,1,149
9087,3950,242443,fd996914,119,1,119
9088,3951,371878,fd943202,62,1,62
9089,3951,371878,fd943202,62,1,62
9090,3952,393513,fd57410,152,3,456
9091,3953,491351,fd339064,68,1,68
9092,3953,491351,fd191271,105,3,315
9093,3953,491351,fd339064,68,1,68
9094,3953,491351,fd339064,68,2,136
9095,3954,486339,fd222393,165,1,165
9096,3954,486339,fd898201,156,1,156
9097,3954,486339,fd341794,121,1,121
9098,3954,486339,fd969125,182,1,182
9099,3955,230937,fd943732,82,1,82
9100,3956,514713,fd649883,250,3,750
9101,3956,514713,fd649883,250,1,250
9102,3956,514713,fd651879,270,1,270
9103,3957,184933,fd207968,183,3,549
9104,3958,451218,fd2015,154,1,154
9105,3958,451218,fd879523,76,1,76
9106,3958,451218,fd153111,167,1,167
9107,3959,120649,fd483317,77,1,77
9108,3960,215995,fd909917,153,1,153
9109,3960,215995,fd20344,212,1,212
9110,3961,119081,fd596891,89,1,89
9111,3961,119081,fd126676,136,1,136
9112,3961,119081,fd837929,66,1,66
9113,3961,119081,fd840274,143,1,143
9114,3961,119081,fd837929,66,1,66
9115,3962,290903,fd456943,142,1,142
9116,3963,288268,fd230104,50,2,100
9117,3963,288268,fd230104,50,1,50
9118,3964,456770,fd1001986,119,1,119
9119,3965,251182,fd208121,169,1,169
9120,3966,90554,fd920017,107,1,107
9121,3966,90554,fd74857,90,1,90
9122,3966,90554,fd74857,90,1,90
9123,3966,90554,fd548137,118,1,118
9124,3966,90554,fd896080,248,2,496
9125,3966,90554,fd990148,113,1,113
9126,3967,149118,fd605170,54,1,54
9127,3968,260485,fd761978,112,1,112
9128,3968,260485,fd836398,90,1,90
9129,3969,69715,fd671426,149,1,149
9130,3969,69715,fd343390,168,1,168
9131,3970,72057,fd949046,232,1,232
9132,3971,61681,fd27819,194,1,194
9133,3971,61681,fd52942,217,1,217
9134,3971,61681,fd615941,123,1,123
9135,3971,61681,fd887366,143,1,143
9136,3971,61681,fd615941,123,1,123
9137,3972,394548,fd612458,225,1,225
9138,3972,394548,fd36495,238,1,238
9139,3972,394548,fd54201,220,1,220
9140,3972,394548,fd36495,238,1,238
9141,3972,394548,fd840555,139,2,278
9142,3972,394548,fd840555,139,1,139
9143,3973,410285,fd195231,33,1,33
9144,3973,410285,fd589970,53,1,53
9145,3974,50798,fd202765,169,1,169
9146,3974,50798,fd127349,265,1,265
9147,3975,336677,fd837930,206,1,206
9148,3975,336677,fd868751,90,1,90
9149,3976,175101,fd818,90,1,90
9150,3976,175101,fd1210,70,2,140
9151,3976,175101,fd15313,150,1,150
9152,3976,175101,fd17712,180,1,180
9153,3977,405515,fd44914,350,1,350
9154,3978,281469,fd489987,307,1,307
9155,3978,281469,fd785316,394,1,394
9156,3978,281469,fd153954,282,1,282
9157,3978,281469,fd153954,282,1,282
9158,3978,281469,fd153954,282,1,282
9159,3979,19236,fd185096,279,1,279
9160,3979,19236,fd682655,205,1,205
9161,3979,19236,fd771794,206,1,206
9162,3979,19236,fd682655,205,1,205
9163,3980,110742,fd621081,226,1,226
9164,3981,459301,fd131921,162,1,162
9165,3982,52483,fd375078,326,1,326
9166,3982,52483,fd912036,173,1,173
9167,3982,52483,fd887540,265,1,265
9168,3983,328919,fd1036499,58,1,58
9169,3983,328919,fd559036,132,1,132
9170,3983,328919,fd660215,139,2,278
9171,3984,167503,fd923266,107,1,107
9172,3985,161891,fd454715,104,1,104
9173,3985,161891,fd873566,129,1,129
9174,3985,161891,fd113640,109,1,109
9175,3985,161891,fd517116,200,1,200
9176,3986,489751,fd88743,80,2,160
9177,3986,489751,fd714411,74,1,74
9178,3986,489751,fd714411,74,3,222
9179,3987,173094,fd78821,78,1,78
9180,3987,173094,fd316567,166,1,166
9181,3988,31278,fd364413,154,1,154
9182,3988,31278,fd60018,141,1,141
9183,3988,31278,fd892543,194,1,194
9184,3989,539744,fd463181,103,2,206
9185,3989,539744,fd992255,157,2,314
9186,3989,539744,fd992255,157,1,157
9187,3989,539744,fd377546,231,1,231
9188,3989,539744,fd746734,131,1,131
9189,3990,376930,fd671873,81,1,81
9190,3990,376930,fd158678,155,1,155
9191,3990,376930,fd132033,67,3,201
9192,3990,376930,fd129439,159,1,159
9193,3990,376930,fd443794,165,1,165
9194,3991,491846,fd1005906,98,3,294
9195,3992,246075,fd66681,30,1,30
9196,3992,246075,fd38081,40,1,40
9197,3993,557008,fd42880,185,1,185
9198,3994,487455,fd177366,243,1,243
9199,3995,361629,fd1015474,163,1,163
9200,3996,406707,fd983981,103,1,103
9201,3997,539001,fd798060,65,1,65
9202,3998,515308,fd32272,191,1,191
9203,3998,515308,fd117999,420,1,420
9204,3998,515308,fd678605,295,1,295
9205,3999,245959,fd7476,229,1,230
9206,3999,245959,fd7546,268,1,269
9207,4000,18857,fd425986,272,1,272
9208,4000,18857,fd318545,523,1,523
9209,4001,374725,fd118303,77,1,77
9210,4001,374725,fd349822,165,2,330
9211,4002,87113,fd113028,121,2,242
9212,4003,228207,fd908825,57,3,171
9213,4004,253983,fd237870,172,1,172
9214,4004,253983,fd522243,347,1,347
9215,4004,253983,fd522243,347,1,347
9216,4004,253983,fd444084,226,1,226
9217,4004,253983,fd522243,347,1,347
9218,4004,253983,fd522243,347,1,347
9219,4005,539560,fd492507,165,3,495
9220,4006,496652,fd724095,90,2,180
9221,4006,496652,fd864743,122,1,122
9222,4007,293768,fd936231,345,2,690
9223,4007,293768,fd26253,75,1,75
9224,4008,517127,fd104302,160,1,160
9225,4008,517127,fd1219,110,1,110
9226,4008,517127,fd125076,140,2,280
9227,4008,517127,fd104305,150,1,150
9228,4008,517127,fd98856,120,1,120
9229,4009,42944,fd548937,232,1,232
9230,4010,417201,fd675067,100,2,200
9231,4010,417201,fd994956,68,1,68
9232,4011,47132,fd267298,71,1,71
9233,4012,463941,fd38900,113,1,113
9234,4012,463941,fd543648,97,2,194
9235,4012,463941,fd889350,54,2,108
9236,4013,255188,fd78012,117,1,117
9237,4014,101512,fd73765,39,1,39
9238,4015,552594,fd112630,89,1,89
9239,4016,10578,fd532188,164,1,164
9240,4016,10578,fd749070,231,1,231
9241,4017,184242,fd64814,64,2,128
9242,4017,184242,fd318641,94,1,94
9243,4017,184242,fd64814,64,2,128
9244,4017,184242,fd966830,91,1,91
9245,4017,184242,fd844455,124,1,124
9246,4018,95191,fd178975,52,1,52
9247,4018,95191,fd146507,76,1,76
9248,4018,95191,fd362599,45,1,45
9249,4018,95191,fd769330,103,1,103
9250,4019,62939,fd1040173,115,1,115
9251,4020,57953,fd562231,120,1,120
9252,4020,57953,fd1016237,116,1,116
9253,4021,339604,fd589802,194,1,194
9254,4021,339604,fd516672,81,2,162
9255,4021,339604,fd824745,145,1,145
9256,4021,339604,fd518634,121,1,121
9257,4021,339604,fd219594,165,1,165
9258,4022,235681,fd137362,174,2,348
9259,4022,235681,fd202846,95,1,95
9260,4023,231683,fd719426,131,1,131
9261,4024,511428,fd728337,95,1,95
9262,4024,511428,fd930055,168,2,336
9263,4025,336316,fd320591,169,1,169
9264,4025,336316,fd209531,226,1,226
9265,4025,336316,fd901046,248,1,248
9266,4026,434936,fd170364,51,3,153
9267,4026,434936,fd739559,101,1,101
9268,4026,434936,fd981462,108,1,108
9269,4027,229635,fd920017,125,2,250
9270,4027,229635,fd685347,127,1,127
9271,4028,438020,fd4185,349,1,349
9272,4028,438020,fd47104,179,1,179
9273,4028,438020,fd918907,299,1,299
9274,4029,512646,fd53021,139,1,139
9275,4030,461197,fd987842,87,1,87
9276,4030,461197,fd771320,229,1,229
9277,4030,461197,fd724312,82,1,82
9278,4030,461197,fd613582,78,1,78
9279,4031,539015,fd881756,148,1,148
9280,4031,539015,fd881756,148,1,148
9281,4032,292776,fd984726,129,1,129
9282,4033,480234,fd815776,310,1,310
9283,4033,480234,fd485400,292,1,292
9284,4034,118207,fd72256,51,1,51
9285,4034,118207,fd976631,97,1,97
9286,4035,74263,fd615152,124,1,124
9287,4035,74263,fd436858,55,2,110
9288,4035,74263,fd134956,66,1,66
9289,4036,82502,fd421901,218,1,218
9290,4036,82502,fd878800,230,2,460
9291,4037,20058,fd151231,447,2,894
9292,4037,20058,fd169709,375,3,1125
9293,4038,560592,fd831691,204,3,612
9294,4038,560592,fd620117,152,1,152
9295,4039,499219,fd302668,129,2,258
9296,4040,541557,fd935210,141,2,282
9297,4040,541557,fd159484,73,1,73
9298,4040,541557,fd935210,141,1,141
9299,4040,541557,fd592363,175,1,175
9300,4041,75680,fd746604,110,1,110
9301,4042,380015,fd673543,136,1,136
9302,4042,380015,fd358687,165,1,165
9303,4042,380015,fd673543,136,1,136
9304,4042,380015,fd673543,136,1,136
9305,4042,380015,fd673543,136,1,136
9306,4042,380015,fd104452,148,1,148
9307,4043,288644,fd471403,116,1,116
9308,4043,288644,fd747683,222,1,222
9309,4043,288644,fd596748,207,1,207
9310,4044,122628,fd194796,99,1,99
9311,4045,417840,fd119252,153,1,153
9312,4045,417840,fd662815,177,3,531
9313,4046,470785,fd101648,34,1,34
9314,4046,470785,fd101648,34,3,102
9315,4046,470785,fd277037,38,1,38
9316,4047,101215,fd644148,349,1,349
9317,4048,39103,fd732217,129,1,129
9318,4049,39451,fd458125,351,1,351
9319,4050,473468,fd445258,268,1,268
9320,4050,473468,fd648776,151,1,151
9321,4051,446850,fd352836,88,1,88
9322,4051,446850,fd352836,88,1,88
9323,4052,245821,fd797518,102,1,102
9324,4052,245821,fd441012,227,1,227
9325,4052,245821,fd797518,102,1,102
9326,4052,245821,fd797518,102,1,102
9327,4052,245821,fd233452,117,1,117
9328,4053,210221,fd187176,30,1,30
9329,4053,210221,fd143125,75,1,75
9330,4054,71477,fd57524,153,1,153
9331,4055,278120,fd891918,115,3,345
9332,4055,278120,fd362639,117,1,117
9333,4056,394275,fd868610,223,2,446
9334,4057,78722,fd440102,380,1,380
9335,4057,78722,fd315992,1051,1,1051
9336,4058,446140,fd80171,185,1,185
9337,4058,446140,fd801984,210,1,210
9338,4059,66699,fd765838,179,1,179
9339,4060,64169,fd127204,58,1,58
9340,4061,298014,fd47229,93,1,93
9341,4061,298014,fd4726,85,2,170
9342,4061,298014,fd47864,75,1,75
9343,4062,249185,fd602513,133,1,133
9344,4062,249185,fd228057,66,1,66
9345,4063,376716,fd165273,107,1,107
9346,4063,376716,fd463494,126,1,126
9347,4063,376716,fd57324,83,1,83
9348,4064,107436,fd265044,112,1,112
9349,4065,503241,fd224239,212,1,212
9350,4066,421223,fd252818,84,1,84
9351,4067,233335,fd181634,92,3,276
9352,4067,233335,fd118210,42,1,42
9353,4067,233335,fd327638,60,1,60
9354,4067,233335,fd327638,60,1,60
9355,4067,233335,fd13623,63,1,63
9356,4068,394831,fd535966,125,1,125
9357,4068,394831,fd756030,129,1,129
9358,4068,394831,fd32492,127,1,127
9359,4068,394831,fd132652,78,1,78
9360,4069,209977,fd949577,132,1,132
9361,4069,209977,fd635955,137,1,137
9362,4070,531343,fd702929,137,1,137
9363,4070,531343,fd7174,183,1,183
9364,4070,531343,fd71773,145,1,145
9365,4071,369590,fd947774,144,1,144
9366,4072,544011,fd428846,311,3,933
9367,4073,447866,fd13068,170,2,340
9368,4074,290126,fd663431,65,1,65
9369,4074,290126,fd952637,52,1,52
9370,4075,34579,fd765031,162,1,162
9371,4075,34579,fd391433,334,1,334
9372,4076,483482,fd883514,230,1,230
9373,4077,261457,fd345588,214,1,214
9374,4077,261457,fd1025576,81,1,81
9375,4078,176284,fd586541,160,2,320
9376,4078,176284,fd810186,98,1,98
9377,4078,176284,fd849536,111,1,111
9378,4079,434537,fd660082,129,2,258
9379,4079,434537,fd369543,122,2,244
9380,4080,531072,fd499814,121,1,121
9381,4081,282058,fd480389,212,1,212
9382,4081,282058,fd65226,132,1,132
9383,4081,282058,fd287426,125,1,125
9384,4081,282058,fd643453,126,1,126
9385,4082,7129,fd516702,438,1,438
9386,4082,7129,fd96293,316,1,316
9387,4082,7129,fd516702,438,2,876
9388,4083,540622,fd133174,251,2,502
9389,4083,540622,fd253675,145,1,145
9390,4084,470253,fd743605,148,2,296
9391,4084,470253,fd763511,83,2,166
9392,4084,470253,fd23623,134,1,134
9393,4084,470253,fd442374,117,1,117
9394,4085,384927,fd54418,41,1,41
9395,4086,425837,fd707751,187,1,187
9396,4087,456942,fd122689,253,1,253
9397,4087,456942,fd117222,149,1,149
9398,4087,456942,fd117222,149,2,298
9399,4087,456942,fd102020,307,1,307
9400,4088,200759,fd801782,60,2,120
9401,4088,200759,fd156538,108,1,108
9402,4089,27767,fd80940,473,1,473
9403,4090,420326,fd476119,207,1,207
9404,4091,72350,fd45827,178,1,178
9405,4091,72350,fd45827,178,1,178
9406,4092,436640,fd583735,31,1,31
9407,4092,436640,fd699348,43,1,43
9408,4092,436640,fd171391,61,2,122
9409,4092,436640,fd798686,31,1,31
9410,4093,468390,fd92061,203,1,203
9411,4094,31774,fd249177,179,1,179
9412,4094,31774,fd157225,113,1,113
9413,4094,31774,fd157225,113,1,113
9414,4094,31774,fd249177,179,1,179
9415,4095,380915,fd142037,240,1,240
9416,4096,360777,fd229390,158,1,158
9417,4097,346857,fd339892,110,1,110
9418,4097,346857,fd47270,60,1,60
9419,4098,417196,fd164481,68,1,68
9420,4098,417196,fd994314,81,1,81
9421,4099,64273,fd1000422,91,1,91
9422,4100,273343,fd985952,46,1,46
9423,4100,273343,fd640452,47,1,47
9424,4100,273343,fd705340,77,1,77
9425,4101,224021,fd648624,257,1,257
9426,4101,224021,fd187929,193,1,193
9427,4101,224021,fd648624,257,1,257
9428,4102,549913,fd701864,169,1,169
9429,4102,549913,fd163871,193,1,193
9430,4103,136045,fd622091,174,2,348
9431,4103,136045,fd152299,116,1,116
9432,4104,387520,fd16831,133,1,133
9433,4104,387520,fd16831,133,1,133
9434,4104,387520,fd226038,161,1,161
9435,4104,387520,fd866933,270,1,270
9436,4104,387520,fd226038,161,1,161
9437,4104,387520,fd362909,216,1,216
9438,4105,518492,fd674208,73,1,73
9439,4105,518492,fd569085,223,1,223
9440,4105,518492,fd674208,73,1,73
9441,4105,518492,fd521663,124,1,124
9442,4105,518492,fd383641,104,1,104
9443,4105,518492,fd569085,223,1,223
9444,4106,235862,fd329817,134,1,134
9445,4106,235862,fd1009335,76,1,76
9446,4107,571100,fd194177,278,2,556
9447,4107,571100,fd794931,272,1,272
9448,4108,569249,fd106435,170,2,340
9449,4109,33625,fd417443,158,3,474
9450,4109,33625,fd794579,63,3,189
9451,4110,317701,fd279037,38,1,38
9452,4111,295581,fd48742,153,1,153
9453,4111,295581,fd851431,145,1,145
9454,4112,550103,fd724049,207,2,414
9455,4113,485660,fd341999,102,1,102
9456,4113,485660,fd690370,217,2,434
9457,4114,295056,fd798390,486,1,486
9458,4114,295056,fd798390,486,1,486
9459,4115,555726,fd973249,82,1,82
9460,4115,555726,fd133662,109,3,327
9461,4116,405316,fd318097,65,2,130
9462,4116,405316,fd466278,171,1,171
9463,4116,405316,fd411727,164,3,492
9464,4117,15867,fd193713,492,1,492
9465,4117,15867,fd129914,450,1,450
9466,4118,444886,fd150043,296,1,296
9467,4119,465108,fd975765,206,1,206
9468,4119,465108,fd622334,77,1,77
9469,4120,487316,fd875112,62,2,124
9470,4121,522247,fd966849,207,1,207
9471,4122,15692,fd379267,430,1,430
9472,4123,490291,fd766892,124,1,124
9473,4123,490291,fd322393,86,1,86
9474,4123,490291,fd322393,86,1,86
9475,4123,490291,fd369907,146,1,146
9476,4124,341528,fd453255,103,1,103
9477,4125,17465,fd561835,205,1,205
9478,4126,73723,fd380505,207,1,207
9479,4127,470857,fd751114,160,1,160
9480,4127,470857,fd747545,125,1,125
9481,4127,470857,fd747535,170,2,340
9482,4127,470857,fd139212,150,1,150
9483,4128,64001,fd857394,249,1,249
9484,4128,64001,fd884959,250,1,250
9485,4128,64001,fd120684,89,2,178
9486,4128,64001,fd756004,193,1,193
9487,4129,10141,fd264564,262,2,524
9488,4130,450017,fd293731,98,1,98
9489,4130,450017,fd262424,266,1,266
9490,4130,450017,fd293731,98,1,98
9491,4130,450017,fd261263,208,1,208
9492,4131,554850,fd73218,20,1,20
9493,4132,78108,fd265469,219,1,219
9494,4133,514269,fd221053,91,2,182
9495,4133,514269,fd49753,50,1,50
9496,4134,10710,fd915862,205,1,205
9497,4135,30996,fd80754,68,1,68
9498,4135,30996,fd503935,68,1,68
9499,4136,163414,fd153066,58,1,58
9500,4136,163414,fd153066,58,1,58
9501,4137,426413,fd463482,127,1,127
9502,4138,62068,fd404549,163,2,326
9503,4138,62068,fd384672,259,1,259
9504,4139,261206,fd446989,138,1,138
9505,4139,261206,fd361829,87,1,87
9506,4140,419633,fd100453,158,1,158
9507,4140,419633,fd986588,62,1,62
9508,4140,419633,fd823412,127,1,127
9509,4140,419633,fd100453,158,2,316
9510,4141,514341,fd44152,150,1,150
9511,4141,514341,fd529876,150,1,150
9512,4142,351873,fd118227,40,1,40
9513,4142,351873,fd671458,100,1,100
9514,4143,462758,fd479438,270,2,540
9515,4144,459985,fd805981,157,1,157
9516,4145,369495,fd124900,162,1,162
9517,4145,369495,fd900321,129,1,129
9518,4146,424857,fd621886,159,1,159
9519,4146,424857,fd1003545,332,1,332
9520,4146,424857,fd621886,159,1,159
9521,4147,20929,fd954054,319,1,319
9522,4147,20929,fd115782,421,1,421
9523,4148,476559,fd289639,65,1,65
9524,4148,476559,fd392119,163,1,163
9525,4149,121980,fd143364,149,2,298
9526,4150,399447,fd936348,140,1,140
9527,4150,399447,fd126970,78,2,156
9528,4150,399447,fd883410,112,2,224
9529,4151,533183,fd1040600,73,1,73
9530,4151,533183,fd887100,67,1,67
9531,4151,533183,fd1040600,73,2,146
9532,4151,533183,fd461392,54,1,54
9533,4152,352800,fd544143,38,1,38
9534,4153,373899,fd562762,145,1,145
9535,4153,373899,fd710074,118,1,118
9536,4153,373899,fd710074,118,1,118
9537,4154,460428,fd133930,197,1,197
9538,4154,460428,fd35515,219,1,219
9539,4155,405696,fd536936,84,1,84
9540,4155,405696,fd215074,55,1,55
9541,4156,75166,fd685958,179,1,179
9542,4156,75166,fd238781,157,1,157
9543,4156,75166,fd939419,180,1,180
9544,4157,66219,fd59771,277,1,277
9545,4158,404252,fd813273,229,1,229
9546,4159,140406,fd204171,324,1,324
9547,4160,571171,fd105196,26,1,26
9548,4161,396878,fd520131,201,1,201
9549,4162,243324,fd119982,89,1,89
9550,4163,515500,fd595760,179,1,179
9551,4164,115153,fd735652,146,1,146
9552,4164,115153,fd847744,263,1,263
9553,4164,115153,fd46179,139,1,139
9554,4165,233569,fd254191,143,2,286
9555,4165,233569,fd247489,230,1,230
9556,4165,233569,fd578706,123,1,123
9557,4165,233569,fd254191,143,1,143
9558,4166,506322,fd99062,242,1,242
9559,4166,506322,fd99062,242,1,242
9560,4167,280351,fd478962,64,1,64
9561,4167,280351,fd320293,119,2,238
9562,4167,280351,fd478962,64,1,64
9563,4167,280351,fd1005352,54,2,108
9564,4168,171159,fd394512,81,1,81
9565,4168,171159,fd120148,234,3,702
9566,4168,171159,fd394512,81,1,81
9567,4168,171159,fd275357,97,1,97
9568,4168,171159,fd57024,243,1,243
9569,4169,9213,fd913475,42,1,42
9570,4170,256154,fd946100,145,1,145
9571,4170,256154,fd490740,167,1,167
9572,4171,301431,fd1023326,276,1,276
9573,4172,454980,fd176174,242,1,242
9574,4172,454980,fd352155,344,3,1032
9575,4173,526546,fd420088,95,1,95
9576,4173,526546,fd1046349,104,2,208
9577,4173,526546,fd518131,171,1,171
9578,4174,35976,fd186318,395,1,395
9579,4174,35976,fd47226,395,1,395
9580,4174,35976,fd5983,175,1,175
9581,4174,35976,fd47270,199,1,199
9582,4174,35976,fd4195,225,1,225
9583,4174,35976,fd322802,280,1,280
9584,4175,23277,fd756131,87,3,261
9585,4175,23277,fd313237,156,1,156
9586,4175,23277,fd756131,87,1,87
9587,4175,23277,fd819721,155,1,155
9588,4176,54053,fd628312,129,1,129
9589,4176,54053,fd8107,172,1,172
9590,4177,48101,fd923177,66,2,132
9591,4178,85022,fd303380,79,1,79
9592,4178,85022,fd303380,79,2,158
9593,4179,393966,fd88257,233,2,466
9594,4180,533883,fd47702,49,1,49
9595,4181,565100,fd872984,31,1,31
9596,4181,565100,fd851160,34,1,34
9597,4182,69457,fd859078,172,1,172
9598,4182,69457,fd15948,284,1,284
9599,4183,419000,fd643101,137,1,137
9600,4183,419000,fd847865,187,1,187
9601,4183,419000,fd944042,196,1,196
9602,4184,572615,fd1014876,176,1,176
9603,4184,572615,fd665296,126,1,126
9604,4184,572615,fd347652,237,1,237
9605,4185,489283,fd791257,28,1,28
9606,4185,489283,fd744536,33,1,33
9607,4186,538570,fd502767,75,1,75
9608,4187,498733,fd1036478,180,1,180
9609,4187,498733,fd1036499,169,1,169
9610,4188,564879,fd539495,143,1,143
9611,4189,133196,fd835202,160,1,160
9612,4190,565357,fd416513,122,1,122
9613,4190,565357,fd581176,124,1,124
9614,4191,205966,fd727489,278,1,278
9615,4191,205966,fd463600,251,1,251
9616,4191,205966,fd884408,135,1,135
9617,4191,205966,fd7743,401,1,401
9618,4192,147220,fd223263,183,1,183
9619,4193,496498,fd86299,80,1,80
9620,4193,496498,fd848245,95,1,95
9621,4193,496498,fd2196,80,1,80
9622,4193,496498,fd669302,80,1,80
9623,4194,140891,fd124806,47,1,48
9624,4195,181148,fd944017,172,2,344
9625,4195,181148,fd141950,234,1,234
9626,4195,181148,fd141950,234,1,234
9627,4196,515963,fd1512,71,1,71
9628,4197,511810,fd74820,200,1,200
9629,4197,511810,fd913538,250,1,250
9630,4197,511810,fd934028,189,1,189
9631,4198,20880,fd143914,129,1,129
9632,4198,20880,fd115838,75,1,75
9633,4198,20880,fd666779,131,1,131
9634,4198,20880,fd115838,75,1,75
9635,4198,20880,fd36808,53,1,53
9636,4199,135424,fd201870,175,1,175
9637,4199,135424,fd139194,82,1,82
9638,4200,501211,fd854924,116,1,116
9639,4201,492816,fd817535,147,2,294
9640,4202,25645,fd248915,320,1,320
9641,4202,25645,fd604330,175,1,175
9642,4203,399904,fd969862,320,1,320
9643,4204,464853,fd208114,180,2,360
9644,4205,391367,fd889660,140,1,140
9645,4205,391367,fd889653,30,1,30
9646,4206,137386,fd743636,113,1,113
9647,4206,137386,fd743636,113,1,113
9648,4207,345364,fd162811,227,1,227
9649,4207,345364,fd605498,218,1,218
9650,4207,345364,fd1008504,227,1,227
9651,4207,345364,fd162811,227,1,227
9652,4207,345364,fd646517,215,1,215
9653,4208,236764,fd910400,103,1,103
9654,4208,236764,fd985828,182,1,182
9655,4208,236764,fd270499,179,1,179
9656,4208,236764,fd1044527,143,1,143
9657,4209,361436,fd617693,175,2,350
9658,4209,361436,fd55403,170,2,340
9659,4210,53469,fd934498,80,1,80
9660,4211,85642,fd552129,129,1,129
9661,4211,85642,fd124578,92,1,92
9662,4211,85642,fd452330,126,2,252
9663,4211,85642,fd747613,102,1,102
9664,4211,85642,fd84413,138,1,138
9665,4212,285471,fd125400,79,1,79
9666,4212,285471,fd280596,44,1,44
9667,4213,263968,fd253140,122,1,122
9668,4214,544484,fd65085,116,1,116
9669,4214,544484,fd38074,190,1,190
9670,4214,544484,fd38074,190,1,190
9671,4215,104491,fd290899,159,1,159
9672,4216,120873,fd202876,50,1,50
9673,4216,120873,fd2663,20,2,40
9674,4216,120873,fd685607,140,1,140
9675,4217,10852,fd419066,268,1,268
9676,4217,10852,fd103646,153,1,153
9677,4218,565805,fd420441,115,1,115
9678,4219,32453,fd603163,38,2,76
9679,4219,32453,fd987014,68,1,68
9680,4219,32453,fd352456,75,1,75
9681,4220,390282,fd812,100,1,100
9682,4221,539035,fd676284,98,1,98
9683,4222,540090,fd230097,176,1,176
9684,4223,161420,fd888809,60,1,60
9685,4223,161420,fd764292,71,1,71
9686,4224,193516,fd48044,191,1,191
9687,4224,193516,fd482068,140,1,140
9688,4225,192762,fd801650,106,1,106
9689,4226,80252,fd1011624,55,1,55
9690,4226,80252,fd751358,124,1,124
9691,4227,136002,fd351239,121,1,121
9692,4227,136002,fd556697,117,1,117
9693,4228,191958,fd123202,233,1,233
9694,4228,191958,fd906187,296,1,296
9695,4229,451803,fd865109,90,1,90
9696,4229,451803,fd768366,89,1,89
9697,4230,100868,fd562260,136,1,136
9698,4231,437621,fd793507,247,1,247
9699,4231,437621,fd680659,221,1,221
9700,4231,437621,fd673640,188,1,188
9701,4232,355837,fd191,308,1,308
9702,4232,355837,fd3728,208,1,208
9703,4232,355837,fd879040,523,3,1569
9704,4232,355837,fd3728,208,1,208
9705,4233,394322,fd90235,219,1,219
9706,4234,137701,fd5536,175,1,175
9707,4234,137701,fd6715,245,1,245
9708,4235,545274,fd955433,96,1,96
9709,4235,545274,fd907804,93,1,93
9710,4236,331919,fd73954,104,1,104
9711,4237,110548,fd486441,216,1,216
9712,4238,84441,fd776633,72,1,72
9713,4238,84441,fd778908,104,1,104
9714,4238,84441,fd197194,38,3,114
9715,4238,84441,fd502265,98,1,98
9716,4238,84441,fd456917,71,1,71
9717,4238,84441,fd502265,98,1,98
9718,4239,105066,fd529700,78,1,78
9719,4240,18201,fd156201,212,1,212
9720,4240,18201,fd774446,92,1,92
9721,4240,18201,fd506693,184,1,184
9722,4240,18201,fd358676,216,1,216
9723,4241,32998,fd739561,218,1,218
9724,4241,32998,fd644159,248,1,248
9725,4242,258320,fd707323,132,1,132
9726,4242,258320,fd215659,176,1,176
9727,4243,5068,fd46168,105,1,105
9728,4243,5068,fd395505,162,1,162
9729,4243,5068,fd395505,162,1,162
9730,4244,521905,fd753976,245,1,245
9731,4245,386008,fd408795,41,2,82
9732,4245,386008,fd944689,41,1,41
9733,4246,441508,fd524440,66,1,66
9734,4246,441508,fd479357,43,1,43
9735,4247,313792,fd648391,54,1,54
9736,4247,313792,fd120078,42,1,42
9737,4248,664,fd962519,115,1,115
9738,4248,664,fd76275,140,1,140
9739,4249,335487,fd511653,105,1,105
9740,4249,335487,fd511653,105,1,105
9741,4249,335487,fd57196,209,3,627
9742,4250,571024,fd689341,236,1,236
9743,4250,571024,fd120077,208,1,208
9744,4250,571024,fd258619,116,1,116
9745,4251,432428,fd63783,213,2,426
9746,4251,432428,fd354388,175,1,175
9747,4251,432428,fd544105,151,1,151
9748,4251,432428,fd354388,175,1,175
9749,4251,432428,fd402468,123,1,123
9750,4252,472631,fd666762,105,2,210
9751,4252,472631,fd386141,107,1,107
9752,4253,458643,fd27081,126,1,126
9753,4254,197227,fd931931,115,1,115
9754,4254,197227,fd602064,178,1,178
9755,4254,197227,fd558352,160,1,160
9756,4255,4981,fd407066,130,1,130
9757,4255,4981,fd407066,130,1,130
9758,4256,190238,fd515093,171,1,171
9759,4256,190238,fd515093,171,1,171
9760,4256,190238,fd512842,100,1,100
9761,4256,190238,fd55886,161,1,161
9762,4257,575907,fd602263,82,1,82
9763,4257,575907,fd784712,58,1,58
9764,4258,463998,fd590738,201,1,201
9765,4259,524002,fd46120,38,1,38
9766,4260,64079,fd225976,240,1,240
9767,4260,64079,fd388045,113,1,113
9768,4261,46868,fd301593,119,1,119
9769,4261,46868,fd301593,119,1,119
9770,4261,46868,fd314314,115,1,115
9771,4262,263653,fd650797,157,1,157
9772,4262,263653,fd673944,113,1,113
9773,4262,263653,fd145340,168,1,168
9774,4263,97669,fd67724,78,1,78
9775,4263,97669,fd612745,112,1,112
9776,4263,97669,fd351118,104,1,104
9777,4264,434392,fd524651,78,2,156
9778,4264,434392,fd771927,68,2,136
9779,4264,434392,fd771927,68,2,136
9780,4264,434392,fd524651,78,1,78
9781,4264,434392,fd771927,68,1,68
9782,4264,434392,fd646305,93,1,93
9783,4265,221403,fd863399,97,1,97
9784,4265,221403,fd728765,114,1,114
9785,4265,221403,fd485770,184,1,184
9786,4265,221403,fd728765,114,1,114
9787,4266,96641,fd101578,194,2,388
9788,4267,340873,fd640010,125,1,125
9789,4267,340873,fd909504,141,3,423
9790,4268,388547,fd929672,69,3,207
9791,4268,388547,fd401490,185,2,370
9792,4268,388547,fd929672,69,1,69
9793,4268,388547,fd712367,162,1,162
9794,4268,388547,fd869370,130,3,390
9795,4268,388547,fd929672,69,1,69
9796,4269,295985,fd643133,139,2,278
9797,4269,295985,fd1023719,198,1,198
9798,4269,295985,fd670881,198,1,198
9799,4269,295985,fd808444,83,1,83
9800,4269,295985,fd327607,223,2,446
9801,4270,291802,fd307834,28,3,84
9802,4271,410205,fd661320,165,1,165
9803,4271,410205,fd381706,172,1,172
9804,4271,410205,fd309614,104,1,104
9805,4271,410205,fd661320,165,1,165
9806,4272,224405,fd111927,165,1,165
9807,4272,224405,fd463154,105,1,105
9808,4273,126405,fd330150,363,2,726
9809,4273,126405,fd448506,143,1,143
9810,4273,126405,fd858189,305,2,610
9811,4274,454885,fd1008093,281,1,281
9812,4275,216245,fd429220,166,1,166
9813,4275,216245,fd74492,162,1,162
9814,4275,216245,fd74492,162,1,162
9815,4276,93710,fd612425,344,1,344
9816,4277,357490,fd285802,119,1,119
9817,4277,357490,fd287619,207,3,621
9818,4277,357490,fd136212,168,1,168
9819,4278,381553,fd227376,40,1,40
9820,4279,543414,fd1047274,76,1,76
9821,4279,543414,fd1047274,76,1,76
9822,4279,543414,fd365860,75,1,75
9823,4280,475307,fd130312,86,1,86
9824,4281,29423,fd707955,59,2,118
9825,4281,29423,fd858866,128,1,128
9826,4282,83274,fd311338,104,1,104
9827,4282,83274,fd132228,80,1,80
9828,4282,83274,fd553929,113,1,113
9829,4283,328075,fd17766,279,1,279
9830,4283,328075,fd978314,180,2,360
9831,4284,88233,fd10879,69,1,69
9832,4284,88233,fd10879,69,2,138
9833,4285,511518,fd112665,70,1,70
9834,4286,107905,fd1039548,61,2,122
9835,4286,107905,fd11388,63,2,126
9836,4286,107905,fd868726,26,1,26
9837,4287,442380,fd897222,61,2,122
9838,4288,475234,fd21177,122,2,244
9839,4288,475234,fd21177,122,1,122
9840,4288,475234,fd337361,158,1,158
9841,4289,517108,fd208000,82,1,82
9842,4290,217519,fd182487,82,1,82
9843,4290,217519,fd265403,60,2,120
9844,4291,537170,fd264169,42,2,84
9845,4291,537170,fd9566,116,1,116
9846,4292,502231,fd708969,216,1,216
9847,4293,291010,fd627596,31,1,31
9848,4293,291010,fd48793,77,1,77
9849,4293,291010,fd294260,59,1,59
9850,4293,291010,fd714828,70,1,70
9851,4294,542000,fd472042,70,1,70
9852,4295,517329,fd17201,129,1,129
9853,4295,517329,fd100778,129,2,258
9854,4295,517329,fd104049,299,1,299
9855,4295,517329,fd100788,139,1,139
9856,4296,157834,fd132844,75,1,75
9857,4297,378938,fd868484,164,2,328
9858,4297,378938,fd829337,129,1,129
9859,4298,576405,fd878391,96,1,96
9860,4298,576405,fd721283,101,1,101
9861,4298,576405,fd529658,112,2,224
9862,4298,576405,fd416845,161,2,322
9863,4298,576405,fd513234,101,1,101
9864,4299,99017,fd1008084,266,1,266
9865,4299,99017,fd664697,305,1,305
9866,4299,99017,fd402088,139,1,139
9867,4300,85976,fd821106,200,2,400
9868,4300,85976,fd821106,200,1,200
9869,4300,85976,fd204929,433,1,433
9870,4301,534688,fd46879,304,1,304
9871,4302,413481,fd220557,84,1,84
9872,4303,311679,fd282086,138,2,276
9873,4304,436455,fd672994,68,1,68
9874,4304,436455,fd305536,55,2,110
9875,4305,42767,fd139775,105,1,105
9876,4306,181340,fd3007,114,1,114
9877,4306,181340,fd871333,100,1,100
9878,4307,184880,fd402057,108,2,216
9879,4307,184880,fd562628,103,1,103
9880,4308,372319,fd947911,396,1,396
9881,4308,372319,fd55920,168,1,168
9882,4309,74296,fd513001,188,1,188
9883,4310,393839,fd844711,914,1,914
9884,4310,393839,fd675453,189,1,189
9885,4311,192029,fd852639,185,1,185
9886,4311,192029,fd852668,80,1,80
9887,4311,192029,fd47229,140,1,140
9888,4311,192029,fd852501,100,2,200
9889,4312,349013,fd407667,77,1,77
9890,4313,472995,fd430645,133,1,133
9891,4314,54057,fd921877,180,1,180
9892,4315,65038,fd307836,238,1,238
9893,4315,65038,fd976607,218,2,436
9894,4315,65038,fd975561,98,1,98
9895,4316,558937,fd822117,202,1,202
9896,4317,38613,fd434655,207,2,414
9897,4317,38613,fd40917,133,1,133
9898,4318,566263,fd85184,319,1,319
9899,4318,566263,fd10242,159,1,159
9900,4318,566263,fd77793,329,1,329
9901,4319,474794,fd716612,104,1,104
9902,4319,474794,fd294299,178,1,178
9903,4320,299472,fd5813,120,1,120
9904,4320,299472,fd63886,169,1,169
9905,4320,299472,fd5824,189,2,378
9906,4321,527357,fd7460,155,1,155
9907,4321,527357,fd744974,222,2,444
9908,4321,527357,fd306036,246,2,492
9909,4321,527357,fd450506,123,1,123
9910,4322,148023,fd568588,223,1,223
9911,4322,148023,fd805422,185,1,185
9912,4322,148023,fd880922,231,1,231
9913,4322,148023,fd568588,223,1,223
9914,4323,346665,fd827874,179,1,179
9915,4324,497051,fd233375,105,1,105
9916,4324,497051,fd883164,99,1,99
9917,4324,497051,fd883164,99,1,99
9918,4325,49841,fd557385,625,1,625
9919,4325,49841,fd557347,113,1,113
9920,4326,18785,fd826017,137,1,137
9921,4327,317974,fd973253,154,1,154
9922,4327,317974,fd750360,127,1,127
9923,4327,317974,fd601886,117,2,234
9924,4328,84409,fd478226,153,1,153
9925,4328,84409,fd478226,153,1,153
9926,4329,444524,fd1002431,161,1,161
9927,4329,444524,fd66901,199,1,199
9928,4330,416512,fd842697,308,1,308
9929,4331,532767,fd726552,144,1,144
9930,4332,64442,fd879254,126,1,126
9931,4333,62923,fd765526,93,2,186
9932,4333,62923,fd304641,180,1,180
9933,4334,207223,fd444082,128,1,128
9934,4334,207223,fd43806,170,2,340
9935,4335,548542,fd882692,84,1,84
9936,4335,548542,fd882692,84,1,84
9937,4336,162283,fd973255,214,1,214
9938,4337,183833,fd841195,135,1,135
9939,4337,183833,fd841195,135,1,135
9940,4337,183833,fd586126,161,1,161
9941,4338,205837,fd138098,403,2,806
9942,4338,205837,fd200244,164,1,164
9943,4338,205837,fd893848,300,2,600
9944,4338,205837,fd457281,354,1,354
9945,4339,182759,fd617758,127,3,381
9946,4339,182759,fd68009,64,2,128
9947,4340,508453,fd574377,111,1,111
9948,4341,526717,fd985950,195,1,195
9949,4341,526717,fd675580,154,1,154
9950,4342,458530,fd369645,174,1,174
9951,4342,458530,fd792485,132,1,132
9952,4342,458530,fd369645,174,1,174
9953,4343,13731,fd357515,272,1,272
9954,4343,13731,fd945691,216,1,216
9955,4344,43128,fd468800,154,1,154
9956,4344,43128,fd14701,118,2,236
9957,4344,43128,fd464471,169,1,169
9958,4344,43128,fd468800,154,1,154
9959,4345,417768,fd201761,185,1,185
9960,4345,417768,fd227070,91,1,91
9961,4345,417768,fd201761,185,1,185
9962,4346,293149,fd181545,134,1,134
9963,4346,293149,fd188738,67,1,67
9964,4346,293149,fd354502,87,1,87
9965,4346,293149,fd426609,67,1,67
9966,4347,357698,fd4492,163,1,163
9967,4348,575618,fd650401,64,1,64
9968,4348,575618,fd35805,156,1,156
9969,4349,533570,fd851741,100,1,100
9970,4349,533570,fd365572,136,1,136
9971,4349,533570,fd189632,77,1,77
9972,4349,533570,fd9641,138,1,138
9973,4349,533570,fd425424,112,1,112
9974,4350,301186,fd621747,257,1,257
9975,4350,301186,fd621747,257,2,514
9976,4350,301186,fd124569,143,2,286
9977,4351,125535,fd627310,158,2,316
9978,4351,125535,fd894951,242,1,242
9979,4352,107443,fd1041740,126,1,126
9980,4352,107443,fd1041748,115,1,115
9981,4353,129129,fd561800,139,1,139
9982,4353,129129,fd567228,61,1,61
9983,4354,138230,fd431605,82,1,82
9984,4354,138230,fd241557,201,1,201
9985,4355,436944,fd222949,119,1,119
9986,4355,436944,fd851482,164,1,164
9987,4356,405028,fd53874,134,1,134
9988,4356,405028,fd412519,201,2,402
9989,4356,405028,fd55891,132,1,132
9990,4356,405028,fd55891,132,1,132
9991,4357,213671,fd606260,133,1,133
9992,4357,213671,fd858991,68,1,68
9993,4357,213671,fd123356,113,1,113
9994,4358,398259,fd305945,62,1,62
9995,4358,398259,fd305945,62,3,186
9996,4359,511505,fd428779,86,1,86
9997,4359,511505,fd504954,233,3,699
9998,4359,511505,fd167747,106,1,106
9999,4359,511505,fd344837,93,2,186
